Position,Name + ID,Name,ID,Roster Position,Salary,Game Info,TeamAbbrev,AvgPointsPerGame
SP,Tarik Skubal (42413939),Tarik Skubal,42413939,P,10300,DET@SD 03/27/2026 09:40PM ET,DET,25.92
SP,Chris Sale (42413634),Chris Sale,42413634,P,9700,KC@ATL 03/27/2026 07:15PM ET,ATL,22.94
SP,Spencer Schwellenbach (42413940),Spencer Schwellenbach,42413940,P,9700,KC@ATL 03/27/2026 07:15PM ET,ATL,20.68
SP,Hunter Brown (42413941),Hunter Brown,42413941,P,9500,LAA@HOU 03/27/2026 08:15PM ET,HOU,21.33
SP,Bryan Woo (42413942),Bryan Woo,42413942,P,9500,CLE@SEA 03/27/2026 09:45PM ET,SEA,20.48
SP,Blake Snell (42413943),Blake Snell,42413943,P,9300,ARI@LAD 03/27/2026 10:10PM ET,LAD,20.55
SP,Yoshinobu Yamamoto (42413944),Yoshinobu Yamamoto,42413944,P,9300,ARI@LAD 03/27/2026 10:10PM ET,LAD,21.89
SP,Cole Ragans (42413635),Cole Ragans,42413635,P,9000,KC@ATL 03/27/2026 07:15PM ET,KC,18.29
SP,Tyler Glasnow (42413945),Tyler Glasnow,42413945,P,8800,ARI@LAD 03/27/2026 10:10PM ET,LAD,15.85
SP,Framber Valdez (42413636),Framber Valdez,42413636,P,8800,DET@SD 03/27/2026 09:40PM ET,DET,18.04
RP,AJ Smith-Shawver (42413946),AJ Smith-Shawver,42413946,P,8700,KC@ATL 03/27/2026 07:15PM ET,ATL,13.26
RP,Spencer Strider (42413947),Spencer Strider,42413947,P,8700,KC@ATL 03/27/2026 07:15PM ET,ATL,14.7
SP,Nick Pivetta (42413948),Nick Pivetta,42413948,P,8700,DET@SD 03/27/2026 09:40PM ET,SD,19.97
SP,George Kirby (42413637),George Kirby,42413637,P,8500,CLE@SEA 03/27/2026 09:45PM ET,SEA,15.86
SP,Luis Castillo (42413949),Luis Castillo,42413949,P,8500,CLE@SEA 03/27/2026 09:45PM ET,SEA,14.86
SP,Logan Gilbert (42413950),Logan Gilbert,42413950,P,8500,CLE@SEA 03/27/2026 09:45PM ET,SEA,17.84
SP,Kevin Gausman (42413638),Kevin Gausman,42413638,P,8300,ATH@TOR 03/27/2026 07:07PM ET,TOR,17.65
SP,Dylan Cease (42413951),Dylan Cease,42413951,P,8300,ATH@TOR 03/27/2026 07:07PM ET,TOR,16.64
SP,Shane Bieber (42413952),Shane Bieber,42413952,P,8300,ATH@TOR 03/27/2026 07:07PM ET,TOR,14.78
SP,Corbin Burnes (42413953),Corbin Burnes,42413953,P,8200,ARI@LAD 03/27/2026 10:10PM ET,ARI,18
SP,Kris Bubic (42413954),Kris Bubic,42413954,P,8000,KC@ATL 03/27/2026 07:15PM ET,KC,18.66
SP,Noah Cameron (42413955),Noah Cameron,42413955,P,8000,KC@ATL 03/27/2026 07:15PM ET,KC,16.26
RP,Seth Lugo (42413956),Seth Lugo,42413956,P,8000,KC@ATL 03/27/2026 07:15PM ET,KC,13.79
SP,Michael Wacha (42413957),Michael Wacha,42413957,P,8000,KC@ATL 03/27/2026 07:15PM ET,KC,13.02
SP,Gavin Williams (42413639),Gavin Williams,42413639,P,8000,CLE@SEA 03/27/2026 09:45PM ET,CLE,17.3
SP,Trey Yesavage (42413959),Trey Yesavage,42413959,P,7800,ATH@TOR 03/27/2026 07:07PM ET,TOR,17.46
SP,Emmet Sheehan (42413640),Emmet Sheehan,42413640,P,7800,ARI@LAD 03/27/2026 10:10PM ET,LAD,13.38
SP,Roki Sasaki (42413958),Roki Sasaki,42413958,P,7800,ARI@LAD 03/27/2026 10:10PM ET,LAD,5.24
SP,Jack Flaherty (42413960),Jack Flaherty,42413960,P,7800,DET@SD 03/27/2026 09:40PM ET,DET,14.92
SP,Hurston Waldrep (42413962),Hurston Waldrep,42413962,P,7700,KC@ATL 03/27/2026 07:15PM ET,ATL,18.28
SP,Merrill Kelly (42413963),Merrill Kelly,42413963,P,7700,ARI@LAD 03/27/2026 10:10PM ET,ARI,16.49
SP,Michael King (42413641),Michael King,42413641,P,7700,DET@SD 03/27/2026 09:40PM ET,SD,14.9
SP,Joe Musgrove (42413961),Joe Musgrove,42413961,P,7700,DET@SD 03/27/2026 09:40PM ET,SD,0
SP,Max Scherzer (42413964),Max Scherzer,42413964,P,7600,ATH@TOR 03/27/2026 07:07PM ET,TOR,12.28
SP,Sandy Alcantara (42413642),Sandy Alcantara,42413642,P,7500,COL@MIA 03/27/2026 07:10PM ET,MIA,12.08
SP,Eury Perez (42413966),Eury Perez,42413966,P,7500,COL@MIA 03/27/2026 07:10PM ET,MIA,15.04
SP,Max Meyer (42413973),Max Meyer,42413973,P,7500,COL@MIA 03/27/2026 07:10PM ET,MIA,14.04
SP,Ronel Blanco (42413970),Ronel Blanco,42413970,P,7500,LAA@HOU 03/27/2026 08:15PM ET,HOU,15.46
SP,Tatsuya Imai (42413971),Tatsuya Imai,42413971,P,7500,LAA@HOU 03/27/2026 08:15PM ET,HOU,0
SP,Brandon Walter (42413972),Brandon Walter,42413972,P,7500,LAA@HOU 03/27/2026 08:15PM ET,HOU,17.44
SP,Logan Evans (42413967),Logan Evans,42413967,P,7500,CLE@SEA 03/27/2026 09:45PM ET,SEA,10.39
SP,Bryce Miller (42413968),Bryce Miller,42413968,P,7500,CLE@SEA 03/27/2026 09:45PM ET,SEA,10.15
SP,Tanner Bibee (42413969),Tanner Bibee,42413969,P,7500,CLE@SEA 03/27/2026 09:45PM ET,CLE,15.49
SP,Reese Olson (42413965),Reese Olson,42413965,P,7500,DET@SD 03/27/2026 09:40PM ET,DET,15.36
SP,Luis Morales (42413975),Luis Morales,42413975,P,7300,ATH@TOR 03/27/2026 07:07PM ET,ATH,14.33
RP,Jacob Lopez (42413976),Jacob Lopez,42413976,P,7300,ATH@TOR 03/27/2026 07:07PM ET,ATH,14.42
RP,Jose Berrios (42413977),Jose Berrios,42413977,P,7300,ATH@TOR 03/27/2026 07:07PM ET,TOR,12.83
RP,Eric Lauer (42413978),Eric Lauer,42413978,P,7300,ATH@TOR 03/27/2026 07:07PM ET,TOR,10.7
SP,Casey Mize (42413974),Casey Mize,42413974,P,7300,DET@SD 03/27/2026 09:40PM ET,DET,14.84
SP,Justin Verlander (42413979),Justin Verlander,42413979,P,7300,DET@SD 03/27/2026 09:40PM ET,DET,12.72
SP,Michael Soroka (42413980),Michael Soroka,42413980,P,7200,ARI@LAD 03/27/2026 10:10PM ET,ARI,9.99
SP,Zac Gallen (42413981),Zac Gallen,42413981,P,7200,ARI@LAD 03/27/2026 10:10PM ET,ARI,14.56
SP,Brandon Pfaadt (42413982),Brandon Pfaadt,42413982,P,7200,ARI@LAD 03/27/2026 10:10PM ET,ARI,11.88
SP,Eduardo Rodriguez (42413983),Eduardo Rodriguez,42413983,P,7200,ARI@LAD 03/27/2026 10:10PM ET,ARI,12.2
SP,Yusei Kikuchi (42413643),Yusei Kikuchi,42413643,P,7000,LAA@HOU 03/27/2026 08:15PM ET,LAA,14.09
SP,Cristian Javier (42413986),Cristian Javier,42413986,P,7000,LAA@HOU 03/27/2026 08:15PM ET,HOU,11.56
SP,Lance McCullers Jr. (42413987),Lance McCullers Jr.,42413987,P,7000,LAA@HOU 03/27/2026 08:15PM ET,HOU,6.77
SP,Grayson Rodriguez (42413988),Grayson Rodriguez,42413988,P,7000,LAA@HOU 03/27/2026 08:15PM ET,LAA,0
SP,Emerson Hancock (42413984),Emerson Hancock,42413984,P,7000,CLE@SEA 03/27/2026 09:45PM ET,SEA,7.41
SP,Parker Messick (42413985),Parker Messick,42413985,P,7000,CLE@SEA 03/27/2026 09:45PM ET,CLE,17.44
SP,Luis Severino (42413644),Luis Severino,42413644,P,6800,ATH@TOR 03/27/2026 07:07PM ET,ATH,11.83
RP,Jeffrey Springs (42413991),Jeffrey Springs,42413991,P,6800,ATH@TOR 03/27/2026 07:07PM ET,ATH,13.07
RP,Aaron Civale (42413992),Aaron Civale,42413992,P,6800,ATH@TOR 03/27/2026 07:07PM ET,ATH,10.16
SP,Slade Cecconi (42413989),Slade Cecconi,42413989,P,6800,CLE@SEA 03/27/2026 09:45PM ET,CLE,13.68
RP,Joey Cantillo (42413990),Joey Cantillo,42413990,P,6800,CLE@SEA 03/27/2026 09:45PM ET,CLE,9.09
SP,Logan Allen (42413998),Logan Allen,42413998,P,6800,CLE@SEA 03/27/2026 09:45PM ET,CLE,11.52
SP,Gavin Stone (42413993),Gavin Stone,42413993,P,6800,ARI@LAD 03/27/2026 10:10PM ET,LAD,0
SP,River Ryan (42413994),River Ryan,42413994,P,6800,ARI@LAD 03/27/2026 10:10PM ET,LAD,0
SP,Bobby Miller (42413995),Bobby Miller,42413995,P,6800,ARI@LAD 03/27/2026 10:10PM ET,LAD,1.42
SP,Landon Knack (42413996),Landon Knack,42413996,P,6800,ARI@LAD 03/27/2026 10:10PM ET,LAD,10.86
SP,Justin Wrobleski (42413997),Justin Wrobleski,42413997,P,6800,ARI@LAD 03/27/2026 10:10PM ET,LAD,8.12
SP,Jackson Jobe (42413999),Jackson Jobe,42413999,P,6800,DET@SD 03/27/2026 09:40PM ET,DET,11.32
SP,Troy Melton (42414000),Troy Melton,42414000,P,6800,DET@SD 03/27/2026 09:40PM ET,DET,7.6
RP,Grant Holmes (42414003),Grant Holmes,42414003,P,6700,KC@ATL 03/27/2026 07:15PM ET,ATL,14.67
RP,Dylan Dodd (42414004),Dylan Dodd,42414004,P,6700,KC@ATL 03/27/2026 07:15PM ET,ATL,3.37
SP,Bryce Elder (42414005),Bryce Elder,42414005,P,6700,KC@ATL 03/27/2026 07:15PM ET,ATL,11.69
RP,Reynaldo Lopez (42414006),Reynaldo Lopez,42414006,P,6700,KC@ATL 03/27/2026 07:15PM ET,ATL,0.65
SP,Yu Darvish (42414001),Yu Darvish,42414001,P,6700,DET@SD 03/27/2026 09:40PM ET,SD,10.92
SP,Griffin Canning (42414002),Griffin Canning,42414002,P,6700,DET@SD 03/27/2026 09:40PM ET,SD,13.3
SP,Walker Buehler (42414007),Walker Buehler,42414007,P,6700,DET@SD 03/27/2026 09:40PM ET,SD,9.55
SP,Michael Lorenzen (42414008),Michael Lorenzen,42414008,P,6600,COL@MIA 03/27/2026 07:10PM ET,COL,12.53
RP,Janson Junk (42414016),Janson Junk,42414016,P,6500,COL@MIA 03/27/2026 07:10PM ET,MIA,11.72
SP,Chris Paddack (42414017),Chris Paddack,42414017,P,6500,COL@MIA 03/27/2026 07:10PM ET,MIA,8.72
SP,Mike Burrows (42413645),Mike Burrows,42413645,P,6500,LAA@HOU 03/27/2026 08:15PM ET,HOU,11.31
SP,Spencer Arrighetti (42414009),Spencer Arrighetti,42414009,P,6500,LAA@HOU 03/27/2026 08:15PM ET,HOU,10.24
RP,Ryan Weiss (42414010),Ryan Weiss,42414010,P,6500,LAA@HOU 03/27/2026 08:15PM ET,HOU,0
RP,Nate Pearson (42414011),Nate Pearson,42414011,P,6500,LAA@HOU 03/27/2026 08:15PM ET,HOU,-0.26
SP,Colton Gordon (42414012),Colton Gordon,42414012,P,6500,LAA@HOU 03/27/2026 08:15PM ET,HOU,9.26
RP,Jason Alexander (42414013),Jason Alexander,42414013,P,6500,LAA@HOU 03/27/2026 08:15PM ET,HOU,9.59
RP,Hayden Wesneski (42414014),Hayden Wesneski,42414014,P,6500,LAA@HOU 03/27/2026 08:15PM ET,HOU,13.4
SP,AJ Blubaugh (42414015),AJ Blubaugh,42414015,P,6500,LAA@HOU 03/27/2026 08:15PM ET,HOU,11.38
1B/OF,Shohei Ohtani (42413648),Shohei Ohtani,42413648,1B/OF,6500,ARI@LAD 03/27/2026 10:10PM ET,LAD,11.59
RP,J.T. Ginn (42414018),J.T. Ginn,42414018,P,6300,ATH@TOR 03/27/2026 07:07PM ET,ATH,10.37
SP,Gunnar Hoglund (42414019),Gunnar Hoglund,42414019,P,6300,ATH@TOR 03/27/2026 07:07PM ET,ATH,7.89
SP,Cody Ponce (42414020),Cody Ponce,42414020,P,6300,ATH@TOR 03/27/2026 07:07PM ET,TOR,0
SS,Bobby Witt Jr. (42413650),Bobby Witt Jr.,42413650,SS,6200,KC@ATL 03/27/2026 07:15PM ET,KC,9.7
SP,Mitch Farris (42414021),Mitch Farris,42414021,P,6200,LAA@HOU 03/27/2026 08:15PM ET,LAA,9.83
SP,Alek Manoah (42414022),Alek Manoah,42414022,P,6200,LAA@HOU 03/27/2026 08:15PM ET,LAA,0
SP,Chase Silseth (42414023),Chase Silseth,42414023,P,6200,LAA@HOU 03/27/2026 08:15PM ET,LAA,3.66
SP,Reid Detmers (42414024),Reid Detmers,42414024,P,6200,LAA@HOU 03/27/2026 08:15PM ET,LAA,3.54
SP,Caden Dana (42414025),Caden Dana,42414025,P,6200,LAA@HOU 03/27/2026 08:15PM ET,LAA,9.05
RP,Jose Soriano (42414026),Jose Soriano,42414026,P,6200,LAA@HOU 03/27/2026 08:15PM ET,LAA,13.54
SP,Ryne Nelson (42413646),Ryne Nelson,42413646,P,6200,ARI@LAD 03/27/2026 10:10PM ET,ARI,12.38
OF,Ronald Acuna Jr. (42413651),Ronald Acuna Jr.,42413651,OF,6100,KC@ATL 03/27/2026 07:15PM ET,ATL,9.42
RP,Mason Black (42414027),Mason Black,42414027,P,6000,KC@ATL 03/27/2026 07:15PM ET,KC,10
RP,Stephen Kolek (42414028),Stephen Kolek,42414028,P,6000,KC@ATL 03/27/2026 07:15PM ET,KC,13.84
RP,Ryan Bergert (42414029),Ryan Bergert,42414029,P,6000,KC@ATL 03/27/2026 07:15PM ET,KC,10.82
SP,Alec Marsh (42414030),Alec Marsh,42414030,P,6000,KC@ATL 03/27/2026 07:15PM ET,KC,0
RP,Bailey Falter (42414031),Bailey Falter,42414031,P,6000,KC@ATL 03/27/2026 07:15PM ET,KC,9.65
RP,Daniel Lynch IV (42414032),Daniel Lynch IV,42414032,P,6000,KC@ATL 03/27/2026 07:15PM ET,KC,2.83
RP,Mitch Spence (42414039),Mitch Spence,42414039,P,6000,KC@ATL 03/27/2026 07:15PM ET,KC,5.11
SP,Kyle Freeland (42413647),Kyle Freeland,42413647,P,6000,COL@MIA 03/27/2026 07:10PM ET,COL,10.08
SP,Tomoyuki Sugano (42414033),Tomoyuki Sugano,42414033,P,6000,COL@MIA 03/27/2026 07:10PM ET,COL,10.37
RP,Jose Quintana (42414034),Jose Quintana,42414034,P,6000,COL@MIA 03/27/2026 07:10PM ET,COL,11.64
SP,Ryan Feltner (42414035),Ryan Feltner,42414035,P,6000,COL@MIA 03/27/2026 07:10PM ET,COL,9.88
SP,Tanner Gordon (42414036),Tanner Gordon,42414036,P,6000,COL@MIA 03/27/2026 07:10PM ET,COL,9.46
SP,Chase Dollander (42414037),Chase Dollander,42414037,P,6000,COL@MIA 03/27/2026 07:10PM ET,COL,7.41
SP,Joey Lucchesi (42414038),Joey Lucchesi,42414038,P,6000,LAA@HOU 03/27/2026 08:15PM ET,LAA,2.29
RP,Cooper Criswell (42414040),Cooper Criswell,42414040,P,6000,CLE@SEA 03/27/2026 09:45PM ET,SEA,4.79
OF,Corbin Carroll (42413652),Corbin Carroll,42413652,OF,6000,ARI@LAD 03/27/2026 10:10PM ET,ARI,10.45
1B,Vladimir Guerrero Jr. (42413653),Vladimir Guerrero Jr.,42413653,1B,5900,ATH@TOR 03/27/2026 07:07PM ET,TOR,8.95
RP,Jack Perkins (42414041),Jack Perkins,42414041,P,5800,ATH@TOR 03/27/2026 07:07PM ET,ATH,9.07
RP,Hogan Harris (42414042),Hogan Harris,42414042,P,5800,ATH@TOR 03/27/2026 07:07PM ET,ATH,3.85
C,Cal Raleigh (42413654),Cal Raleigh,42413654,C,5800,CLE@SEA 03/27/2026 09:45PM ET,SEA,10.44
SP,Keider Montero (42414043),Keider Montero,42414043,P,5800,DET@SD 03/27/2026 09:40PM ET,DET,9.4
RP,Joey Wentz (42414050),Joey Wentz,42414050,P,5700,KC@ATL 03/27/2026 07:15PM ET,ATL,5.27
RP,Jose Suarez (42414051),Jose Suarez,42414051,P,5700,KC@ATL 03/27/2026 07:15PM ET,ATL,8.64
RP,Osvaldo Bido (42414052),Osvaldo Bido,42414052,P,5700,KC@ATL 03/27/2026 07:15PM ET,ATL,5.34
RP,Didier Fuentes (42414053),Didier Fuentes,42414053,P,5700,KC@ATL 03/27/2026 07:15PM ET,ATL,-1.34
OF,Fernando Tatis Jr. (42413655),Fernando Tatis Jr.,42413655,OF,5700,DET@SD 03/27/2026 09:40PM ET,SD,9.14
RP,Jhony Brito (42414044),Jhony Brito,42414044,P,5700,DET@SD 03/27/2026 09:40PM ET,SD,0
SP,Randy Vasquez (42414045),Randy Vasquez,42414045,P,5700,DET@SD 03/27/2026 09:40PM ET,SD,9.16
SP,Kyle Hart (42414046),Kyle Hart,42414046,P,5700,DET@SD 03/27/2026 09:40PM ET,SD,4.75
SP,JP Sears (42414047),JP Sears,42414047,P,5700,DET@SD 03/27/2026 09:40PM ET,SD,11.56
SP,German Marquez (42414048),German Marquez,42414048,P,5700,DET@SD 03/27/2026 09:40PM ET,SD,5.42
SP,Matt Waldron (42414049),Matt Waldron,42414049,P,5700,DET@SD 03/27/2026 09:40PM ET,SD,1.3
3B,Jose Ramirez (42413656),Jose Ramirez,42413656,3B,5600,CLE@SEA 03/27/2026 09:45PM ET,CLE,9.68
SP,Dax Fulton (42414054),Dax Fulton,42414054,P,5500,COL@MIA 03/27/2026 07:10PM ET,MIA,0
SP,Braxton Garrett (42414055),Braxton Garrett,42414055,P,5500,COL@MIA 03/27/2026 07:10PM ET,MIA,0
RP,Ryan Gusto (42414056),Ryan Gusto,42414056,P,5500,COL@MIA 03/27/2026 07:10PM ET,MIA,8.53
SP,Adam Mazur (42414057),Adam Mazur,42414057,P,5500,COL@MIA 03/27/2026 07:10PM ET,MIA,7.65
RP,Sam Aldegheri (42414058),Sam Aldegheri,42414058,P,5500,LAA@HOU 03/27/2026 08:15PM ET,LAA,2.59
SP,Jack Kochanowicz (42414059),Jack Kochanowicz,42414059,P,5500,LAA@HOU 03/27/2026 08:15PM ET,LAA,5.12
RP,Ryan Johnson (42414060),Ryan Johnson,42414060,P,5500,LAA@HOU 03/27/2026 08:15PM ET,LAA,1.97
OF,Kyle Tucker (42413657),Kyle Tucker,42413657,OF,5500,ARI@LAD 03/27/2026 10:10PM ET,LAD,9.08
1B,Nick Kurtz (42413658),Nick Kurtz,42413658,1B,5400,ATH@TOR 03/27/2026 07:07PM ET,ATH,10.02
OF,George Springer (42413659),George Springer,42413659,OF,5300,ATH@TOR 03/27/2026 07:07PM ET,TOR,9.76
SP,Luis Medina (42414061),Luis Medina,42414061,P,5300,ATH@TOR 03/27/2026 07:07PM ET,ATH,0
SP,Joey Estes (42414062),Joey Estes,42414062,P,5300,ATH@TOR 03/27/2026 07:07PM ET,ATH,-0.35
OF,Yordan Alvarez (42413660),Yordan Alvarez,42413660,OF,5200,LAA@HOU 03/27/2026 08:15PM ET,HOU,7.12
2B,Ketel Marte (42413661),Ketel Marte,42413661,2B,5100,ARI@LAD 03/27/2026 10:10PM ET,ARI,9.08
SP,Antonio Senzatela (42414063),Antonio Senzatela,42414063,P,5000,COL@MIA 03/27/2026 07:10PM ET,COL,3.81
SP,McCade Brown (42414064),McCade Brown,42414064,P,5000,COL@MIA 03/27/2026 07:10PM ET,COL,4.36
OF,Julio Rodriguez (42413662),Julio Rodriguez,42413662,OF,5000,CLE@SEA 03/27/2026 09:45PM ET,SEA,9.36
3B,Manny Machado (42413663),Manny Machado,42413663,3B,5000,DET@SD 03/27/2026 09:40PM ET,SD,8.27
OF,Brent Rooker (42413664),Brent Rooker,42413664,OF,4900,ATH@TOR 03/27/2026 07:07PM ET,ATH,8.2
3B,Maikel Garcia (42413665),Maikel Garcia,42413665,3B,4900,KC@ATL 03/27/2026 07:15PM ET,KC,7.98
1B,Matt Olson (42413667),Matt Olson,42413667,1B,4800,KC@ATL 03/27/2026 07:15PM ET,ATL,8.56
OF,Randy Arozarena (42413666),Randy Arozarena,42413666,OF,4800,CLE@SEA 03/27/2026 09:45PM ET,SEA,8.58
C,Shea Langeliers (42413670),Shea Langeliers,42413670,C,4700,ATH@TOR 03/27/2026 07:07PM ET,ATH,8.75
1B,Freddie Freeman (42413669),Freddie Freeman,42413669,1B,4700,ARI@LAD 03/27/2026 10:10PM ET,LAD,8.37
OF,Jackson Merrill (42413668),Jackson Merrill,42413668,OF,4700,DET@SD 03/27/2026 09:40PM ET,SD,7.64
3B,Austin Riley (42413671),Austin Riley,42413671,3B,4600,KC@ATL 03/27/2026 07:15PM ET,ATL,7.52
OF,Jakob Marsee (42413673),Jakob Marsee,42413673,OF,4600,COL@MIA 03/27/2026 07:10PM ET,MIA,9.26
SS,Geraldo Perdomo (42413672),Geraldo Perdomo,42413672,SS,4600,ARI@LAD 03/27/2026 10:10PM ET,ARI,9.25
1B,Vinnie Pasquantino (42413674),Vinnie Pasquantino,42413674,1B,4500,KC@ATL 03/27/2026 07:15PM ET,KC,7.96
OF,Mike Trout (42413676),Mike Trout,42413676,OF,4500,LAA@HOU 03/27/2026 08:15PM ET,LAA,7.72
SS,Mookie Betts (42413675),Mookie Betts,42413675,SS,4500,ARI@LAD 03/27/2026 10:10PM ET,LAD,7.67
SS,Jacob Wilson (42413680),Jacob Wilson,42413680,SS,4400,ATH@TOR 03/27/2026 07:07PM ET,ATH,7.51
C,Drake Baldwin (42413678),Drake Baldwin,42413678,C,4400,KC@ATL 03/27/2026 07:15PM ET,ATL,6.96
OF,Kyle Stowers (42413870),Kyle Stowers,42413870,OF,4400,COL@MIA 03/27/2026 07:10PM ET,MIA,8.34
2B,Jose Altuve (42413677),Jose Altuve,42413677,2B,4400,LAA@HOU 03/27/2026 08:15PM ET,HOU,7.63
OF,Riley Greene (42413679),Riley Greene,42413679,OF,4400,DET@SD 03/27/2026 09:40PM ET,DET,8.07
3B/OF,Addison Barger (42413685),Addison Barger,42413685,3B/OF,4300,ATH@TOR 03/27/2026 07:07PM ET,TOR,7.02
C,Salvador Perez (42413684),Salvador Perez,42413684,C,4300,KC@ATL 03/27/2026 07:15PM ET,KC,7.04
SS,Jeremy Pena (42413682),Jeremy Pena,42413682,SS,4300,LAA@HOU 03/27/2026 08:15PM ET,HOU,8.74
1B,Kyle Manzardo (42413683),Kyle Manzardo,42413683,1B,4300,CLE@SEA 03/27/2026 09:45PM ET,CLE,6.4
OF,Teoscar Hernandez (42413681),Teoscar Hernandez,42413681,OF,4300,ARI@LAD 03/27/2026 10:10PM ET,LAD,7.64
C,Hunter Goodman (42413689),Hunter Goodman,42413689,C,4200,COL@MIA 03/27/2026 07:10PM ET,COL,8.02
SS,Zach Neto (42413690),Zach Neto,42413690,SS,4200,LAA@HOU 03/27/2026 08:15PM ET,LAA,8.91
1B,Josh Naylor (42413688),Josh Naylor,42413688,1B,4200,CLE@SEA 03/27/2026 09:45PM ET,SEA,8.79
3B,Max Muncy (42413691),Max Muncy,42413691,3B,4200,ARI@LAD 03/27/2026 10:10PM ET,LAD,7.59
OF,Kerry Carpenter (42413687),Kerry Carpenter,42413687,OF,4200,DET@SD 03/27/2026 09:40PM ET,DET,6.94
OF,Tyler Soderstrom (42413693),Tyler Soderstrom,42413693,OF,4100,ATH@TOR 03/27/2026 07:07PM ET,ATH,7.65
2B,Ozzie Albies (42413692),Ozzie Albies,42413692,2B,4100,KC@ATL 03/27/2026 07:15PM ET,ATL,6.92
3B,Yoan Moncada (42413695),Yoan Moncada,42413695,3B,4100,LAA@HOU 03/27/2026 08:15PM ET,LAA,6.19
1B,Spencer Torkelson (42413694),Spencer Torkelson,42413694,1B,4100,DET@SD 03/27/2026 09:40PM ET,DET,7.52
3B,Kazuma Okamoto (42413701),Kazuma Okamoto,42413701,3B,4000,ATH@TOR 03/27/2026 07:07PM ET,TOR,0
RP,Brady Basso (42414072),Brady Basso,42414072,P,4000,ATH@TOR 03/27/2026 07:07PM ET,ATH,2.51
RP,Mason Barnett (42414073),Mason Barnett,42414073,P,4000,ATH@TOR 03/27/2026 07:07PM ET,ATH,6.69
SP,Jake Bloss (42414078),Jake Bloss,42414078,P,4000,ATH@TOR 03/27/2026 07:07PM ET,TOR,0
SP,Ricky Tiedemann (42414083),Ricky Tiedemann,42414083,P,4000,ATH@TOR 03/27/2026 07:07PM ET,TOR,0
SP,Braden Nett (42414091),Braden Nett,42414091,P,4000,ATH@TOR 03/27/2026 07:07PM ET,ATH,0
RP,Spencer Miles (42414099),Spencer Miles,42414099,P,4000,ATH@TOR 03/27/2026 07:07PM ET,TOR,0
SP,Henry Baez (42414102),Henry Baez,42414102,P,4000,ATH@TOR 03/27/2026 07:07PM ET,ATH,0
RP,Lazaro Estrada (42414104),Lazaro Estrada,42414104,P,4000,ATH@TOR 03/27/2026 07:07PM ET,TOR,7.35
SP,Chen Zhong-Ao Zhuang (42414106),Chen Zhong-Ao Zhuang,42414106,P,4000,ATH@TOR 03/27/2026 07:07PM ET,ATH,0
SP,Adam Macko (42414111),Adam Macko,42414111,P,4000,ATH@TOR 03/27/2026 07:07PM ET,TOR,0
SP,Angel Bastardo (42414115),Angel Bastardo,42414115,P,4000,ATH@TOR 03/27/2026 07:07PM ET,TOR,0
RP,Bowden Francis (42414132),Bowden Francis,42414132,P,4000,ATH@TOR 03/27/2026 07:07PM ET,TOR,7.64
RP,Tommy Nance (42414134),Tommy Nance,42414134,P,4000,ATH@TOR 03/27/2026 07:07PM ET,TOR,3.28
RP,Mark Leiter Jr. (42414138),Mark Leiter Jr.,42414138,P,4000,ATH@TOR 03/27/2026 07:07PM ET,ATH,2.36
RP,Scott Barlow (42414139),Scott Barlow,42414139,P,4000,ATH@TOR 03/27/2026 07:07PM ET,ATH,2.83
RP,Michael Kelly (42414148),Michael Kelly,42414148,P,4000,ATH@TOR 03/27/2026 07:07PM ET,ATH,2.54
RP,Braydon Fisher (42414153),Braydon Fisher,42414153,P,4000,ATH@TOR 03/27/2026 07:07PM ET,TOR,3.67
RP,Eduarniel Nunez (42414155),Eduarniel Nunez,42414155,P,4000,ATH@TOR 03/27/2026 07:07PM ET,ATH,1.83
RP,Brendon Little (42414163),Brendon Little,42414163,P,4000,ATH@TOR 03/27/2026 07:07PM ET,TOR,2.89
RP,Yimi Garcia (42414164),Yimi Garcia,42414164,P,4000,ATH@TOR 03/27/2026 07:07PM ET,TOR,3.08
RP,Justin Sterner (42414174),Justin Sterner,42414174,P,4000,ATH@TOR 03/27/2026 07:07PM ET,ATH,3.58
RP,Louis Varland (42414184),Louis Varland,42414184,P,4000,ATH@TOR 03/27/2026 07:07PM ET,TOR,3.07
RP,Jeff Hoffman (42414188),Jeff Hoffman,42414188,P,4000,ATH@TOR 03/27/2026 07:07PM ET,TOR,3.61
RP,Tyler Rogers (42414190),Tyler Rogers,42414190,P,4000,ATH@TOR 03/27/2026 07:07PM ET,TOR,2.56
RP,Tyler Ferguson (42414209),Tyler Ferguson,42414209,P,4000,ATH@TOR 03/27/2026 07:07PM ET,ATH,2.6
RP,Mason Fluharty (42414223),Mason Fluharty,42414223,P,4000,ATH@TOR 03/27/2026 07:07PM ET,TOR,2.7
RP,Chase Lee (42414250),Chase Lee,42414250,P,4000,ATH@TOR 03/27/2026 07:07PM ET,TOR,3.51
RP,Elvis Alvarado (42414260),Elvis Alvarado,42414260,P,4000,ATH@TOR 03/27/2026 07:07PM ET,ATH,3.63
OF,Jac Caglianone (42413697),Jac Caglianone,42413697,OF,4000,KC@ATL 03/27/2026 07:15PM ET,KC,4.64
RP,James McArthur (42414065),James McArthur,42414065,P,4000,KC@ATL 03/27/2026 07:15PM ET,KC,0
RP,Jhancarlos Lara (42414074),Jhancarlos Lara,42414074,P,4000,KC@ATL 03/27/2026 07:15PM ET,ATL,0
SP,Ben Kudrna (42414077),Ben Kudrna,42414077,P,4000,KC@ATL 03/27/2026 07:15PM ET,KC,0
SP,Steven Zobac (42414093),Steven Zobac,42414093,P,4000,KC@ATL 03/27/2026 07:15PM ET,KC,0
RP,Eric Cerantola (42414097),Eric Cerantola,42414097,P,4000,KC@ATL 03/27/2026 07:15PM ET,KC,0
RP,Joe Jimenez (42414120),Joe Jimenez,42414120,P,4000,KC@ATL 03/27/2026 07:15PM ET,ATL,0
RP,Carlos Estevez (42414144),Carlos Estevez,42414144,P,4000,KC@ATL 03/27/2026 07:15PM ET,KC,2.87
RP,Alex Lange (42414147),Alex Lange,42414147,P,4000,KC@ATL 03/27/2026 07:15PM ET,KC,2.45
RP,Aaron Bummer (42414149),Aaron Bummer,42414149,P,4000,KC@ATL 03/27/2026 07:15PM ET,ATL,3.4
RP,Lucas Erceg (42414152),Lucas Erceg,42414152,P,4000,KC@ATL 03/27/2026 07:15PM ET,KC,3.02
RP,Matt Strahm (42414156),Matt Strahm,42414156,P,4000,KC@ATL 03/27/2026 07:15PM ET,KC,3.11
RP,John Schreiber (42414168),John Schreiber,42414168,P,4000,KC@ATL 03/27/2026 07:15PM ET,KC,2.43
RP,Robert Suarez (42414197),Robert Suarez,42414197,P,4000,KC@ATL 03/27/2026 07:15PM ET,ATL,3.36
RP,Steven Cruz (42414208),Steven Cruz,42414208,P,4000,KC@ATL 03/27/2026 07:15PM ET,KC,2.55
RP,Rolddy Munoz (42414213),Rolddy Munoz,42414213,P,4000,KC@ATL 03/27/2026 07:15PM ET,ATL,0.55
RP,Luinder Avila (42414214),Luinder Avila,42414214,P,4000,KC@ATL 03/27/2026 07:15PM ET,KC,4.28
RP,Raisel Iglesias (42414217),Raisel Iglesias,42414217,P,4000,KC@ATL 03/27/2026 07:15PM ET,ATL,3.21
RP,Daysbel Hernandez (42414222),Daysbel Hernandez,42414222,P,4000,KC@ATL 03/27/2026 07:15PM ET,ATL,2.61
RP,Hunter Stratton (42414229),Hunter Stratton,42414229,P,4000,KC@ATL 03/27/2026 07:15PM ET,ATL,2.46
RP,Eli Morgan (42414235),Eli Morgan,42414235,P,4000,KC@ATL 03/27/2026 07:15PM ET,KC,-0.64
RP,Nick Mears (42414236),Nick Mears,42414236,P,4000,KC@ATL 03/27/2026 07:15PM ET,KC,2.58
RP,Hayden Harris (42414237),Hayden Harris,42414237,P,4000,KC@ATL 03/27/2026 07:15PM ET,ATL,0.33
RP,Danny Young (42414238),Danny Young,42414238,P,4000,KC@ATL 03/27/2026 07:15PM ET,ATL,2.9
RP,Dylan Lee (42414239),Dylan Lee,42414239,P,4000,KC@ATL 03/27/2026 07:15PM ET,ATL,3.02
RP,Tyler Kinley (42414241),Tyler Kinley,42414241,P,4000,KC@ATL 03/27/2026 07:15PM ET,ATL,2.96
RP,Joel Payamps (42414245),Joel Payamps,42414245,P,4000,KC@ATL 03/27/2026 07:15PM ET,ATL,1.4
RP,Kyle Nelson (42414265),Kyle Nelson,42414265,P,4000,KC@ATL 03/27/2026 07:15PM ET,ATL,0.5
RP,Hector Neris (42414266),Hector Neris,42414266,P,4000,KC@ATL 03/27/2026 07:15PM ET,KC,2.13
RP,John Brebbia (42414066),John Brebbia,42414066,P,4000,COL@MIA 03/27/2026 07:10PM ET,COL,1.91
RP,Carson Palmquist (42414067),Carson Palmquist,42414067,P,4000,COL@MIA 03/27/2026 07:10PM ET,COL,2.16
SP,Pierson Ohl (42414068),Pierson Ohl,42414068,P,4000,COL@MIA 03/27/2026 07:10PM ET,COL,4.32
RP,Tyler Phillips (42414069),Tyler Phillips,42414069,P,4000,COL@MIA 03/27/2026 07:10PM ET,MIA,3.42
RP,Calvin Faucher (42414070),Calvin Faucher,42414070,P,4000,COL@MIA 03/27/2026 07:10PM ET,MIA,2.74
SP,Bradley Blalock (42414071),Bradley Blalock,42414071,P,4000,COL@MIA 03/27/2026 07:10PM ET,MIA,0.39
RP,Keegan Thompson (42414076),Keegan Thompson,42414076,P,4000,COL@MIA 03/27/2026 07:10PM ET,COL,0
RP,Jeff Criswell (42414079),Jeff Criswell,42414079,P,4000,COL@MIA 03/27/2026 07:10PM ET,COL,0
RP,RJ Petit (42414088),RJ Petit,42414088,P,4000,COL@MIA 03/27/2026 07:10PM ET,COL,0
RP,Josh White (42414092),Josh White,42414092,P,4000,COL@MIA 03/27/2026 07:10PM ET,MIA,0
RP,Garrett Acton (42414098),Garrett Acton,42414098,P,4000,COL@MIA 03/27/2026 07:10PM ET,MIA,1.05
RP,Andrew Nardi (42414100),Andrew Nardi,42414100,P,4000,COL@MIA 03/27/2026 07:10PM ET,MIA,0
SP,Gabriel Hughes (42414105),Gabriel Hughes,42414105,P,4000,COL@MIA 03/27/2026 07:10PM ET,COL,0
RP,William Kempner (42414110),William Kempner,42414110,P,4000,COL@MIA 03/27/2026 07:10PM ET,MIA,0
RP,Welinton Herrera (42414113),Welinton Herrera,42414113,P,4000,COL@MIA 03/27/2026 07:10PM ET,COL,0
RP,Anthony Bender (42414133),Anthony Bender,42414133,P,4000,COL@MIA 03/27/2026 07:10PM ET,MIA,2.96
RP,Seth Halvorsen (42414140),Seth Halvorsen,42414140,P,4000,COL@MIA 03/27/2026 07:10PM ET,COL,2
RP,Cade Gibson (42414151),Cade Gibson,42414151,P,4000,COL@MIA 03/27/2026 07:10PM ET,MIA,3.42
RP,Victor Vodnik (42414154),Victor Vodnik,42414154,P,4000,COL@MIA 03/27/2026 07:10PM ET,COL,2.91
RP,Luis Peralta (42414158),Luis Peralta,42414158,P,4000,COL@MIA 03/27/2026 07:10PM ET,COL,0.51
RP,Jimmy Herget (42414173),Jimmy Herget,42414173,P,4000,COL@MIA 03/27/2026 07:10PM ET,COL,4.14
RP,Ronny Henriquez (42414176),Ronny Henriquez,42414176,P,4000,COL@MIA 03/27/2026 07:10PM ET,MIA,4.38
RP,Jaden Hill (42414193),Jaden Hill,42414193,P,4000,COL@MIA 03/27/2026 07:10PM ET,COL,3.03
RP,Lake Bachar (42414219),Lake Bachar,42414219,P,4000,COL@MIA 03/27/2026 07:10PM ET,MIA,4.28
RP,Zach Agnos (42414220),Zach Agnos,42414220,P,4000,COL@MIA 03/27/2026 07:10PM ET,COL,1.28
RP,John King (42414224),John King,42414224,P,4000,COL@MIA 03/27/2026 07:10PM ET,MIA,1.48
RP,Pete Fairbanks (42414240),Pete Fairbanks,42414240,P,4000,COL@MIA 03/27/2026 07:10PM ET,MIA,3.17
RP,Juan Mejia (42414252),Juan Mejia,42414252,P,4000,COL@MIA 03/27/2026 07:10PM ET,COL,3.25
RP,Brennan Bernardino (42414256),Brennan Bernardino,42414256,P,4000,COL@MIA 03/27/2026 07:10PM ET,COL,2.57
RP,Michael Petersen (42414270),Michael Petersen,42414270,P,4000,COL@MIA 03/27/2026 07:10PM ET,MIA,2.9
1B,Christian Walker (42413699),Christian Walker,42413699,1B,4000,LAA@HOU 03/27/2026 08:15PM ET,HOU,7.06
SP,Miguel Ullola (42414084),Miguel Ullola,42414084,P,4000,LAA@HOU 03/27/2026 08:15PM ET,HOU,0
SP,Walbert Urena (42414089),Walbert Urena,42414089,P,4000,LAA@HOU 03/27/2026 08:15PM ET,LAA,0
SP,Peter Lambert (42414117),Peter Lambert,42414117,P,4000,LAA@HOU 03/27/2026 08:15PM ET,HOU,0
RP,Enyel De Los Santos (42414122),Enyel De Los Santos,42414122,P,4000,LAA@HOU 03/27/2026 08:15PM ET,HOU,2.77
RP,Roddery Munoz (42414124),Roddery Munoz,42414124,P,4000,LAA@HOU 03/27/2026 08:15PM ET,HOU,2.44
RP,Victor Mederos (42414125),Victor Mederos,42414125,P,4000,LAA@HOU 03/27/2026 08:15PM ET,LAA,3.69
RP,Kai-Wei Teng (42414126),Kai-Wei Teng,42414126,P,4000,LAA@HOU 03/27/2026 08:15PM ET,HOU,9.87
RP,Josh Hader (42414136),Josh Hader,42414136,P,4000,LAA@HOU 03/27/2026 08:15PM ET,HOU,5.05
RP,Robert Stephenson (42414141),Robert Stephenson,42414141,P,4000,LAA@HOU 03/27/2026 08:15PM ET,LAA,3.16
RP,Sam Bachman (42414142),Sam Bachman,42414142,P,4000,LAA@HOU 03/27/2026 08:15PM ET,LAA,1.82
RP,Drew Pomeranz (42414150),Drew Pomeranz,42414150,P,4000,LAA@HOU 03/27/2026 08:15PM ET,LAA,3.2
RP,Bennett Sousa (42414166),Bennett Sousa,42414166,P,4000,LAA@HOU 03/27/2026 08:15PM ET,HOU,4.29
RP,Kirby Yates (42414177),Kirby Yates,42414177,P,4000,LAA@HOU 03/27/2026 08:15PM ET,LAA,2.63
RP,Jayden Murray (42414192),Jayden Murray,42414192,P,4000,LAA@HOU 03/27/2026 08:15PM ET,HOU,3.38
RP,Bryan Abreu (42414201),Bryan Abreu,42414201,P,4000,LAA@HOU 03/27/2026 08:15PM ET,HOU,4.2
RP,Christian Roa (42414211),Christian Roa,42414211,P,4000,LAA@HOU 03/27/2026 08:15PM ET,HOU,5.18
RP,Steven Okert (42414212),Steven Okert,42414212,P,4000,LAA@HOU 03/27/2026 08:15PM ET,HOU,3.73
RP,Ryan Zeferjahn (42414234),Ryan Zeferjahn,42414234,P,4000,LAA@HOU 03/27/2026 08:15PM ET,LAA,2.99
RP,Jordan Romano (42414242),Jordan Romano,42414242,P,4000,LAA@HOU 03/27/2026 08:15PM ET,LAA,1.65
RP,Jose Fermin (42414243),Jose Fermin,42414243,P,4000,LAA@HOU 03/27/2026 08:15PM ET,LAA,2.6
RP,Bryan King (42414247),Bryan King,42414247,P,4000,LAA@HOU 03/27/2026 08:15PM ET,HOU,3.29
RP,Brent Suter (42414263),Brent Suter,42414263,P,4000,LAA@HOU 03/27/2026 08:15PM ET,LAA,2.94
RP,Ben Joyce (42414264),Ben Joyce,42414264,P,4000,LAA@HOU 03/27/2026 08:15PM ET,LAA,1.23
OF,Steven Kwan (42413696),Steven Kwan,42413696,OF,4000,CLE@SEA 03/27/2026 09:45PM ET,CLE,7.29
RP,Alex Hoppe (42414075),Alex Hoppe,42414075,P,4000,CLE@SEA 03/27/2026 09:45PM ET,SEA,0
RP,Franco Aleman (42414080),Franco Aleman,42414080,P,4000,CLE@SEA 03/27/2026 09:45PM ET,CLE,0
SP,Austin Peterson (42414087),Austin Peterson,42414087,P,4000,CLE@SEA 03/27/2026 09:45PM ET,CLE,0
RP,Robinson Ortiz (42414090),Robinson Ortiz,42414090,P,4000,CLE@SEA 03/27/2026 09:45PM ET,SEA,0
RP,Peyton Pallette (42414094),Peyton Pallette,42414094,P,4000,CLE@SEA 03/27/2026 09:45PM ET,CLE,0
RP,Domingo Gonzalez (42414096),Domingo Gonzalez,42414096,P,4000,CLE@SEA 03/27/2026 09:45PM ET,SEA,0
RP,Yorman Gomez (42414103),Yorman Gomez,42414103,P,4000,CLE@SEA 03/27/2026 09:45PM ET,CLE,0
SP,Daniel Espino (42414118),Daniel Espino,42414118,P,4000,CLE@SEA 03/27/2026 09:45PM ET,CLE,0
RP,Blas Castano (42414123),Blas Castano,42414123,P,4000,CLE@SEA 03/27/2026 09:45PM ET,SEA,-1.45
RP,Shawn Armstrong (42414129),Shawn Armstrong,42414129,P,4000,CLE@SEA 03/27/2026 09:45PM ET,CLE,3.57
SP,Doug Nikhazy (42414131),Doug Nikhazy,42414131,P,4000,CLE@SEA 03/27/2026 09:45PM ET,CLE,0.2
RP,Hunter Gaddis (42414137),Hunter Gaddis,42414137,P,4000,CLE@SEA 03/27/2026 09:45PM ET,CLE,2.81
RP,Codi Heuer (42414143),Codi Heuer,42414143,P,4000,CLE@SEA 03/27/2026 09:45PM ET,CLE,3.63
RP,Carlos Vargas (42414145),Carlos Vargas,42414145,P,4000,CLE@SEA 03/27/2026 09:45PM ET,SEA,2.27
RP,Connor Brogdon (42414165),Connor Brogdon,42414165,P,4000,CLE@SEA 03/27/2026 09:45PM ET,CLE,2.85
RP,Casey Legumina (42414170),Casey Legumina,42414170,P,4000,CLE@SEA 03/27/2026 09:45PM ET,SEA,2.74
RP,Tim Herrin (42414171),Tim Herrin,42414171,P,4000,CLE@SEA 03/27/2026 09:45PM ET,CLE,2.22
RP,Eduard Bazardo (42414175),Eduard Bazardo,42414175,P,4000,CLE@SEA 03/27/2026 09:45PM ET,SEA,3.74
RP,Cade Smith (42414180),Cade Smith,42414180,P,4000,CLE@SEA 03/27/2026 09:45PM ET,CLE,4.15
RP,Matt Festa (42414183),Matt Festa,42414183,P,4000,CLE@SEA 03/27/2026 09:45PM ET,CLE,2.65
RP,Cole Wilcox (42414187),Cole Wilcox,42414187,P,4000,CLE@SEA 03/27/2026 09:45PM ET,SEA,-5.95
RP,Erik Sabrowski (42414191),Erik Sabrowski,42414191,P,4000,CLE@SEA 03/27/2026 09:45PM ET,CLE,3.25
RP,Jose A. Ferrer (42414198),Jose A. Ferrer,42414198,P,4000,CLE@SEA 03/27/2026 09:45PM ET,SEA,2.66
RP,Josh Simpson (42414203),Josh Simpson,42414203,P,4000,CLE@SEA 03/27/2026 09:45PM ET,SEA,2.24
RP,Colin Holderman (42414204),Colin Holderman,42414204,P,4000,CLE@SEA 03/27/2026 09:45PM ET,CLE,0.94
RP,Matt Brash (42414206),Matt Brash,42414206,P,4000,CLE@SEA 03/27/2026 09:45PM ET,SEA,3.26
RP,Ryan Loutos (42414210),Ryan Loutos,42414210,P,4000,CLE@SEA 03/27/2026 09:45PM ET,SEA,-0.42
RP,Andrew Walters (42414215),Andrew Walters,42414215,P,4000,CLE@SEA 03/27/2026 09:45PM ET,CLE,0.9
RP,Andres Munoz (42414221),Andres Munoz,42414221,P,4000,CLE@SEA 03/27/2026 09:45PM ET,SEA,3.94
RP,Gabe Speier (42414226),Gabe Speier,42414226,P,4000,CLE@SEA 03/27/2026 09:45PM ET,SEA,3.2
RP,Troy Taylor (42414246),Troy Taylor,42414246,P,4000,CLE@SEA 03/27/2026 09:45PM ET,SEA,-1.22
RP,Yosver Zulueta (42414259),Yosver Zulueta,42414259,P,4000,CLE@SEA 03/27/2026 09:45PM ET,SEA,2.73
C,Will Smith (42413698),Will Smith,42413698,C,4000,ARI@LAD 03/27/2026 10:10PM ET,LAD,7.98
RP,Blake Walston (42414085),Blake Walston,42414085,P,4000,ARI@LAD 03/27/2026 10:10PM ET,ARI,0
RP,Brusdar Graterol (42414086),Brusdar Graterol,42414086,P,4000,ARI@LAD 03/27/2026 10:10PM ET,LAD,0
RP,Ronan Kopp (42414095),Ronan Kopp,42414095,P,4000,ARI@LAD 03/27/2026 10:10PM ET,LAD,0
RP,Jake Cousins (42414107),Jake Cousins,42414107,P,4000,ARI@LAD 03/27/2026 10:10PM ET,LAD,0
RP,Kyle Hurt (42414108),Kyle Hurt,42414108,P,4000,ARI@LAD 03/27/2026 10:10PM ET,LAD,0
SP,Kohl Drake (42414109),Kohl Drake,42414109,P,4000,ARI@LAD 03/27/2026 10:10PM ET,ARI,0
SP,Dylan Ray (42414112),Dylan Ray,42414112,P,4000,ARI@LAD 03/27/2026 10:10PM ET,ARI,0
SP,Mitch Bratt (42414116),Mitch Bratt,42414116,P,4000,ARI@LAD 03/27/2026 10:10PM ET,ARI,0
SP,Yilber Diaz (42414121),Yilber Diaz,42414121,P,4000,ARI@LAD 03/27/2026 10:10PM ET,ARI,-1.45
RP,Ben Casparius (42414128),Ben Casparius,42414128,P,4000,ARI@LAD 03/27/2026 10:10PM ET,LAD,4.42
RP,Andrew Hoffmann (42414146),Andrew Hoffmann,42414146,P,4000,ARI@LAD 03/27/2026 10:10PM ET,ARI,2.24
RP,Edwin Diaz (42414159),Edwin Diaz,42414159,P,4000,ARI@LAD 03/27/2026 10:10PM ET,LAD,4.93
RP,Andrew Saalfrank (42414160),Andrew Saalfrank,42414160,P,4000,ARI@LAD 03/27/2026 10:10PM ET,ARI,3.07
RP,Alex Vesia (42414162),Alex Vesia,42414162,P,4000,ARI@LAD 03/27/2026 10:10PM ET,LAD,3.34
RP,Brock Stewart (42414178),Brock Stewart,42414178,P,4000,ARI@LAD 03/27/2026 10:10PM ET,LAD,3.01
RP,Drey Jameson (42414179),Drey Jameson,42414179,P,4000,ARI@LAD 03/27/2026 10:10PM ET,ARI,0.18
SP,Cristian Mena (42414181),Cristian Mena,42414181,P,4000,ARI@LAD 03/27/2026 10:10PM ET,ARI,9.8
RP,Juan Morillo (42414185),Juan Morillo,42414185,P,4000,ARI@LAD 03/27/2026 10:10PM ET,ARI,1.95
RP,Taylor Clarke (42414189),Taylor Clarke,42414189,P,4000,ARI@LAD 03/27/2026 10:10PM ET,ARI,2.9
RP,Kade Strowd (42414194),Kade Strowd,42414194,P,4000,ARI@LAD 03/27/2026 10:10PM ET,ARI,3.17
RP,Jack Dreyer (42414196),Jack Dreyer,42414196,P,4000,ARI@LAD 03/27/2026 10:10PM ET,LAD,3.47
RP,Tanner Scott (42414199),Tanner Scott,42414199,P,4000,ARI@LAD 03/27/2026 10:10PM ET,LAD,2.4
RP,Justin Martinez (42414207),Justin Martinez,42414207,P,4000,ARI@LAD 03/27/2026 10:10PM ET,ARI,3.25
RP,Jonathan Loaisiga (42414218),Jonathan Loaisiga,42414218,P,4000,ARI@LAD 03/27/2026 10:10PM ET,ARI,2.02
RP,Juan Burgos (42414225),Juan Burgos,42414225,P,4000,ARI@LAD 03/27/2026 10:10PM ET,ARI,2.18
RP,Kevin Ginkel (42414227),Kevin Ginkel,42414227,P,4000,ARI@LAD 03/27/2026 10:10PM ET,ARI,1.77
RP,Ryan Thompson (42414230),Ryan Thompson,42414230,P,4000,ARI@LAD 03/27/2026 10:10PM ET,ARI,2.22
RP,Paul Sewald (42414232),Paul Sewald,42414232,P,4000,ARI@LAD 03/27/2026 10:10PM ET,ARI,2.45
RP,Philip Abner (42414233),Philip Abner,42414233,P,4000,ARI@LAD 03/27/2026 10:10PM ET,ARI,1.89
RP,Evan Phillips (42414248),Evan Phillips,42414248,P,4000,ARI@LAD 03/27/2026 10:10PM ET,LAD,3.02
RP,A.J. Puk (42414249),A.J. Puk,42414249,P,4000,ARI@LAD 03/27/2026 10:10PM ET,ARI,3.68
RP,Will Klein (42414253),Will Klein,42414253,P,4000,ARI@LAD 03/27/2026 10:10PM ET,LAD,4.98
RP,Edgardo Henriquez (42414255),Edgardo Henriquez,42414255,P,4000,ARI@LAD 03/27/2026 10:10PM ET,LAD,2.63
RP,Blake Treinen (42414257),Blake Treinen,42414257,P,4000,ARI@LAD 03/27/2026 10:10PM ET,LAD,2
RP,Joe Ross (42414261),Joe Ross,42414261,P,4000,ARI@LAD 03/27/2026 10:10PM ET,ARI,2.59
RP,Grant Holman (42414262),Grant Holman,42414262,P,4000,ARI@LAD 03/27/2026 10:10PM ET,ARI,2.46
RP,Brandyn Garcia (42414267),Brandyn Garcia,42414267,P,4000,ARI@LAD 03/27/2026 10:10PM ET,ARI,1.86
RP,Paul Gervase (42414271),Paul Gervase,42414271,P,4000,ARI@LAD 03/27/2026 10:10PM ET,LAD,3.06
2B,Gleyber Torres (42413700),Gleyber Torres,42413700,2B,4000,DET@SD 03/27/2026 09:40PM ET,DET,7.3
RP,Drew Anderson (42414081),Drew Anderson,42414081,P,4000,DET@SD 03/27/2026 09:40PM ET,DET,0
RP,Garrett Hawkins (42414082),Garrett Hawkins,42414082,P,4000,DET@SD 03/27/2026 09:40PM ET,SD,0
SP,Ty Madden (42414101),Ty Madden,42414101,P,4000,DET@SD 03/27/2026 09:40PM ET,DET,0
RP,Enmanuel De Jesus (42414114),Enmanuel De Jesus,42414114,P,4000,DET@SD 03/27/2026 09:40PM ET,DET,0
SP,Jake Miller (42414119),Jake Miller,42414119,P,4000,DET@SD 03/27/2026 09:40PM ET,DET,0
SP,Dylan Smith (42414127),Dylan Smith,42414127,P,4000,DET@SD 03/27/2026 09:40PM ET,DET,4.12
RP,Sawyer Gipson-Long (42414130),Sawyer Gipson-Long,42414130,P,4000,DET@SD 03/27/2026 09:40PM ET,DET,5.91
RP,Connor Seabold (42414135),Connor Seabold,42414135,P,4000,DET@SD 03/27/2026 09:40PM ET,DET,3.21
RP,Will Vest (42414157),Will Vest,42414157,P,4000,DET@SD 03/27/2026 09:40PM ET,DET,4
RP,David Morgan (42414161),David Morgan,42414161,P,4000,DET@SD 03/27/2026 09:40PM ET,SD,3.62
RP,Adrian Morejon (42414167),Adrian Morejon,42414167,P,4000,DET@SD 03/27/2026 09:40PM ET,SD,3.82
RP,Wandy Peralta (42414169),Wandy Peralta,42414169,P,4000,DET@SD 03/27/2026 09:40PM ET,SD,2.79
RP,Bryan Hoeing (42414172),Bryan Hoeing,42414172,P,4000,DET@SD 03/27/2026 09:40PM ET,SD,2.69
RP,Bradgley Rodriguez (42414182),Bradgley Rodriguez,42414182,P,4000,DET@SD 03/27/2026 09:40PM ET,SD,4.46
RP,Jeremiah Estrada (42414186),Jeremiah Estrada,42414186,P,4000,DET@SD 03/27/2026 09:40PM ET,SD,3.71
RP,Jason Adam (42414195),Jason Adam,42414195,P,4000,DET@SD 03/27/2026 09:40PM ET,SD,3.76
RP,Alek Jacob (42414200),Alek Jacob,42414200,P,4000,DET@SD 03/27/2026 09:40PM ET,SD,1.84
RP,Yuki Matsui (42414202),Yuki Matsui,42414202,P,4000,DET@SD 03/27/2026 09:40PM ET,SD,2.76
RP,Bailey Horn (42414205),Bailey Horn,42414205,P,4000,DET@SD 03/27/2026 09:40PM ET,DET,3.07
RP,Tyler Holton (42414216),Tyler Holton,42414216,P,4000,DET@SD 03/27/2026 09:40PM ET,DET,3
RP,Ty Adcock (42414228),Ty Adcock,42414228,P,4000,DET@SD 03/27/2026 09:40PM ET,SD,4.12
RP,Brant Hurter (42414231),Brant Hurter,42414231,P,4000,DET@SD 03/27/2026 09:40PM ET,DET,4.42
RP,Beau Brieske (42414244),Beau Brieske,42414244,P,4000,DET@SD 03/27/2026 09:40PM ET,DET,1.45
RP,Kenley Jansen (42414251),Kenley Jansen,42414251,P,4000,DET@SD 03/27/2026 09:40PM ET,DET,3.16
RP,Brenan Hanifee (42414254),Brenan Hanifee,42414254,P,4000,DET@SD 03/27/2026 09:40PM ET,DET,2.46
RP,Mason Miller (42414258),Mason Miller,42414258,P,4000,DET@SD 03/27/2026 09:40PM ET,SD,4.86
RP,Ron Marinaccio (42414268),Ron Marinaccio,42414268,P,4000,DET@SD 03/27/2026 09:40PM ET,SD,5.71
RP,Kyle Finnegan (42414269),Kyle Finnegan,42414269,P,4000,DET@SD 03/27/2026 09:40PM ET,DET,3.02
RP,Drew Sommers (42414272),Drew Sommers,42414272,P,4000,DET@SD 03/27/2026 09:40PM ET,DET,-1.46
OF,Daulton Varsho (42413702),Daulton Varsho,42413702,OF,3900,ATH@TOR 03/27/2026 07:07PM ET,TOR,8.27
C,Agustin Ramirez (42413704),Agustin Ramirez,42413704,C,3900,COL@MIA 03/27/2026 07:10PM ET,MIA,7.62
OF,Jo Adell (42413703),Jo Adell,42413703,OF,3900,LAA@HOU 03/27/2026 08:15PM ET,LAA,7.27
3B,Zach McKinstry (42413705),Zach McKinstry,42413705,3B,3900,DET@SD 03/27/2026 09:40PM ET,DET,6.67
OF,Mike Yastrzemski (42413708),Mike Yastrzemski,42413708,OF,3800,KC@ATL 03/27/2026 07:15PM ET,ATL,6.29
OF,Mickey Moniak (42413706),Mickey Moniak,42413706,OF,3800,COL@MIA 03/27/2026 07:10PM ET,COL,7.05
3B,Isaac Paredes (42413709),Isaac Paredes,42413709,3B,3800,LAA@HOU 03/27/2026 08:15PM ET,HOU,7.76
2B,Brendan Donovan (42413707),Brendan Donovan,42413707,2B,3800,CLE@SEA 03/27/2026 09:45PM ET,SEA,7.38
C,Carter Jensen (42413710),Carter Jensen,42413710,C,3700,KC@ATL 03/27/2026 07:15PM ET,KC,7.75
2B,Xavier Edwards (42413712),Xavier Edwards,42413712,2B,3700,COL@MIA 03/27/2026 07:10PM ET,MIA,7.43
OF,Andy Pages (42413713),Andy Pages,42413713,OF,3700,ARI@LAD 03/27/2026 10:10PM ET,LAD,7.04
3B,Nolan Arenado (42413714),Nolan Arenado,42413714,3B,3700,ARI@LAD 03/27/2026 10:10PM ET,ARI,6.36
SS,Xander Bogaerts (42413711),Xander Bogaerts,42413711,SS,3700,DET@SD 03/27/2026 09:40PM ET,SD,7.04
OF,Ramon Laureano (42413715),Ramon Laureano,42413715,OF,3700,DET@SD 03/27/2026 09:40PM ET,SD,7.72
C,Alejandro Kirk (42413716),Alejandro Kirk,42413716,C,3600,ATH@TOR 03/27/2026 07:07PM ET,TOR,6.94
1B,Dominic Smith (42413719),Dominic Smith,42413719,1B,3600,KC@ATL 03/27/2026 07:15PM ET,ATL,6.27
OF,Michael Harris II (42413721),Michael Harris II,42413721,OF,3600,KC@ATL 03/27/2026 07:15PM ET,ATL,6.86
2B/OF,Tyler Freeman (42413871),Tyler Freeman,42413871,2B/OF,3600,COL@MIA 03/27/2026 07:10PM ET,COL,6.58
OF,Chase DeLauter (42413722),Chase DeLauter,42413722,OF,3600,CLE@SEA 03/27/2026 09:45PM ET,CLE,2.5
2B/SS,Jake Cronenworth (42413717),Jake Cronenworth,42413717,2B/SS,3600,DET@SD 03/27/2026 09:40PM ET,SD,6.19
3B,Colt Keith (42413720),Colt Keith,42413720,3B,3600,DET@SD 03/27/2026 09:40PM ET,DET,5.6
2B,Jeff McNeil (42413727),Jeff McNeil,42413727,2B,3500,ATH@TOR 03/27/2026 07:07PM ET,ATH,6.25
OF,Griffin Conine (42413724),Griffin Conine,42413724,OF,3500,COL@MIA 03/27/2026 07:10PM ET,MIA,6
OF,Brenton Doyle (42413725),Brenton Doyle,42413725,OF,3500,COL@MIA 03/27/2026 07:10PM ET,COL,6.47
1B,Blaine Crim (42413726),Blaine Crim,42413726,1B,3500,COL@MIA 03/27/2026 07:10PM ET,COL,6.8
SS,Ezequiel Tovar (42413730),Ezequiel Tovar,42413730,SS,3500,COL@MIA 03/27/2026 07:10PM ET,COL,6.47
3B/OF,Daniel Schneemann (42413728),Daniel Schneemann,42413728,3B/OF,3500,CLE@SEA 03/27/2026 09:45PM ET,CLE,5.02
C,Gabriel Moreno (42413723),Gabriel Moreno,42413723,C,3500,ARI@LAD 03/27/2026 10:10PM ET,ARI,6.83
OF,Lourdes Gurriel Jr. (42413873),Lourdes Gurriel Jr.,42413873,OF,3500,ARI@LAD 03/27/2026 10:10PM ET,ARI,7.37
OF,Gavin Sheets (42413731),Gavin Sheets,42413731,OF,3500,DET@SD 03/27/2026 09:40PM ET,SD,6.3
3B/SS,Max Muncy (42413733),Max Muncy,42413733,3B/SS,3400,ATH@TOR 03/27/2026 07:07PM ET,ATH,5.08
OF,Isaac Collins (42413735),Isaac Collins,42413735,OF,3400,KC@ATL 03/27/2026 07:15PM ET,KC,6.26
C,Logan O'Hoppe (42413732),Logan O'Hoppe,42413732,C,3400,LAA@HOU 03/27/2026 08:15PM ET,LAA,5.4
1B,Nolan Schanuel (42413736),Nolan Schanuel,42413736,1B,3400,LAA@HOU 03/27/2026 08:15PM ET,LAA,6.96
OF,Josh Lowe (42413738),Josh Lowe,42413738,OF,3400,LAA@HOU 03/27/2026 08:15PM ET,LAA,6.89
OF,Rob Refsnyder (42413737),Rob Refsnyder,42413737,OF,3400,CLE@SEA 03/27/2026 09:45PM ET,SEA,5.82
2B,Tommy Edman (42413874),Tommy Edman,42413874,2B,3400,ARI@LAD 03/27/2026 10:10PM ET,LAD,6.29
2B/3B,Ernie Clement (42413743),Ernie Clement,42413743,2B/3B,3300,ATH@TOR 03/27/2026 07:07PM ET,TOR,6.39
OF,Starling Marte (42413740),Starling Marte,42413740,OF,3300,KC@ATL 03/27/2026 07:15PM ET,KC,5.79
OF,Christopher Morel (42413745),Christopher Morel,42413745,OF,3300,COL@MIA 03/27/2026 07:10PM ET,MIA,4.96
C,Bo Naylor (42413739),Bo Naylor,42413739,C,3300,CLE@SEA 03/27/2026 09:45PM ET,CLE,5.22
OF,George Valera (42413746),George Valera,42413746,OF,3300,CLE@SEA 03/27/2026 09:45PM ET,CLE,5.47
1B,Pavin Smith (42413742),Pavin Smith,42413742,1B,3300,ARI@LAD 03/27/2026 10:10PM ET,ARI,5.79
SS,Kevin McGonigle (42413741),Kevin McGonigle,42413741,SS,3300,DET@SD 03/27/2026 09:40PM ET,DET,0
OF,Nathan Lukes (42413748),Nathan Lukes,42413748,OF,3200,ATH@TOR 03/27/2026 07:07PM ET,TOR,5.6
OF,Lawrence Butler (42413749),Lawrence Butler,42413749,OF,3200,ATH@TOR 03/27/2026 07:07PM ET,ATH,7.47
OF,Jake McCarthy (42413752),Jake McCarthy,42413752,OF,3200,COL@MIA 03/27/2026 07:10PM ET,COL,4.82
C,Yainer Diaz (42413747),Yainer Diaz,42413747,C,3200,LAA@HOU 03/27/2026 08:15PM ET,HOU,6.38
3B/SS,Carlos Correa (42413750),Carlos Correa,42413750,3B/SS,3200,LAA@HOU 03/27/2026 08:15PM ET,HOU,6.35
2B,Brice Matthews (42413754),Brice Matthews,42413754,2B,3200,LAA@HOU 03/27/2026 08:15PM ET,HOU,6.92
1B,Rhys Hoskins (42413753),Rhys Hoskins,42413753,1B,3200,CLE@SEA 03/27/2026 09:45PM ET,CLE,6.14
SS,Otto Lopez (42413756),Otto Lopez,42413756,SS,3100,COL@MIA 03/27/2026 07:10PM ET,MIA,7.02
3B,Connor Norby (42413757),Connor Norby,42413757,3B,3100,COL@MIA 03/27/2026 07:10PM ET,MIA,6.44
OF,Dominic Canzone (42413758),Dominic Canzone,42413758,OF,3100,CLE@SEA 03/27/2026 09:45PM ET,SEA,5.57
C,James McCann (42413755),James McCann,42413755,C,3100,ARI@LAD 03/27/2026 10:10PM ET,ARI,5.64
1B/2B,Ildemaro Vargas (42413759),Ildemaro Vargas,42413759,1B/2B,3100,ARI@LAD 03/27/2026 10:10PM ET,ARI,5.08
OF,Jahmai Jones (42413761),Jahmai Jones,42413761,OF,3100,DET@SD 03/27/2026 09:40PM ET,DET,4.62
OF,Nick Castellanos (42413762),Nick Castellanos,42413762,OF,3100,DET@SD 03/27/2026 09:40PM ET,SD,6.57
OF,Jesus Sanchez (42413768),Jesus Sanchez,42413768,OF,3000,ATH@TOR 03/27/2026 07:07PM ET,TOR,6.36
OF,Anthony Santander (42413876),Anthony Santander,42413876,OF,3000,ATH@TOR 03/27/2026 07:07PM ET,TOR,4.93
2B,Jonathan India (42413766),Jonathan India,42413766,2B,3000,KC@ATL 03/27/2026 07:15PM ET,KC,6.02
OF,Lane Thomas (42413771),Lane Thomas,42413771,OF,3000,KC@ATL 03/27/2026 07:15PM ET,KC,4.72
3B/OF,Willi Castro (42413764),Willi Castro,42413764,3B/OF,3000,COL@MIA 03/27/2026 07:10PM ET,COL,6.01
1B/3B,Jeimer Candelario (42413769),Jeimer Candelario,42413769,1B/3B,3000,LAA@HOU 03/27/2026 08:15PM ET,LAA,4.04
OF,Angel Martinez (42413767),Angel Martinez,42413767,OF,3000,CLE@SEA 03/27/2026 09:45PM ET,CLE,5.27
C,Dillon Dingler (42413763),Dillon Dingler,42413763,C,3000,DET@SD 03/27/2026 09:40PM ET,DET,6.27
3B,Sung-Mun Song (42413875),Sung-Mun Song,42413875,3B,3000,DET@SD 03/27/2026 09:40PM ET,SD,0
OF,Carlos Cortes (42413776),Carlos Cortes,42413776,OF,2900,ATH@TOR 03/27/2026 07:07PM ET,ATH,4.57
2B/OF,Davis Schneider (42413779),Davis Schneider,42413779,2B/OF,2900,ATH@TOR 03/27/2026 07:07PM ET,TOR,5.3
SS,Ha-Seong Kim (42413877),Ha-Seong Kim,42413877,SS,2900,KC@ATL 03/27/2026 07:15PM ET,ATL,6.27
OF,Jordan Beck (42413772),Jordan Beck,42413772,OF,2900,COL@MIA 03/27/2026 07:10PM ET,COL,6.94
OF,Heriberto Hernandez (42413773),Heriberto Hernandez,42413773,OF,2900,COL@MIA 03/27/2026 07:10PM ET,MIA,6.28
C/OF,David Fry (42413774),David Fry,42413774,C/OF,2900,CLE@SEA 03/27/2026 09:45PM ET,CLE,3.7
1B/OF,Luke Raley (42413777),Luke Raley,42413777,1B/OF,2900,CLE@SEA 03/27/2026 09:45PM ET,SEA,4.12
3B,Miles Mastrobuoni (42413781),Miles Mastrobuoni,42413781,3B,2900,CLE@SEA 03/27/2026 09:45PM ET,SEA,3.34
OF,Colby Thomas (42413881),Colby Thomas,42413881,OF,2800,ATH@TOR 03/27/2026 07:07PM ET,ATH,4.84
C,Sean Murphy (42413880),Sean Murphy,42413880,C,2800,KC@ATL 03/27/2026 07:15PM ET,ATL,5.92
1B,Edouard Julien (42413790),Edouard Julien,42413790,1B,2800,COL@MIA 03/27/2026 07:10PM ET,COL,4.05
OF,Jorge Soler (42413782),Jorge Soler,42413782,OF,2800,LAA@HOU 03/27/2026 08:15PM ET,LAA,5.8
OF,Zach Cole (42413784),Zach Cole,42413784,OF,2800,LAA@HOU 03/27/2026 08:15PM ET,HOU,8.87
2B/OF,Adam Frazier (42413788),Adam Frazier,42413788,2B/OF,2800,LAA@HOU 03/27/2026 08:15PM ET,LAA,5.28
SS,J.P. Crawford (42413785),J.P. Crawford,42413785,SS,2800,CLE@SEA 03/27/2026 09:45PM ET,SEA,6.41
3B/OF,Kike Hernandez (42413878),Kike Hernandez,42413878,3B/OF,2800,ARI@LAD 03/27/2026 10:10PM ET,LAD,4.51
OF,Parker Meadows (42413783),Parker Meadows,42413783,OF,2800,DET@SD 03/27/2026 09:40PM ET,DET,5.02
3B/OF,Miguel Andujar (42413786),Miguel Andujar,42413786,3B/OF,2800,DET@SD 03/27/2026 09:40PM ET,SD,6.46
2B/3B,Darell Hernaiz (42413799),Darell Hernaiz,42413799,2B/3B,2700,ATH@TOR 03/27/2026 07:07PM ET,ATH,5.18
2B,Zack Gelof (42413883),Zack Gelof,42413883,2B,2700,ATH@TOR 03/27/2026 07:07PM ET,ATH,4.17
OF,Jorge Mateo (42413793),Jorge Mateo,42413793,OF,2700,KC@ATL 03/27/2026 07:15PM ET,ATL,3.81
OF,Austin Slater (42413791),Austin Slater,42413791,OF,2700,COL@MIA 03/27/2026 07:10PM ET,MIA,3.89
2B/OF,Javier Sanoja (42413795),Javier Sanoja,42413795,2B/OF,2700,COL@MIA 03/27/2026 07:10PM ET,MIA,4.68
1B/OF,Troy Johnston (42413797),Troy Johnston,42413797,1B/OF,2700,COL@MIA 03/27/2026 07:10PM ET,COL,4.73
OF,Cam Smith (42413792),Cam Smith,42413792,OF,2700,LAA@HOU 03/27/2026 08:15PM ET,HOU,5.85
SS,Gabriel Arias (42413794),Gabriel Arias,42413794,SS,2700,CLE@SEA 03/27/2026 09:45PM ET,CLE,5.56
C,Adrian Del Castillo (42413882),Adrian Del Castillo,42413882,C,2700,ARI@LAD 03/27/2026 10:10PM ET,ARI,4.48
1B,Ty France (42413884),Ty France,42413884,1B,2700,DET@SD 03/27/2026 09:40PM ET,SD,5.29
C,Liam Hicks (42413803),Liam Hicks,42413803,C,2600,COL@MIA 03/27/2026 07:10PM ET,MIA,5.02
OF,Owen Caissie (42413807),Owen Caissie,42413807,OF,2600,COL@MIA 03/27/2026 07:10PM ET,MIA,3.5
3B,Kyle Karros (42413808),Kyle Karros,42413808,3B,2600,COL@MIA 03/27/2026 07:10PM ET,COL,4.65
OF,Jake Meyers (42413802),Jake Meyers,42413802,OF,2600,LAA@HOU 03/27/2026 08:15PM ET,HOU,6.38
OF,Victor Robles (42413801),Victor Robles,42413801,OF,2600,CLE@SEA 03/27/2026 09:45PM ET,SEA,5.07
2B,Brayan Rocchio (42413805),Brayan Rocchio,42413805,2B,2600,CLE@SEA 03/27/2026 09:45PM ET,CLE,5.05
C,Mitch Garver (42413892),Mitch Garver,42413892,C,2600,CLE@SEA 03/27/2026 09:45PM ET,SEA,4.85
1B,Carlos Santana (42413806),Carlos Santana,42413806,1B,2600,ARI@LAD 03/27/2026 10:10PM ET,ARI,5.83
SS,Javier Baez (42413804),Javier Baez,42413804,SS,2600,DET@SD 03/27/2026 09:40PM ET,DET,5.94
C,Tyler Heineman (42413814),Tyler Heineman,42413814,C,2500,ATH@TOR 03/27/2026 07:07PM ET,TOR,4.61
OF,Drew Waters (42413809),Drew Waters,42413809,OF,2500,KC@ATL 03/27/2026 07:15PM ET,KC,4.34
3B/OF,Nick Loftin (42413816),Nick Loftin,42413816,3B/OF,2500,KC@ATL 03/27/2026 07:15PM ET,KC,4.09
1B,TJ Rumfield (42413818),TJ Rumfield,42413818,1B,2500,COL@MIA 03/27/2026 07:10PM ET,COL,0
2B/3B,Maximo Acosta (42413887),Maximo Acosta,42413887,2B/3B,2500,COL@MIA 03/27/2026 07:10PM ET,MIA,5.21
1B/OF,CJ Kayfus (42413811),CJ Kayfus,42413811,1B/OF,2500,CLE@SEA 03/27/2026 09:45PM ET,CLE,5.43
2B/SS,Leo Rivas (42413819),Leo Rivas,42413819,2B/SS,2500,CLE@SEA 03/27/2026 09:45PM ET,SEA,4.11
2B,Miguel Rojas (42413810),Miguel Rojas,42413810,2B,2500,ARI@LAD 03/27/2026 10:10PM ET,LAD,4.46
OF,Alex Call (42413813),Alex Call,42413813,OF,2500,ARI@LAD 03/27/2026 10:10PM ET,LAD,4.68
OF,Alek Thomas (42413821),Alek Thomas,42413821,OF,2500,ARI@LAD 03/27/2026 10:10PM ET,ARI,4.93
2B,Hyeseong Kim (42413886),Hyeseong Kim,42413886,2B,2500,ARI@LAD 03/27/2026 10:10PM ET,LAD,4.49
C,Jake Rogers (42413815),Jake Rogers,42413815,C,2500,DET@SD 03/27/2026 09:40PM ET,DET,4.2
OF,Wenceel Perez (42413885),Wenceel Perez,42413885,OF,2500,DET@SD 03/27/2026 09:40PM ET,DET,6.61
SS,Andres Gimenez (42413824),Andres Gimenez,42413824,SS,2400,ATH@TOR 03/27/2026 07:07PM ET,TOR,5.76
OF,Myles Straw (42413827),Myles Straw,42413827,OF,2400,ATH@TOR 03/27/2026 07:07PM ET,TOR,3.64
C,Jonah Heim (42413823),Jonah Heim,42413823,C,2400,KC@ATL 03/27/2026 07:15PM ET,ATL,4.84
C,Travis d'Arnaud (42413822),Travis d'Arnaud,42413822,C,2400,LAA@HOU 03/27/2026 08:15PM ET,LAA,4.38
OF,Joey Loperfido (42413830),Joey Loperfido,42413830,OF,2400,LAA@HOU 03/27/2026 08:15PM ET,HOU,4.83
OF,Zach Dezenzo (42413889),Zach Dezenzo,42413889,OF,2400,LAA@HOU 03/27/2026 08:15PM ET,HOU,5.26
2B/3B,Shay Whitcomb (42413890),Shay Whitcomb,42413890,2B/3B,2400,LAA@HOU 03/27/2026 08:15PM ET,HOU,1.45
2B/3B,Santiago Espinal (42413825),Santiago Espinal,42413825,2B/3B,2400,ARI@LAD 03/27/2026 10:10PM ET,LAD,3.35
1B/OF,Tim Tawa (42413828),Tim Tawa,42413828,1B/OF,2400,ARI@LAD 03/27/2026 10:10PM ET,ARI,4.88
C,Austin Wynns (42413831),Austin Wynns,42413831,C,2300,ATH@TOR 03/27/2026 07:07PM ET,ATH,5.65
2B/3B,Brett Wisely (42413832),Brett Wisely,42413832,2B/3B,2300,KC@ATL 03/27/2026 07:15PM ET,ATL,3.62
1B/3B,Kyle Farmer (42413835),Kyle Farmer,42413835,1B/3B,2300,KC@ATL 03/27/2026 07:15PM ET,ATL,4.38
OF,Kyle Isbel (42413839),Kyle Isbel,42413839,OF,2300,KC@ATL 03/27/2026 07:15PM ET,KC,4.31
OF,Bryce Teodosio (42413841),Bryce Teodosio,42413841,OF,2300,LAA@HOU 03/27/2026 08:15PM ET,LAA,4.12
2B,Christian Moore (42413894),Christian Moore,42413894,2B,2300,LAA@HOU 03/27/2026 08:15PM ET,LAA,5.42
2B,Ryan Bliss (42413838),Ryan Bliss,42413838,2B,2300,CLE@SEA 03/27/2026 09:45PM ET,SEA,5.09
OF,Petey Halpin (42413893),Petey Halpin,42413893,OF,2300,CLE@SEA 03/27/2026 09:45PM ET,CLE,2.5
C,Freddy Fermin (42413834),Freddy Fermin,42413834,C,2300,DET@SD 03/27/2026 09:40PM ET,SD,4.31
SS,Trey Sweeney (42413837),Trey Sweeney,42413837,SS,2300,DET@SD 03/27/2026 09:40PM ET,DET,3.74
OF,Bryce Johnson (42413840),Bryce Johnson,42413840,OF,2300,DET@SD 03/27/2026 09:40PM ET,SD,2.79
OF,Denzel Clarke (42413846),Denzel Clarke,42413846,OF,2200,ATH@TOR 03/27/2026 07:07PM ET,ATH,5.3
OF,Jonatan Clase (42413896),Jonatan Clase,42413896,OF,2200,ATH@TOR 03/27/2026 07:07PM ET,TOR,4.65
OF,Eli White (42413847),Eli White,42413847,OF,2200,KC@ATL 03/27/2026 07:15PM ET,ATL,4.89
OF/SS,Mauricio Dubon (42413850),Mauricio Dubon,42413850,SS/OF,2200,KC@ATL 03/27/2026 07:15PM ET,ATL,4.3
1B/3B,Graham Pauley (42413843),Graham Pauley,42413843,1B/3B,2200,COL@MIA 03/27/2026 07:10PM ET,MIA,4.34
C,Brett Sullivan (42413845),Brett Sullivan,42413845,C,2200,COL@MIA 03/27/2026 07:10PM ET,COL,4.33
OF,Esteury Ruiz (42413895),Esteury Ruiz,42413895,OF,2200,COL@MIA 03/27/2026 07:10PM ET,MIA,2.68
C,Cesar Salazar (42413848),Cesar Salazar,42413848,C,2200,LAA@HOU 03/27/2026 08:15PM ET,HOU,1.54
2B,Cole Young (42413849),Cole Young,42413849,2B,2200,CLE@SEA 03/27/2026 09:45PM ET,SEA,4.53
3B,Jordan Lawlar (42413842),Jordan Lawlar,42413842,3B,2200,ARI@LAD 03/27/2026 10:10PM ET,ARI,3.64
OF,Tyler Tolbert (42413852),Tyler Tolbert,42413852,OF,2100,KC@ATL 03/27/2026 07:15PM ET,KC,3.3
2B,Ryan Ritter (42413856),Ryan Ritter,42413856,2B,2100,COL@MIA 03/27/2026 07:10PM ET,COL,4.95
1B/3B,Oswald Peraza (42413857),Oswald Peraza,42413857,1B/3B,2100,LAA@HOU 03/27/2026 08:15PM ET,LAA,3.24
C,Andrew Knizner (42413860),Andrew Knizner,42413860,C,2100,CLE@SEA 03/27/2026 09:45PM ET,SEA,3.54
OF,Johnathan Rodriguez (42413897),Johnathan Rodriguez,42413897,OF,2100,CLE@SEA 03/27/2026 09:45PM ET,CLE,3.58
2B/3B,Alex Freeland (42413854),Alex Freeland,42413854,2B/3B,2100,ARI@LAD 03/27/2026 10:10PM ET,LAD,4.55
C,Dalton Rushing (42413859),Dalton Rushing,42413859,C,2100,ARI@LAD 03/27/2026 10:10PM ET,LAD,4.17
OF,Matt Vierling (42413853),Matt Vierling,42413853,OF,2100,DET@SD 03/27/2026 09:40PM ET,DET,4.52
2B/SS,Mason McCoy (42413898),Mason McCoy,42413898,2B/SS,2100,DET@SD 03/27/2026 09:40PM ET,SD,2.11
3B,Andy Ibanez (42413864),Andy Ibanez,42413864,3B,2000,ATH@TOR 03/27/2026 07:07PM ET,ATH,3.41
2B,Leo Jimenez (42413868),Leo Jimenez,42413868,2B,2000,ATH@TOR 03/27/2026 07:07PM ET,TOR,1.28
3B,Brett Harris (42413908),Brett Harris,42413908,3B,2000,ATH@TOR 03/27/2026 07:07PM ET,ATH,3.91
OF,Junior Perez (42413917),Junior Perez,42413917,OF,2000,ATH@TOR 03/27/2026 07:07PM ET,ATH,0
C,Brandon Valenzuela (42413919),Brandon Valenzuela,42413919,C,2000,ATH@TOR 03/27/2026 07:07PM ET,TOR,0
2B,Michael Massey (42413900),Michael Massey,42413900,2B,2000,KC@ATL 03/27/2026 07:15PM ET,KC,4.43
OF,Kameron Misner (42413901),Kameron Misner,42413901,OF,2000,KC@ATL 03/27/2026 07:15PM ET,KC,5.01
OF,Jurickson Profar (42413906),Jurickson Profar,42413906,OF,2000,KC@ATL 03/27/2026 07:15PM ET,ATL,8.98
3B,Nacho Alvarez Jr. (42413907),Nacho Alvarez Jr.,42413907,3B,2000,KC@ATL 03/27/2026 07:15PM ET,ATL,4.66
OF,John Rave (42413938),John Rave,42413938,OF,2000,KC@ATL 03/27/2026 07:15PM ET,KC,3.68
OF,Zac Veen (42413866),Zac Veen,42413866,OF,2000,COL@MIA 03/27/2026 07:10PM ET,COL,3.17
C,Braxton Fulford (42413902),Braxton Fulford,42413902,C,2000,COL@MIA 03/27/2026 07:10PM ET,COL,4.55
SS,Jared Serna (42413912),Jared Serna,42413912,SS,2000,COL@MIA 03/27/2026 07:10PM ET,MIA,0
3B,Deyvison De Los Santos (42413924),Deyvison De Los Santos,42413924,3B,2000,COL@MIA 03/27/2026 07:10PM ET,MIA,0
C,Joe Mack (42413926),Joe Mack,42413926,C,2000,COL@MIA 03/27/2026 07:10PM ET,MIA,0
OF,Sterlin Thompson (42413929),Sterlin Thompson,42413929,OF,2000,COL@MIA 03/27/2026 07:10PM ET,COL,0
3B/OF,Kris Bryant (42413930),Kris Bryant,42413930,3B/OF,2000,COL@MIA 03/27/2026 07:10PM ET,COL,2.91
2B,Adael Amador (42413935),Adael Amador,42413935,2B,2000,COL@MIA 03/27/2026 07:10PM ET,COL,3.49
SS,Nick Allen (42413865),Nick Allen,42413865,SS,2000,LAA@HOU 03/27/2026 08:15PM ET,HOU,3.58
C,Christian Vazquez (42413867),Christian Vazquez,42413867,C,2000,LAA@HOU 03/27/2026 08:15PM ET,HOU,3.82
2B/SS,Vaughn Grissom (42413909),Vaughn Grissom,42413909,2B/SS,2000,LAA@HOU 03/27/2026 08:15PM ET,LAA,0
SS,Denzer Guzman (42413911),Denzer Guzman,42413911,SS,2000,LAA@HOU 03/27/2026 08:15PM ET,LAA,4.31
2B/3B,Anthony Rendon (42413927),Anthony Rendon,42413927,2B/3B,2000,LAA@HOU 03/27/2026 08:15PM ET,LAA,0
OF,Kyren Paris (42413932),Kyren Paris,42413932,OF,2000,LAA@HOU 03/27/2026 08:15PM ET,LAA,5.68
OF,Matthew Lugo (42413937),Matthew Lugo,42413937,OF,2000,LAA@HOU 03/27/2026 08:15PM ET,LAA,3.97
C,Austin Hedges (42413861),Austin Hedges,42413861,C,2000,CLE@SEA 03/27/2026 09:45PM ET,CLE,2.94
SS,Angel Genao (42413920),Angel Genao,42413920,SS,2000,CLE@SEA 03/27/2026 09:45PM ET,CLE,0
2B/SS,Juan Brito (42413921),Juan Brito,42413921,2B/SS,2000,CLE@SEA 03/27/2026 09:45PM ET,CLE,0
SS,Kahlil Watson (42413925),Kahlil Watson,42413925,SS,2000,CLE@SEA 03/27/2026 09:45PM ET,CLE,0
OF,Rhylan Thomas (42413933),Rhylan Thomas,42413933,OF,2000,CLE@SEA 03/27/2026 09:45PM ET,SEA,5
C,Jhonny Pereda (42413934),Jhonny Pereda,42413934,C,2000,CLE@SEA 03/27/2026 09:45PM ET,SEA,3.17
1B,Tyler Locklear (42413862),Tyler Locklear,42413862,1B,2000,ARI@LAD 03/27/2026 10:10PM ET,ARI,4.84
OF,Jorge Barrosa (42413863),Jorge Barrosa,42413863,OF,2000,ARI@LAD 03/27/2026 10:10PM ET,ARI,2.39
OF,Michael Siani (42413905),Michael Siani,42413905,OF,2000,ARI@LAD 03/27/2026 10:10PM ET,LAD,1.26
OF,Ryan Ward (42413913),Ryan Ward,42413913,OF,2000,ARI@LAD 03/27/2026 10:10PM ET,LAD,0
SS,Jose Fernandez (42413914),Jose Fernandez,42413914,SS,2000,ARI@LAD 03/27/2026 10:10PM ET,ARI,0
C,Luis Campusano (42413869),Luis Campusano,42413869,C,2000,DET@SD 03/27/2026 09:40PM ET,SD,1.2
1B/3B,Will Wagner (42413903),Will Wagner,42413903,1B/3B,2000,DET@SD 03/27/2026 09:40PM ET,SD,3.42
C,Thayron Liranzo (42413915),Thayron Liranzo,42413915,C,2000,DET@SD 03/27/2026 09:40PM ET,DET,0
OF,Trei Cruz (42413916),Trei Cruz,42413916,OF,2000,DET@SD 03/27/2026 09:40PM ET,DET,0
2B,Hao-Yu Lee (42413918),Hao-Yu Lee,42413918,2B,2000,DET@SD 03/27/2026 09:40PM ET,DET,0
C,Eduardo Valencia (42413923),Eduardo Valencia,42413923,C,2000,DET@SD 03/27/2026 09:40PM ET,DET,0
3B,Jace Jung (42413936),Jace Jung,42413936,3B,2000,DET@SD 03/27/2026 09:40PM ET,DET,2.52
