Player ID + Player Name,Id,Position,First Name,Nickname,Last Name,FPPG,Played,Salary,Game,Team,Opponent,Injury Indicator,Injury Details,Tier,Probable Pitcher,Batting Order,Roster Position
128430-146687:Hunter Brown,128430-146687,P,Hunter,Hunter Brown,Brown,45,2,11000,HOU@ATH,HOU,ATH,,,,,,P
128430-12477:Chris Sale,128430-12477,P,Chris,Chris Sale,Sale,40,2,10500,ATL@ARI,ATL,ARI,DTD,Illness,,,,P
128430-187194:Bryan Woo,128430-187194,P,Bryan,Bryan Woo,Woo,43,1,10400,SEA@LAA,SEA,LAA,,,,Yes,,P
128430-79162:Luis Castillo,128430-79162,P,Luis,Luis Castillo,Castillo,43,1,10200,SEA@LAA,SEA,LAA,,,,,,P
128430-222820:Nolan McLean,128430-222820,P,Nolan,Nolan McLean,McLean,33,1,10200,NYM@SF,NYM,SF,,,,Yes,,P
128430-102396:Logan Gilbert,128430-102396,P,Logan,Logan Gilbert,Gilbert,23.5,2,10100,SEA@LAA,SEA,LAA,,,,,,P
128430-162445:Spencer Strider,128430-162445,P,Spencer,Spencer Strider,Strider,29.08695652,23,9900,ATL@ARI,ATL,ARI,IL,Oblique,,,,P
128430-80582:Brandon Woodruff,128430-80582,P,Brandon,Brandon Woodruff,Woodruff,33,1,9900,MIL@KC,MIL,KC,,,,,,P
128430-102330:Kris Bubic,128430-102330,P,Kris,Kris Bubic,Bubic,37,1,9700,MIL@KC,KC,MIL,,,,,,P
128430-119414:George Kirby,128430-119414,P,George,George Kirby,Kirby,33.5,2,9500,SEA@LAA,SEA,LAA,,,,,,P
128430-164503:Spencer Schwellenbach,128430-164503,P,Spencer,Spencer Schwellenbach,Schwellenbach,37.41176471,17,9500,ATL@ARI,ATL,ARI,IL,Elbow,,,,P
128430-101839:Logan Webb,128430-101839,P,Logan,Logan Webb,Webb,26,2,9400,NYM@SF,SF,NYM,,,,,,P
128430-79232:Clay Holmes,128430-79232,P,Clay,Clay Holmes,Holmes,32,1,9300,NYM@SF,NYM,SF,,,,,,P
128430-197981:Jacob Misiorowski,128430-197981,P,Jacob,Jacob Misiorowski,Misiorowski,44,2,9200,MIL@KC,MIL,KC,,,,,,P
128430-82618:David Peterson,128430-82618,P,David,David Peterson,Peterson,19,2,9200,NYM@SF,NYM,SF,,,,,,P
128430-102345:Jose Soriano,128430-102345,P,Jose,Jose Soriano,Soriano,44.5,2,9200,SEA@LAA,LAA,SEA,,,,,,P
128430-82604:Corbin Burnes,128430-82604,P,Corbin,Corbin Burnes,Burnes,33.72727273,11,9000,ATL@ARI,ARI,ATL,IL,Elbow,,,,P
128430-79207:Grant Holmes,128430-79207,P,Grant,Grant Holmes,Holmes,18,1,8900,ATL@ARI,ATL,ARI,,,,Yes,,P
128430-79270:Cole Ragans,128430-79270,P,Cole,Cole Ragans,Ragans,30.5,2,8700,MIL@KC,KC,MIL,,,,,,P
128430-37999:Michael Wacha,128430-37999,P,Michael,Michael Wacha,Wacha,43,1,8600,MIL@KC,KC,MIL,DTD,Illness,,,,P
128430-146664:Bryce Elder,128430-146664,P,Bryce,Bryce Elder,Elder,43,1,8600,ATL@ARI,ATL,ARI,,,,,,P
128430-182153:Kodai Senga,128430-182153,P,Kodai,Kodai Senga,Senga,43,1,8600,NYM@SF,NYM,SF,,,,,,P
128430-102294:Grayson Rodriguez,128430-102294,P,Grayson,Grayson Rodriguez,Rodriguez,,0,8600,SEA@LAA,LAA,SEA,IL,Shoulder,,,,P
128430-83190:Freddy Peralta,128430-83190,P,Freddy,Freddy Peralta,Peralta,32,2,8500,NYM@SF,NYM,SF,,,,,,P
128430-68491:Reynaldo Lopez,128430-68491,P,Reynaldo,Reynaldo Lopez,Lopez,27.5,2,8500,ATL@ARI,ATL,ARI,,,,,,P
128430-82557:Aaron Civale,128430-82557,P,Aaron,Aaron Civale,Civale,24,1,8400,HOU@ATH,ATH,HOU,,,,,,P
128430-185701:Brandon Pfaadt,128430-185701,P,Brandon,Brandon Pfaadt,Pfaadt,12,1,8300,ATL@ARI,ARI,ATL,,,,,,P
128430-101881:Merrill Kelly,128430-101881,P,Merrill,Merrill Kelly,Kelly,30.65625,32,8300,ATL@ARI,ARI,ATL,IL,Ribs,,,,P
128430-240672:Tatsuya Imai,128430-240672,P,Tatsuya,Tatsuya Imai,Imai,8,1,8200,HOU@ATH,HOU,ATH,,,,,,P
128430-199728:Landen Roupp,128430-199728,P,Landen,Landen Roupp,Roupp,49,1,8200,NYM@SF,SF,NYM,,,,,,P
128430-79109:Tyler Mahle,128430-79109,P,Tyler,Tyler Mahle,Mahle,21,1,8100,NYM@SF,SF,NYM,,,,Yes,,P
128430-71034:Seth Lugo,128430-71034,P,Seth,Seth Lugo,Lugo,38,1,8100,MIL@KC,KC,MIL,,,,,,P
128430-193326:Jacob Lopez,128430-193326,P,Jacob,Jacob Lopez,Lopez,3,1,8100,HOU@ATH,ATH,HOU,,,,,,P
128430-198872:Hurston Waldrep,128430-198872,P,Hurston,Hurston Waldrep,Waldrep,33.2,10,8000,ATL@ARI,ATL,ARI,IL,Elbow,,,,P
128430-219653:Logan Henderson,128430-219653,P,Logan,Logan Henderson,Henderson,36.4,5,8000,MIL@KC,MIL,KC,,,,,,P
128430-164521:Brandon Walter,128430-164521,P,Brandon,Brandon Walter,Walter,31.88888889,9,8000,HOU@ATH,HOU,ATH,IL,Elbow,,,,P
128430-168872:Ronel Blanco,128430-168872,P,Ronel,Ronel Blanco,Blanco,28.55555556,9,8000,HOU@ATH,HOU,ATH,IL,Elbow,,,,P
128430-85476:Jeffrey Springs,128430-85476,P,Jeffrey,Jeffrey Springs,Springs,16,1,7900,HOU@ATH,ATH,HOU,,,,Yes,,P
128430-222822:Brandon Sproat,128430-222822,P,Brandon,Brandon Sproat,Sproat,-3,1,7800,MIL@KC,MIL,KC,,,,,,P
128430-119409:Quinn Priester,128430-119409,P,Quinn,Quinn Priester,Priester,26.32258065,31,7800,MIL@KC,MIL,KC,IL,Wrist,,,,P
128430-53029:Robbie Ray,128430-53029,P,Robbie,Robbie Ray,Ray,29.5,2,7800,NYM@SF,SF,NYM,,,,,,P
128430-52159:Lance McCullers Jr.,128430-52159,P,Lance,Lance McCullers Jr.,McCullers Jr.,55,1,7800,HOU@ATH,HOU,ATH,,,,,,P
128430-198915:Luis Morales,128430-198915,P,Luis,Luis Morales,Morales,13,1,7700,HOU@ATH,ATH,HOU,,,,,,P
128430-165689:Bryce Miller,128430-165689,P,Bryce,Bryce Miller,Miller,19.9047619,21,7700,SEA@LAA,SEA,LAA,IL,Oblique,,,,P
128430-102335:Cristian Javier,128430-102335,P,Cristian,Cristian Javier,Javier,-1,1,7700,HOU@ATH,HOU,ATH,,,,Yes,,P
128430-52142:Eduardo Rodriguez,128430-52142,P,Eduardo,Eduardo Rodriguez,Rodriguez,30,1,7600,ATL@ARI,ARI,ATL,,,,Yes,,P
128430-97300:John Means,128430-97300,P,John,John Means,Means,,0,7500,MIL@KC,KC,MIL,O,Achilles,,,,P
128430-135229:Reid Detmers,128430-135229,P,Reid,Reid Detmers,Detmers,32,1,7500,SEA@LAA,LAA,SEA,,,,Yes,,P
128430-164509:AJ Smith-Shawver,128430-164509,P,AJ,AJ Smith-Shawver,Smith-Shawver,25.33333333,9,7500,ATL@ARI,ATL,ARI,IL,Elbow,,,,P
128430-198362:Stephen Kolek,128430-198362,P,Stephen,Stephen Kolek,Kolek,26.47368421,19,7500,MIL@KC,KC,MIL,IL,Oblique,,,,P
128430-11328:Martin Perez,128430-11328,P,Martin,Martin Perez,Perez,22,1,7400,ATL@ARI,ATL,ARI,,,,,,P
128430-198885:Spencer Arrighetti,128430-198885,P,Spencer,Spencer Arrighetti,Arrighetti,21.42857143,7,7300,HOU@ATH,HOU,ATH,,,,,,P
128430-85251:Zac Gallen,128430-85251,P,Zac,Zac Gallen,Gallen,20,2,7300,ATL@ARI,ARI,ATL,,,,,,P
128430-219663:Chad Patrick,128430-219663,P,Chad,Chad Patrick,Patrick,22,1,7300,MIL@KC,MIL,KC,,,,Yes,,P
128430-164497:Ryne Nelson,128430-164497,P,Ryne,Ryne Nelson,Nelson,15.5,2,7300,ATL@ARI,ARI,ATL,,,,,,P
128430-102001:Yusei Kikuchi,128430-102001,P,Yusei,Yusei Kikuchi,Kikuchi,16,2,7200,SEA@LAA,LAA,SEA,,,,,,P
128430-119441:Alek Manoah,128430-119441,P,Alek,Alek Manoah,Manoah,,0,7200,SEA@LAA,LAA,SEA,IL,Finger,,,,P
128430-52165:Sean Manaea,128430-52165,P,Sean,Sean Manaea,Manaea,12,2,7200,NYM@SF,NYM,SF,,,,,,P
128430-79073:Michael Soroka,128430-79073,P,Michael,Michael Soroka,Soroka,51,1,7100,ATL@ARI,ARI,ATL,,,,,,P
128430-170527:Jason Alexander,128430-170527,P,Jason,Jason Alexander,Alexander,19.33333333,18,7100,HOU@ATH,HOU,ATH,,,,,,P
128430-219697:Noah Cameron,128430-219697,P,Noah,Noah Cameron,Cameron,33,1,7100,MIL@KC,KC,MIL,,,,,,P
128430-154714:Tylor Megill,128430-154714,P,Tylor,Tylor Megill,Megill,29.71428571,14,7000,NYM@SF,NYM,SF,IL,Elbow,,,,P
128430-60644:Luis Severino,128430-60644,P,Luis,Luis Severino,Severino,18.5,2,7000,HOU@ATH,ATH,HOU,,,,,,P
128430-146733:Kyle Harrison,128430-146733,P,Kyle,Kyle Harrison,Harrison,36,1,7000,MIL@KC,MIL,KC,,,,,,P
128430-165636:Hayden Wesneski,128430-165636,P,Hayden,Hayden Wesneski,Wesneski,24.83333333,6,7000,HOU@ATH,HOU,ATH,IL,Elbow,,,,P
128430-135268:Emerson Hancock,128430-135268,P,Emerson,Emerson Hancock,Hancock,55,1,6800,SEA@LAA,SEA,LAA,,,,,,P
128430-165573:Alec Marsh,128430-165573,P,Alec,Alec Marsh,Marsh,,0,6800,MIL@KC,KC,MIL,IL,Shoulder,,,,P
128430-165659:Mike Burrows,128430-165659,P,Mike,Mike Burrows,Burrows,26.5,2,6700,HOU@ATH,HOU,ATH,,,,,,P
128430-165715:Gunnar Hoglund,128430-165715,P,Gunnar,Gunnar Hoglund,Hoglund,17.83333333,6,6700,HOU@ATH,ATH,HOU,IL,Back,,,,P
128430-66766:Adrian Houser,128430-66766,P,Adrian,Adrian Houser,Houser,25,1,6600,NYM@SF,SF,NYM,,,,,,P
128430-203678:Hayden Birdsong,128430-203678,P,Hayden,Hayden Birdsong,Birdsong,16.2,21,6600,NYM@SF,SF,NYM,IL,Elbow,,,,P
128430-226322:Logan Evans,128430-226322,P,Logan,Logan Evans,Evans,20.8125,16,6500,SEA@LAA,SEA,LAA,IL,Elbow,,,,P
128430-145625:Bailey Falter,128430-145625,P,Bailey,Bailey Falter,Falter,3.5,2,6500,MIL@KC,KC,MIL,,,,,,P
128430-146705:J.T. Ginn,128430-146705,P,J.T.,J.T. Ginn,Ginn,17,1,6500,HOU@ATH,ATH,HOU,,,,,,P
128430-219662:Colton Gordon,128430-219662,P,Colton,Colton Gordon,Gordon,18.05,20,6500,HOU@ATH,HOU,ATH,,,,,,P
128430-222819:Jonah Tong,128430-222819,P,Jonah,Jonah Tong,Tong,17.2,5,6500,NYM@SF,NYM,SF,,,,,,P
128430-163703:Ryan Weiss,128430-163703,P,Ryan,Ryan Weiss,Weiss,10.5,2,6500,HOU@ATH,HOU,ATH,,,,,,P
128430-119355:Jack Kochanowicz,128430-119355,P,Jack,Jack Kochanowicz,Kochanowicz,6,1,6400,SEA@LAA,LAA,SEA,,,,,,P
128430-232673:Mitch Farris,128430-232673,P,Mitch,Mitch Farris,Farris,20.2,5,6300,SEA@LAA,LAA,SEA,,,,,,P
128430-197899:Kai-Wei Teng,128430-197899,P,Kai-Wei,Kai-Wei Teng,Teng,11,2,6300,HOU@ATH,HOU,ATH,,,,,,P
128430-198938:Carson Whisenhunt,128430-198938,P,Carson,Carson Whisenhunt,Whisenhunt,18.2,5,6300,NYM@SF,SF,NYM,,,,,,P
128430-6266:Carlos Carrasco,128430-6266,P,Carlos,Carlos Carrasco,Carrasco,13.36363636,11,6200,ATL@ARI,ATL,ARI,,,,,,P
128430-198891:Caden Dana,128430-198891,P,Caden,Caden Dana,Dana,18.71428571,7,6200,SEA@LAA,LAA,SEA,DTD,Illness,,,,P
128430-187769:Osvaldo Bido,128430-187769,P,Osvaldo,Osvaldo Bido,Bido,13.5,2,6200,ATL@ARI,ATL,ARI,,,,,,P
128430-181805:J.P. France,128430-181805,P,J.P.,J.P. France,France,15,2,6200,HOU@ATH,HOU,ATH,,,,,,P
128430-219724:Ryan Bergert,128430-219724,P,Ryan,Ryan Bergert,Bergert,19.52631579,19,6200,MIL@KC,KC,MIL,,,,,,P
128430-82636:Joey Lucchesi,128430-82636,P,Joey,Joey Lucchesi,Lucchesi,3,2,6200,SEA@LAA,LAA,SEA,,,,,,P
128430-211069:Sam Aldegheri,128430-211069,P,Sam,Sam Aldegheri,Aldegheri,10.25,4,6100,SEA@LAA,LAA,SEA,,,,,,P
128430-219569:Justin Hagenman,128430-219569,P,Justin,Justin Hagenman,Hagenman,11.55555556,9,6100,NYM@SF,NYM,SF,IL,Ribs,,,,P
128430-226810:Blade Tidwell,128430-226810,P,Blade,Blade Tidwell,Tidwell,15,1,6100,NYM@SF,SF,NYM,,,,,,P
128430-222881:Ryan Johnson,128430-222881,P,Ryan,Ryan Johnson,Johnson,-2,1,6100,SEA@LAA,LAA,SEA,,,,,,P
128430-228058:Didier Fuentes,128430-228058,P,Didier,Didier Fuentes,Fuentes,21,1,6100,ATL@ARI,ATL,ARI,,,,,,P
128430-204512:Yilber Diaz,128430-204512,P,Yilber,Yilber Diaz,Diaz,3,1,6100,ATL@ARI,ARI,ATL,,,,,,P
128430-228077:Jack Perkins,128430-228077,P,Jack,Jack Perkins,Perkins,16.25,12,6100,HOU@ATH,ATH,HOU,,,,,,P
128430-197877:Cristian Mena,128430-197877,P,Cristian,Cristian Mena,Mena,15.66666667,3,6000,ATL@ARI,ARI,ATL,IL,Shoulder,,,,P
128430-198904:Christian Scott,128430-198904,P,Christian,Christian Scott,Scott,,0,6000,NYM@SF,NYM,SF,,,,,,P
128430-197897:Trevor McDonald,128430-197897,P,Trevor,Trevor McDonald,McDonald,30.66666667,3,6000,NYM@SF,SF,NYM,,,,,,P
128430-119302:Blake Walston,128430-119302,P,Blake,Blake Walston,Walston,,0,6000,ATL@ARI,ARI,ATL,IL,Elbow,,,,P
128430-219706:Carson Seymour,128430-219706,P,Carson,Carson Seymour,Seymour,8.4375,16,6000,NYM@SF,SF,NYM,,,,,,P
128430-170174:Chase Silseth,128430-170174,P,Chase,Chase Silseth,Silseth,3.75,4,5900,SEA@LAA,LAA,SEA,,,,,,P
128430-60627:Touki Toussaint,128430-60627,P,Touki,Touki Toussaint,Toussaint,9,1,5900,SEA@LAA,LAA,SEA,,,,,,P
128430-79079:Joey Wentz,128430-79079,P,Joey,Joey Wentz,Wentz,11,39,5900,ATL@ARI,ATL,ARI,IL,Knee,,,,P
128430-238908:Miguel Ullola,128430-238908,P,Miguel,Miguel Ullola,Ullola,,0,5900,HOU@ATH,HOU,ATH,,,,,,P
128430-226643:AJ Blubaugh,128430-226643,P,AJ,AJ Blubaugh,Blubaugh,12.33333333,3,5900,HOU@ATH,HOU,ATH,,,,,,P
128430-161167:Glenn Otto,128430-161167,P,Glenn,Glenn Otto,Otto,,0,5900,HOU@ATH,HOU,ATH,DTD,Shoulder,,,,P
128430-199224:Mason Black,128430-199224,P,Mason,Mason Black,Black,18,1,5900,MIL@KC,KC,MIL,,,,,,P
128430-181832:Roddery Munoz,128430-181832,P,Roddery,Roddery Munoz,Munoz,7,2,5900,HOU@ATH,HOU,ATH,,,,,,P
128430-181833:Darius Vines,128430-181833,P,Darius,Darius Vines,Vines,,0,5900,ATL@ARI,ATL,ARI,,,,,,P
128430-82537:DL Hall,128430-82537,P,DL,DL Hall,Hall,10,3,5900,MIL@KC,MIL,KC,,,,,,P
128430-165665:Robert Gasser,128430-165665,P,Robert,Robert Gasser,Gasser,8.5,4,5900,MIL@KC,MIL,KC,,,,,,P
128430-202608:Carlos Rodriguez,128430-202608,P,Carlos,Carlos Rodriguez,Rodriguez,11.75,4,5900,MIL@KC,MIL,KC,,,,,,P
128430-114708:Randy Dobnak,128430-114708,P,Randy,Randy Dobnak,Dobnak,16,1,5800,SEA@LAA,SEA,LAA,,,,,,P
128430-79917:Casey Lawrence,128430-79917,P,Casey,Casey Lawrence,Lawrence,9.333333333,6,5800,SEA@LAA,SEA,LAA,,,,,,P
128430-232608:Mason Barnett,128430-232608,P,Mason,Mason Barnett,Barnett,15.2,5,5800,HOU@ATH,ATH,HOU,,,,,,P
128430-79103:Dane Dunning,128430-79103,P,Dane,Dane Dunning,Dunning,7,12,5800,SEA@LAA,SEA,LAA,,,,,,P
128430-198353:Mitch Spence,128430-198353,P,Mitch,Mitch Spence,Spence,10.1875,32,5800,MIL@KC,KC,MIL,,,,,,P
128430-138016:Brandon Waddell,128430-138016,P,Brandon,Brandon Waddell,Waddell,11.27272727,11,5800,NYM@SF,NYM,SF,IL,Shoulder,,,,P
128430-189299:Victor Mederos,128430-189299,P,Victor,Victor Mederos,Mederos,10.2,5,5800,SEA@LAA,LAA,SEA,,,,,,P
128430-135208:Shawn Dubin,128430-135208,P,Shawn,Shawn Dubin,Dubin,4.666666667,30,5700,ATL@ARI,ARI,ATL,,,,,,P
128430-102446:Tristan Beck,128430-102446,P,Tristan,Tristan Beck,Beck,6.838709677,31,5700,NYM@SF,SF,NYM,,,,,,P
128430-102456:Jhonathan Diaz,128430-102456,P,Jhonathan,Jhonathan Diaz,Diaz,7,1,5700,SEA@LAA,SEA,LAA,,,,,,P
128430-135245:Tommy Henry,128430-135245,P,Tommy,Tommy Henry,Henry,17.5,2,5700,ATL@ARI,ARI,ATL,O,Elbow,,,,P
128430-102572:Tobias Myers,128430-102572,P,Tobias,Tobias Myers,Myers,10,3,5700,NYM@SF,NYM,SF,,,,,,P
128430-102574:Jake Woodford,128430-102574,P,Jake,Jake Woodford,Woodford,12,2,5700,MIL@KC,MIL,KC,,,,,,P
128430-238919:Mitch Bratt,128430-238919,P,Mitch,Mitch Bratt,Bratt,,0,5700,ATL@ARI,ARI,ATL,,,,,,P
128430-238916:Kohl Drake,128430-238916,P,Kohl,Kohl Drake,Drake,,0,5700,ATL@ARI,ARI,ATL,,,,,,P
128430-239015:Walbert Urena,128430-239015,P,Walbert,Walbert Urena,Urena,5.5,2,5700,SEA@LAA,LAA,SEA,,,,,,P
128430-101804:Huascar Ynoa,128430-101804,P,Huascar,Huascar Ynoa,Ynoa,,0,5700,SEA@LAA,LAA,SEA,,,,,,P
128430-101838:JT Brubaker,128430-101838,P,JT,JT Brubaker,Brubaker,7.333333333,3,5700,NYM@SF,SF,NYM,,,,,,P
128430-161256:Cooper Criswell,128430-161256,P,Cooper,Cooper Criswell,Criswell,11,3,5700,SEA@LAA,SEA,LAA,,,,,,P
128430-219695:Luinder Avila,128430-219695,P,Luinder,Luinder Avila,Avila,6.923076923,13,5700,MIL@KC,KC,MIL,,,,Yes,,P
128430-181823:Keaton Winn,128430-181823,P,Keaton,Keaton Winn,Winn,9,3,5700,NYM@SF,SF,NYM,,,,,,P
128430-164504:Joey Estes,128430-164504,P,Joey,Joey Estes,Estes,5,3,5700,HOU@ATH,ATH,HOU,,,,,,P
128430-213867:Blas Castano,128430-213867,P,Blas,Blas Castano,Castano,3,1,5700,SEA@LAA,SEA,LAA,,,,,,P
128430-79117:Peter Lambert,128430-79117,P,Peter,Peter Lambert,Lambert,,0,5600,HOU@ATH,HOU,ATH,,,,,,P
128430-238917:Dylan Ray,128430-238917,P,Dylan,Dylan Ray,Ray,,0,5600,ATL@ARI,ARI,ATL,,,,,,P
128430-164511:Dylan Dodd,128430-164511,P,Dylan,Dylan Dodd,Dodd,5.678571429,28,5600,ATL@ARI,ATL,ARI,,,,,,P
128430-226310:Jose Fermin,128430-226310,P,Jose,Jose Fermin,Fermin,4.794871795,40,5500,SEA@LAA,LAA,SEA,,,,,,P
128430-178184:Kevin Herget,128430-178184,P,Kevin,Kevin Herget,Herget,6.428571429,7,5500,NYM@SF,NYM,SF,,,,,,P
128430-171020:Michael Kelly,128430-171020,P,Michael,Michael Kelly,Kelly,3.5,2,5500,HOU@ATH,ATH,HOU,,,,,,P
128430-135192:Ryan Thompson,128430-135192,P,Ryan,Ryan Thompson,Thompson,4.5,3,5500,ATL@ARI,ARI,ATL,,,,,,P
128430-102440:Mike Baumann,128430-102440,P,Mike,Mike Baumann,Baumann,,0,5500,NYM@SF,NYM,SF,,,,,,P
128430-82999:Scott Barlow,128430-82999,P,Scott,Scott Barlow,Barlow,4.666666667,3,5500,HOU@ATH,ATH,HOU,,,,,,P
128430-190516:Daysbel Hernandez,128430-190516,P,Daysbel,Daysbel Hernandez,Hernandez,5.052631579,39,5500,ATL@ARI,ATL,ARI,IL,Shoulder,,,,P
128430-172092:Garrett Hill,128430-172092,P,Garrett,Garrett Hill,Hill,,0,5500,SEA@LAA,SEA,LAA,,,,,,P
128430-240707:Tyler Bremner,128430-240707,P,Tyler,Tyler Bremner,Bremner,,0,5500,SEA@LAA,LAA,SEA,,,,,,P
128430-79936:Mark Leiter Jr.,128430-79936,P,Mark,Mark Leiter Jr.,Leiter Jr.,2.666666667,3,5500,HOU@ATH,ATH,HOU,,,,,,P
128430-104512:Geoff Hartlieb,128430-104512,P,Geoff,Geoff Hartlieb,Hartlieb,0.25,4,5500,HOU@ATH,ATH,HOU,,,,,,P
128430-102469:Ben Bowden,128430-102469,P,Ben,Ben Bowden,Bowden,3.454545455,11,5500,HOU@ATH,ATH,HOU,,,,,,P
128430-169030:Zach Jackson,128430-169030,P,Zach,Zach Jackson,Jackson,,0,5500,HOU@ATH,ATH,HOU,,,,,,P
128430-11333:Craig Kimbrel,128430-11333,P,Craig,Craig Kimbrel,Kimbrel,5.571428571,14,5500,NYM@SF,NYM,SF,,,,,,P
128430-135237:Nick Mears,128430-135237,P,Nick,Nick Mears,Mears,7.5,2,5500,MIL@KC,KC,MIL,,,,,,P
128430-240715:Gage Jump,128430-240715,P,Gage,Gage Jump,Jump,,0,5500,HOU@ATH,ATH,HOU,,,,,,P
128430-240713:Kade Anderson,128430-240713,P,Kade,Kade Anderson,Anderson,,0,5500,SEA@LAA,SEA,LAA,,,,,,P
128430-102474:Eli Morgan,128430-102474,P,Eli,Eli Morgan,Morgan,0.571428571,7,5500,MIL@KC,KC,MIL,,,,,,P
128430-240712:Jamie Arnold,128430-240712,P,Jamie,Jamie Arnold,Arnold,,0,5500,HOU@ATH,ATH,HOU,,,,,,P
128430-240719:JR Ritchie,128430-240719,P,JR,JR Ritchie,Ritchie,,0,5500,ATL@ARI,ATL,ARI,,,,,,P
128430-102479:Lincoln Henzman,128430-102479,P,Lincoln,Lincoln Henzman,Henzman,,0,5500,HOU@ATH,ATH,HOU,,,,,,P
128430-135249:Bryce Jarvis,128430-135249,P,Bryce,Bryce Jarvis,Jarvis,7.909090909,12,5500,ATL@ARI,ARI,ATL,,,,,,P
128430-161907:Dylan Lee,128430-161907,P,Dylan,Dylan Lee,Lee,6,3,5500,ATL@ARI,ATL,ARI,,,,,,P
128430-102515:Aaron Ashby,128430-102515,P,Aaron,Aaron Ashby,Ashby,13.25,4,5500,MIL@KC,MIL,KC,,,,,,P
128430-159857:Jose Marte,128430-159857,P,Jose,Jose Marte,Marte,,0,5500,NYM@SF,NYM,SF,DTD,Shoulder,,,,P
128430-85108:Enyel De Los Santos,128430-85108,P,Enyel,Enyel De Los Santos,De Los Santos,5.225806452,65,5500,HOU@ATH,HOU,ATH,IL,Knee,,,,P
128430-231540:Houston Roth,128430-231540,P,Houston,Houston Roth,Roth,,0,5500,SEA@LAA,SEA,LAA,,,,,,P
128430-13438:Drew Pomeranz,128430-13438,P,Drew,Drew Pomeranz,Pomeranz,2.333333333,3,5500,SEA@LAA,LAA,SEA,,,,,,P
128430-201853:Ryan Loutos,128430-201853,P,Ryan,Ryan Loutos,Loutos,1.363636364,12,5500,SEA@LAA,SEA,LAA,,,,,,P
128430-187521:Joe Jacques,128430-187521,P,Joe,Joe Jacques,Jacques,,0,5500,NYM@SF,NYM,SF,,,,,,P
128430-116868:Gabe Speier,128430-116868,P,Gabe,Gabe Speier,Speier,3.333333333,3,5500,SEA@LAA,SEA,LAA,,,,,,P
128430-135306:Cole Wilcox,128430-135306,P,Cole,Cole Wilcox,Wilcox,10.5,2,5500,SEA@LAA,SEA,LAA,,,,,,P
128430-114827:John Schreiber,128430-114827,P,John,John Schreiber,Schreiber,3,3,5500,MIL@KC,KC,MIL,,,,,,P
128430-135313:Nick Sandlin,128430-135313,P,Nick,Nick Sandlin,Sandlin,4.473684211,19,5500,SEA@LAA,LAA,SEA,,,,,,P
128430-102549:Andres Munoz,128430-102549,P,Andres,Andres Munoz,Munoz,4.5,2,5500,SEA@LAA,SEA,LAA,,,,,,P
128430-38043:Enny Romero,128430-38043,P,Enny,Enny Romero,Romero,,0,5500,NYM@SF,SF,NYM,,,,,,P
128430-102558:Gregory Santos,128430-102558,P,Gregory,Gregory Santos,Santos,1.875,8,5500,NYM@SF,SF,NYM,,,,,,P
128430-232618:Taylor Rashi,128430-232618,P,Taylor,Taylor Rashi,Rashi,9.1,10,5500,ATL@ARI,ARI,ATL,,,,,,P
128430-83116:Wander Suero,128430-83116,P,Wander,Wander Suero,Suero,3.2,5,5500,HOU@ATH,ATH,HOU,,,,,,P
128430-145591:Eduard Bazardo,128430-145591,P,Eduard,Eduard Bazardo,Bazardo,3.333333333,3,5500,SEA@LAA,SEA,LAA,,,,,,P
128430-145593:Carlos Vargas,128430-145593,P,Carlos,Carlos Vargas,Vargas,4.460526316,76,5500,SEA@LAA,SEA,LAA,IL,Lat,,,,P
128430-102590:Joey Gerber,128430-102590,P,Joey,Joey Gerber,Gerber,11,2,5500,NYM@SF,NYM,SF,,,,,,P
128430-102593:Gerardo Carrillo,128430-102593,P,Gerardo,Gerardo Carrillo,Carrillo,,0,5500,ATL@ARI,ARI,ATL,,,,,,P
128430-145610:Angel Zerpa,128430-145610,P,Angel,Angel Zerpa,Zerpa,5,3,5500,MIL@KC,MIL,KC,,,,,,P
128430-194770:Nick Hernandez,128430-194770,P,Nick,Nick Hernandez,Hernandez,5.222222222,10,5500,HOU@ATH,ATH,HOU,,,,,,P
128430-83154:Miguel Del Pozo,128430-83154,P,Miguel,Miguel Del Pozo,Del Pozo,,0,5500,NYM@SF,SF,NYM,,,,,,P
128430-145620:Helcris Olivarez,128430-145620,P,Helcris,Helcris Olivarez,Olivarez,,0,5500,MIL@KC,KC,MIL,,,,,,P
128430-38106:Kirby Yates,128430-38106,P,Kirby,Kirby Yates,Yates,4.833333333,50,5500,SEA@LAA,LAA,SEA,IL,Knee,,,,P
128430-83163:Jonathan Loaisiga,128430-83163,P,Jonathan,Jonathan Loaisiga,Loaisiga,5.333333333,3,5500,ATL@ARI,ARI,ATL,,,,,,P
128430-79071:Taylor Clarke,128430-79071,P,Taylor,Taylor Clarke,Clarke,1.333333333,3,5500,ATL@ARI,ARI,ATL,,,,,,P
128430-209116:Troy Taylor,128430-209116,P,Troy,Troy Taylor,Taylor,-0.142857143,8,5500,SEA@LAA,SEA,LAA,,,,,,P
128430-60640:Nick Burdi,128430-60640,P,Nick,Nick Burdi,Burdi,7.75,4,5500,NYM@SF,NYM,SF,,,,,,P
128430-83170:Thomas Pannone,128430-83170,P,Thomas,Thomas Pannone,Pannone,,0,5500,MIL@KC,MIL,KC,IL,Forearm,,,,P
128430-152806:Jason Foley,128430-152806,P,Jason,Jason Foley,Foley,,0,5500,NYM@SF,SF,NYM,IL,Shoulder,,,,P
128430-146670:Christian Roa,128430-146670,P,Christian,Christian Roa,Roa,3.5,2,5500,HOU@ATH,HOU,ATH,,,,,,P
128430-146691:Asa Lacy,128430-146691,P,Asa,Asa Lacy,Lacy,,0,5500,MIL@KC,KC,MIL,IL,Elbow,,,,P
128430-146688:Alex Santos II,128430-146688,P,Alex,Alex Santos II,Santos II,,0,5500,HOU@ATH,HOU,ATH,,,,,,P
128430-85255:Shaun Anderson,128430-85255,P,Shaun,Shaun Anderson,Anderson,9,1,5500,SEA@LAA,LAA,SEA,,,,,,P
128430-85263:CD Pelham,128430-85263,P,CD,CD Pelham,Pelham,,0,5500,HOU@ATH,ATH,HOU,,,,,,P
128430-146706:Robert Dominguez,128430-146706,P,Robert,Robert Dominguez,Dominguez,,0,5500,NYM@SF,NYM,SF,,,,,,P
128430-197907:Brady Basso,128430-197907,P,Brady,Brady Basso,Basso,5.090909091,11,5500,HOU@ATH,ATH,HOU,,,,,,P
128430-225559:Juan Morillo,128430-225559,P,Juan,Juan Morillo,Morillo,2.25,4,5500,ATL@ARI,ARI,ATL,,,,,,P
128430-79124:Joe Jimenez,128430-79124,P,Joe,Joe Jimenez,Jimenez,,0,5500,ATL@ARI,ATL,ARI,IL,Knee,,,,P
128430-232728:Hayden Harris,128430-232728,P,Hayden,Hayden Harris,Harris,1.666666667,3,5500,ATL@ARI,ATL,ARI,,,,,,P
128430-197916:Anthony Maldonado,128430-197916,P,Anthony,Anthony Maldonado,Maldonado,2.5,6,5500,HOU@ATH,HOU,ATH,,,,,,P
128430-116002:Joel Kuhnel,128430-116002,P,Joel,Joel Kuhnel,Kuhnel,,0,5500,HOU@ATH,ATH,HOU,,,,,,P
128430-85289:Nick Anderson,128430-85289,P,Nick,Nick Anderson,Anderson,3.666666667,12,5500,HOU@ATH,ATH,HOU,,,,,,P
128430-232744:Jayden Murray,128430-232744,P,Jayden,Jayden Murray,Murray,5.888888889,9,5500,HOU@ATH,HOU,ATH,,,,,,P
128430-185662:Sammy Peralta,128430-185662,P,Sammy,Sammy Peralta,Peralta,5.8,5,5500,MIL@KC,MIL,KC,,,,,,P
128430-180540:Easton McGee,128430-180540,P,Easton,Easton McGee,McGee,6.222222222,9,5500,MIL@KC,MIL,KC,,,,,,P
128430-203074:Spencer Bivens,128430-203074,P,Spencer,Spencer Bivens,Bivens,6.277777778,54,5500,NYM@SF,SF,NYM,,,,,,P
128430-238912:Steven Zobac,128430-238912,P,Steven,Steven Zobac,Zobac,,0,5500,MIL@KC,KC,MIL,,,,,,P
128430-174406:Huascar Brazoban,128430-174406,P,Huascar,Huascar Brazoban,Brazoban,5,3,5500,NYM@SF,NYM,SF,,,,,,P
128430-117065:James Karinchak,128430-117065,P,James,James Karinchak,Karinchak,,0,5500,ATL@ARI,ATL,ARI,,,,,,P
128430-228682:Eduarniel Nunez,128430-228682,P,Eduarniel,Eduarniel Nunez,Nunez,4.7,10,5500,HOU@ATH,ATH,HOU,,,,,,P
128430-79209:A.J. Puk,128430-79209,P,A.J.,A.J. Puk,Puk,6.375,8,5500,ATL@ARI,ARI,ATL,IL,Elbow,,,,P
128430-38251:Hunter Strickland,128430-38251,P,Hunter,Hunter Strickland,Strickland,4.736842105,19,5500,SEA@LAA,LAA,SEA,,,,,,P
128430-118122:Angel Perdomo,128430-118122,P,Angel,Angel Perdomo,Perdomo,2.5,4,5500,SEA@LAA,LAA,SEA,,,,,,P
128430-153961:Tayler Saucedo,128430-153961,P,Tayler,Tayler Saucedo,Saucedo,4.3,10,5500,SEA@LAA,LAA,SEA,,,,,,P
128430-238974:Chen Zhong-Ao Zhuang,128430-238974,P,Chen Zhong-Ao,Chen Zhong-Ao Zhuang,Zhuang,,0,5500,HOU@ATH,ATH,HOU,,,,,,P
128430-238973:Braden Nett,128430-238973,P,Braden,Braden Nett,Nett,,0,5500,HOU@ATH,ATH,HOU,,,,,,P
128430-181651:Matt Krook,128430-181651,P,Matt,Matt Krook,Krook,4.333333333,3,5500,HOU@ATH,ATH,HOU,,,,,,P
128430-79250:Junior Fernandez,128430-79250,P,Junior,Junior Fernandez,Fernandez,,0,5500,ATL@ARI,ARI,ATL,,,,,,P
128430-193949:Steven Cruz,128430-193949,P,Steven,Steven Cruz,Cruz,1,2,5500,MIL@KC,KC,MIL,,,,,,P
128430-61858:Raisel Iglesias,128430-61858,P,Raisel,Raisel Iglesias,Iglesias,4.5,2,5500,ATL@ARI,ATL,ARI,,,,,,P
128430-101801:Joel Payamps,128430-101801,P,Joel,Joel Payamps,Payamps,2,2,5500,ATL@ARI,ATL,ARI,,,,,,P
128430-118185:Matt Foster,128430-118185,P,Matt,Matt Foster,Foster,,0,5500,ATL@ARI,ARI,ATL,,,,,,P
128430-79275:Sean Reid-Foley,128430-79275,P,Sean,Sean Reid-Foley,Reid-Foley,,0,5500,ATL@ARI,ATL,ARI,,,,,,P
128430-219568:Rolddy Munoz,128430-219568,P,Rolddy,Rolddy Munoz,Munoz,3.666666667,3,5500,ATL@ARI,ATL,ARI,,,,,,P
128430-101814:Sam Hentges,128430-101814,P,Sam,Sam Hentges,Hentges,,0,5500,NYM@SF,SF,NYM,IL,Knee,,,,P
128430-101816:Bryan Abreu,128430-101816,P,Bryan,Bryan Abreu,Abreu,3.333333333,3,5500,HOU@ATH,HOU,ATH,,,,,,P
128430-101819:Jose Suarez,128430-101819,P,Jose,Jose Suarez,Suarez,17,1,5500,ATL@ARI,ATL,ARI,,,,,,P
128430-202175:Gerson Garabito,128430-202175,P,Gerson,Gerson Garabito,Garabito,8,3,5500,MIL@KC,MIL,KC,O,Foot,,,,P
128430-40382:Luis Garcia,128430-40382,P,Luis,Luis Garcia,Garcia,3,2,5500,NYM@SF,NYM,SF,,,,,,P
128430-118208:Brooks Kriske,128430-118208,P,Brooks,Brooks Kriske,Kriske,3.9375,16,5500,HOU@ATH,ATH,HOU,,,,,,P
128430-239053:Alex Hoppe,128430-239053,P,Alex,Alex Hoppe,Hoppe,,0,5500,SEA@LAA,SEA,LAA,,,,,,P
128430-188886:Amos Willingham,128430-188886,P,Amos,Amos Willingham,Willingham,,0,5500,HOU@ATH,HOU,ATH,,,,,,P
128430-225748:Craig Yoho,128430-225748,P,Craig,Craig Yoho,Yoho,3.25,8,5500,MIL@KC,MIL,KC,IL,Calf,,,,P
128430-101854:Jacob Waguespack,128430-101854,P,Jacob,Jacob Waguespack,Waguespack,,0,5500,MIL@KC,MIL,KC,,,,,,P
128430-95737:Ian Hamilton,128430-95737,P,Ian,Ian Hamilton,Hamilton,5.583333333,36,5500,ATL@ARI,ATL,ARI,,,,,,P
128430-119299:Drey Jameson,128430-119299,P,Drey,Drey Jameson,Jameson,2,3,5500,ATL@ARI,ARI,ATL,,,,,,P
128430-232971:Philip Abner,128430-232971,P,Philip,Philip Abner,Abner,4,5,5500,ATL@ARI,ARI,ATL,,,,,,P
128430-219658:Jack Dashwood,128430-219658,P,Jack,Jack Dashwood,Dashwood,,0,5500,ATL@ARI,ATL,ARI,,,,,,P
128430-95757:Andrew Vasquez,128430-95757,P,Andrew,Andrew Vasquez,Vasquez,,0,5500,SEA@LAA,LAA,SEA,,,,,,P
128430-95756:Rowan Wick,128430-95756,P,Rowan,Rowan Wick,Wick,,0,5500,NYM@SF,SF,NYM,IL,Elbow,,,,P
128430-138767:Jesus Cruz,128430-138767,P,Jesus,Jesus Cruz,Cruz,,0,5500,SEA@LAA,LAA,SEA,,,,,,P
128430-219660:Kade Strowd,128430-219660,P,Kade,Kade Strowd,Strowd,5.666666667,25,5500,ATL@ARI,ARI,ATL,,,,,,P
128430-101905:Sam McWilliams,128430-101905,P,Sam,Sam McWilliams,McWilliams,,0,5500,MIL@KC,MIL,KC,,,,,,P
128430-170514:Jose Cuas,128430-170514,P,Jose,Jose Cuas,Cuas,,0,5500,MIL@KC,KC,MIL,,,,,,P
128430-101904:Jordan Romano,128430-101904,P,Jordan,Jordan Romano,Romano,6.666666667,3,5500,SEA@LAA,LAA,SEA,,,,,,P
128430-170512:Peter Strzelecki,128430-170512,P,Peter,Peter Strzelecki,Strzelecki,,0,5500,MIL@KC,MIL,KC,,,,,,P
128430-101911:Reed Garrett,128430-101911,P,Reed,Reed Garrett,Garrett,5.428571429,58,5500,NYM@SF,NYM,SF,IL,Elbow,,,,P
128430-162328:Reiver Sanmartin,128430-162328,P,Reiver,Reiver Sanmartin,Sanmartin,11,1,5500,NYM@SF,SF,NYM,IL,Hip,,,,P
128430-181791:Connor Thomas,128430-181791,P,Connor,Connor Thomas,Thomas,-2.5,2,5500,ATL@ARI,ATL,ARI,O,Elbow,,,,P
128430-181794:Hogan Harris,128430-181794,P,Hogan,Hogan Harris,Harris,5.25,4,5500,HOU@ATH,ATH,HOU,,,,,,P
128430-210475:Ryan Zeferjahn,128430-210475,P,Ryan,Ryan Zeferjahn,Zeferjahn,11.5,2,5500,SEA@LAA,LAA,SEA,,,,,,P
128430-181801:Jose A. Ferrer,128430-181801,P,Jose A.,Jose A. Ferrer,Ferrer,4,3,5500,SEA@LAA,SEA,LAA,,,,,,P
128430-233009:Jhancarlos Lara,128430-233009,P,Jhancarlos,Jhancarlos Lara,Lara,,0,5500,ATL@ARI,ATL,ARI,,,,,,P
128430-219696:Eric Cerantola,128430-219696,P,Eric,Eric Cerantola,Cerantola,,0,5500,MIL@KC,KC,MIL,,,,,,P
128430-181816:Casey Legumina,128430-181816,P,Casey,Casey Legumina,Legumina,7.666666667,3,5500,SEA@LAA,SEA,LAA,,,,,,P
128430-233016:Austin Pope,128430-233016,P,Austin,Austin Pope,Pope,9,1,5500,ATL@ARI,ATL,ARI,,,,,,P
128430-222786:Raul Alcantara,128430-222786,P,Raul,Raul Alcantara,Alcantara,,0,5500,MIL@KC,MIL,KC,,,,,,P
128430-185926:Ryan Walker,128430-185926,P,Ryan,Ryan Walker,Walker,3.75,4,5500,NYM@SF,SF,NYM,,,,,,P
128430-181831:Yosver Zulueta,128430-181831,P,Yosver,Yosver Zulueta,Zulueta,4.857142857,7,5500,SEA@LAA,SEA,LAA,,,,,,P
128430-72265:Matt Strahm,128430-72265,P,Matt,Matt Strahm,Strahm,5.666666667,3,5500,MIL@KC,KC,MIL,,,,,,P
128430-181838:Abner Uribe,128430-181838,P,Abner,Abner Uribe,Uribe,6,2,5500,MIL@KC,MIL,KC,,,,,,P
128430-219726:Joe Elbis,128430-219726,P,Joe,Joe Elbis,Elbis,,0,5500,ATL@ARI,ARI,ATL,,,,,,P
128430-119375:Dedniel Nunez,128430-119375,P,Dedniel,Dedniel Nunez,Nunez,5.222222222,10,5500,NYM@SF,NYM,SF,IL,Elbow,,,,P
128430-181836:Justin Martinez,128430-181836,P,Justin,Justin Martinez,Martinez,6.0625,17,5500,ATL@ARI,ARI,ATL,IL,Elbow,,,,P
128430-219725:Henry Baez,128430-219725,P,Henry,Henry Baez,Baez,,0,5500,HOU@ATH,ATH,HOU,,,,,,P
128430-181843:Josh Simpson,128430-181843,P,Josh,Josh Simpson,Simpson,4.866666667,31,5500,SEA@LAA,SEA,LAA,,,,,,P
128430-73301:Brent Suter,128430-73301,P,Brent,Brent Suter,Suter,15,2,5500,SEA@LAA,LAA,SEA,,,,,,P
128430-181845:Drew Rom,128430-181845,P,Drew,Drew Rom,Rom,,0,5500,MIL@KC,MIL,KC,,,,,,P
128430-228948:Alex Carrillo,128430-228948,P,Alex,Alex Carrillo,Carrillo,1.666666667,3,5500,NYM@SF,NYM,SF,,,,,,P
128430-181848:Tom Cosgrove,128430-181848,P,Tom,Tom Cosgrove,Cosgrove,9,2,5500,HOU@ATH,HOU,ATH,,,,,,P
128430-181854:Brendan White,128430-181854,P,Brendan,Brendan White,White,,0,5500,SEA@LAA,SEA,LAA,,,,,,P
128430-119392:Josh Wolf,128430-119392,P,Josh,Josh Wolf,Wolf,,0,5500,NYM@SF,SF,NYM,,,,,,P
128430-81507:Aaron Bummer,128430-81507,P,Aaron,Aaron Bummer,Bummer,5.5,2,5500,ATL@ARI,ATL,ARI,,,,,,P
128430-233067:Dylan Ross,128430-233067,P,Dylan,Dylan Ross,Ross,,0,5500,NYM@SF,NYM,SF,,,,,,P
128430-119403:Erik Miller,128430-119403,P,Erik,Erik Miller,Miller,4,2,5500,NYM@SF,SF,NYM,,,,,,P
128430-226925:Andrew Hoffmann,128430-226925,P,Andrew,Andrew Hoffmann,Hoffmann,11.66666667,3,5500,ATL@ARI,ARI,ATL,,,,,,P
128430-119406:Cody Bolton,128430-119406,P,Cody,Cody Bolton,Bolton,21,1,5500,HOU@ATH,HOU,ATH,,,,,,P
128430-162419:Matt Brash,128430-162419,P,Matt,Matt Brash,Brash,7.5,2,5500,SEA@LAA,SEA,LAA,,,,,,P
128430-82547:Thomas Hatch,128430-82547,P,Thomas,Thomas Hatch,Hatch,9.5,12,5500,ATL@ARI,ARI,ATL,,,,,,P
128430-82546:Adbert Alzolay,128430-82546,P,Adbert,Adbert Alzolay,Alzolay,,0,5500,NYM@SF,NYM,SF,,,,,,P
128430-119413:Isaiah Campbell,128430-119413,P,Isaiah,Isaiah Campbell,Campbell,2.333333333,6,5500,ATL@ARI,ARI,ATL,,,,,,P
128430-135798:Garrett Stallings,128430-135798,P,Garrett,Garrett Stallings,Stallings,,0,5500,MIL@KC,MIL,KC,,,,,,P
128430-82548:Alex Lange,128430-82548,P,Alex,Alex Lange,Lange,2,2,5500,MIL@KC,KC,MIL,,,,,,P
128430-118397:Trevor Megill,128430-118397,P,Trevor,Trevor Megill,Megill,6,2,5500,MIL@KC,MIL,KC,,,,,,P
128430-70271:Carlos Estevez,128430-70271,P,Carlos,Carlos Estevez,Estevez,-17,1,5500,MIL@KC,KC,MIL,IL,Foot,,,,P
128430-52871:Derek Law,128430-52871,P,Derek,Derek Law,Law,,0,5500,ATL@ARI,ARI,ATL,O,Forearm,,,,P
128430-62087:Miguel Castro,128430-62087,P,Miguel,Miguel Castro,Castro,2.5,6,5500,SEA@LAA,LAA,SEA,,,,,,P
128430-119433:JJ Goss,128430-119433,P,JJ,JJ Goss,Goss,,0,5500,HOU@ATH,ATH,HOU,,,,,,P
128430-222859:Cam Caminiti,128430-222859,P,Cam,Cam Caminiti,Caminiti,,0,5500,ATL@ARI,ATL,ARI,,,,,,P
128430-52873:Joe Ross,128430-52873,P,Joe,Joe Ross,Ross,-2.333333333,3,5500,ATL@ARI,ARI,ATL,,,,,,P
128430-110219:Sean Poppen,128430-110219,P,Sean,Sean Poppen,Poppen,,0,5500,SEA@LAA,LAA,SEA,,,,,,P
128430-73362:Rob Zastryzny,128430-73362,P,Rob,Rob Zastryzny,Zastryzny,4.615384615,26,5500,MIL@KC,MIL,KC,IL,Shoulder,,,,P
128430-203415:Bryan King,128430-203415,P,Bryan,Bryan King,King,7.25,4,5500,HOU@ATH,HOU,ATH,,,,,,P
128430-170647:Jared Koenig,128430-170647,P,Jared,Jared Koenig,Koenig,9,2,5500,MIL@KC,MIL,KC,,,,,,P
128430-220822:Elvis Alvarado,128430-220822,P,Elvis,Elvis Alvarado,Alvarado,2.666666667,3,5500,HOU@ATH,ATH,HOU,,,,,,P
128430-82584:JB Bukauskas,128430-82584,P,JB,JB Bukauskas,Bukauskas,,0,5500,MIL@KC,MIL,KC,IL,Lat,,,,P
128430-82587:Richard Lovelady,128430-82587,P,Richard,Richard Lovelady,Lovelady,8,3,5500,NYM@SF,NYM,SF,,,,,,P
128430-119451:Matt Cronin,128430-119451,P,Matt,Matt Cronin,Cronin,,0,5500,SEA@LAA,SEA,LAA,O,Undisclosed,,,,P
128430-163480:Anderson Severino,128430-163480,P,Anderson,Anderson Severino,Severino,,0,5500,NYM@SF,NYM,SF,,,,,,P
128430-165534:Norge Vera,128430-165534,P,Norge,Norge Vera,Vera,,0,5500,HOU@ATH,ATH,HOU,,,,,,P
128430-203420:Austin Kitchen,128430-203420,P,Austin,Austin Kitchen,Kitchen,,0,5500,SEA@LAA,SEA,LAA,,,,,,P
128430-202402:Justin Sterner,128430-202402,P,Justin,Justin Sterner,Sterner,5.666666667,3,5500,HOU@ATH,ATH,HOU,,,,,,P
128430-220834:Nate Lavender,128430-220834,P,Nate,Nate Lavender,Lavender,,0,5500,NYM@SF,NYM,SF,IL,Elbow,,,,P
128430-220841:Anderson Pilar,128430-220841,P,Anderson,Anderson Pilar,Pilar,,0,5500,ATL@ARI,ATL,ARI,,,,,,P
128430-164530:Caleb Kilian,128430-164530,P,Caleb,Caleb Kilian,Kilian,8.5,2,5500,NYM@SF,SF,NYM,,,,,,P
128430-165553:Dylan Smith,128430-165553,P,Dylan,Dylan Smith,Smith,7.285714286,7,5500,NYM@SF,SF,NYM,,,,,,P
128430-114356:Kevin Ginkel,128430-114356,P,Kevin,Kevin Ginkel,Ginkel,-0.666666667,3,5500,ATL@ARI,ARI,ATL,,,,,,P
128430-114360:Devin Williams,128430-114360,P,Devin,Devin Williams,Williams,7,3,5500,NYM@SF,NYM,SF,,,,,,P
128430-165566:Ben Kudrna,128430-165566,P,Ben,Ben Kudrna,Kudrna,,0,5500,MIL@KC,KC,MIL,,,,,,P
128430-165564:Frank Mozzicato,128430-165564,P,Frank,Frank Mozzicato,Mozzicato,,0,5500,MIL@KC,KC,MIL,,,,,,P
128430-165570:Ben Hernandez,128430-165570,P,Ben,Ben Hernandez,Hernandez,,0,5500,SEA@LAA,SEA,LAA,,,,,,P
128430-170699:Matt Gage,128430-170699,P,Matt,Matt Gage,Gage,4,3,5500,NYM@SF,SF,NYM,,,,,,P
128430-165577:Sam Bachman,128430-165577,P,Sam,Sam Bachman,Bachman,12,2,5500,SEA@LAA,LAA,SEA,,,,,,P
128430-81614:Thyago Vieira,128430-81614,P,Thyago,Thyago Vieira,Vieira,,0,5500,ATL@ARI,ARI,ATL,O,Elbow,,,,P
128430-198354:Anthony Molina,128430-198354,P,Anthony,Anthony Molina,Molina,5.764705882,17,5500,ATL@ARI,ATL,ARI,,,,,,P
128430-222930:Logan VanWey,128430-222930,P,Logan,Logan VanWey,VanWey,3.888888889,9,5500,HOU@ATH,HOU,ATH,,,,,,P
128430-198352:Shane Drohan,128430-198352,P,Shane,Shane Drohan,Drohan,,0,5500,MIL@KC,MIL,KC,,,,,,P
128430-82653:Ryan Borucki,128430-82653,P,Ryan,Ryan Borucki,Borucki,2.333333333,3,5500,NYM@SF,SF,NYM,,,,,,P
128430-229084:Brandyn Garcia,128430-229084,P,Brandyn,Brandyn Garcia,Garcia,4.142857143,14,5500,ATL@ARI,ARI,ATL,,,,,,P
128430-14049:Bryan Shaw,128430-14049,P,Bryan,Bryan Shaw,Shaw,,0,5500,SEA@LAA,SEA,LAA,,,,,,P
128430-82656:Nate Pearson,128430-82656,P,Nate,Nate Pearson,Pearson,1.818181818,11,5500,HOU@ATH,HOU,ATH,IL,Elbow,,,,P
128430-181985:Guillo Zuniga,128430-181985,P,Guillo,Guillo Zuniga,Zuniga,,0,5500,SEA@LAA,SEA,LAA,,,,,,P
128430-187110:Ben Joyce,128430-187110,P,Ben,Ben Joyce,Joyce,2.6,5,5500,SEA@LAA,LAA,SEA,IL,Shoulder,,,,P
128430-81641:John Curtiss,128430-81641,P,John,John Curtiss,Curtiss,5.24137931,30,5500,ATL@ARI,ARI,ATL,,,,,,P
128430-81642:A.J. Minter,128430-81642,P,A.J.,A.J. Minter,Minter,5.307692308,13,5500,NYM@SF,NYM,SF,IL,Lat,,,,P
128430-187121:Grant Anderson,128430-187121,P,Grant,Grant Anderson,Anderson,8.25,4,5500,MIL@KC,MIL,KC,,,,,,P
128430-165621:Russell Smith,128430-165621,P,Russell,Russell Smith,Smith,,0,5500,MIL@KC,MIL,KC,,,,,,P
128430-165625:Calvin Ziegler,128430-165625,P,Calvin,Calvin Ziegler,Ziegler,,0,5500,NYM@SF,NYM,SF,DTD,Elbow,,,,P
128430-84732:Robert Stock,128430-84732,P,Robert,Robert Stock,Stock,1,2,5500,NYM@SF,NYM,SF,O,Shoulder,,,,P
128430-13055:Anthony Gose,128430-13055,P,Anthony,Anthony Gose,Gose,,0,5500,ATL@ARI,ARI,ATL,,,,,,P
128430-228101:Jonathan Pintaro,128430-228101,P,Jonathan,Jonathan Pintaro,Pintaro,-1,1,5500,NYM@SF,NYM,SF,,,,,,P
128430-161545:Kaleb Ort,128430-161545,P,Kaleb,Kaleb Ort,Ort,4.530612245,49,5500,SEA@LAA,LAA,SEA,,,,,,P
128430-194323:Hunter Stratton,128430-194323,P,Hunter,Hunter Stratton,Stratton,5.2,15,5500,ATL@ARI,ATL,ARI,,,,,,P
128430-194320:Andrew Saalfrank,128430-194320,P,Andrew,Andrew Saalfrank,Saalfrank,5.142857143,28,5500,ATL@ARI,ARI,ATL,IL,Shoulder,,,,P
128430-237341:Robinson Ortiz,128430-237341,P,Robinson,Robinson Ortiz,Ortiz,,0,5500,SEA@LAA,SEA,LAA,,,,,,P
128430-201506:Tyler Ferguson,128430-201506,P,Tyler,Tyler Ferguson,Ferguson,4.821428571,56,5500,HOU@ATH,ATH,HOU,,,,,,P
128430-199461:Luis Contreras,128430-199461,P,Luis,Luis Contreras,Contreras,5.333333333,9,5500,HOU@ATH,ATH,HOU,,,,,,P
128430-135976:Bennett Sousa,128430-135976,P,Bennett,Bennett Sousa,Sousa,7.23255814,44,5500,HOU@ATH,HOU,ATH,IL,Oblique,,,,P
128430-199465:Juan Sanchez,128430-199465,P,Juan,Juan Sanchez,Sanchez,,0,5500,NYM@SF,SF,NYM,,,,,,P
128430-165682:Michael Morales,128430-165682,P,Michael,Michael Morales,Morales,,0,5500,SEA@LAA,SEA,LAA,,,,,,P
128430-103218:Nick Margevicius,128430-103218,P,Nick,Nick Margevicius,Margevicius,,0,5500,NYM@SF,SF,NYM,,,,,,P
128430-165687:Will Bednar,128430-165687,P,Will,Will Bednar,Bednar,,0,5500,NYM@SF,SF,NYM,,,,,,P
128430-165691:Manuel Mercedes,128430-165691,P,Manuel,Manuel Mercedes,Mercedes,,0,5500,NYM@SF,SF,NYM,,,,,,P
128430-163641:Ray Kerr,128430-163641,P,Ray,Ray Kerr,Kerr,,0,5500,ATL@ARI,ATL,ARI,IL,Elbow,,,,P
128430-163655:Daniel Duarte,128430-163655,P,Daniel,Daniel Duarte,Duarte,,0,5500,NYM@SF,NYM,SF,,,,,,P
128430-119622:Matt Allan,128430-119622,P,Matt,Matt Allan,Allan,,0,5500,NYM@SF,NYM,SF,,,,,,P
128430-163658:Randy Rodriguez,128430-163658,P,Randy,Randy Rodriguez,Rodriguez,6.82,50,5500,NYM@SF,SF,NYM,IL,Elbow,,,,P
128430-213851:Domingo Gonzalez,128430-213851,P,Domingo,Domingo Gonzalez,Gonzalez,,0,5500,SEA@LAA,SEA,LAA,,,,,,P
128430-108380:Tayler Scott,128430-108380,P,Tayler,Tayler Scott,Scott,3.666666667,24,5500,ATL@ARI,ATL,ARI,,,,,,P
128430-228189:Juan Burgos,128430-228189,P,Juan,Juan Burgos,Burgos,4.692307692,13,5500,ATL@ARI,ARI,ATL,,,,,,P
128430-163677:James McArthur,128430-163677,P,James,James McArthur,McArthur,,0,5500,MIL@KC,KC,MIL,IL,Elbow,,,,P
128430-163692:Jose Butto,128430-163692,P,Jose,Jose Butto,Butto,2,3,5500,NYM@SF,SF,NYM,IL,Forearm,,,,P
128430-68466:Steven Okert,128430-68466,P,Steven,Steven Okert,Okert,8.5,2,5500,HOU@ATH,HOU,ATH,,,,,,P
128430-203642:Raymond Burgos,128430-203642,P,Raymond,Raymond Burgos,Burgos,,0,5500,NYM@SF,SF,NYM,,,,,,P
128430-68474:Josh Hader,128430-68474,P,Josh,Josh Hader,Hader,8.041666667,48,5500,HOU@ATH,HOU,ATH,IL,Biceps,,,,P
128430-82810:Elieser Hernandez,128430-82810,P,Elieser,Elieser Hernandez,Hernandez,,0,5500,ATL@ARI,ATL,ARI,,,,,,P
128430-161675:Jonathan Heasley,128430-161675,P,Jonathan,Jonathan Heasley,Heasley,,0,5500,MIL@KC,KC,MIL,,,,,,P
128430-170889:Aneurys Zabala,128430-170889,P,Aneurys,Aneurys Zabala,Zabala,,0,5500,SEA@LAA,LAA,SEA,,,,,,P
128430-23437:Brooks Raley,128430-23437,P,Brooks,Brooks Raley,Raley,7,3,5500,NYM@SF,NYM,SF,,,,,,P
128430-102300:Michael Rucker,128430-102300,P,Michael,Michael Rucker,Rucker,,0,5500,SEA@LAA,SEA,LAA,,,,,,P
128430-157600:Austin Warren,128430-157600,P,Austin,Austin Warren,Warren,11.6,5,5500,NYM@SF,NYM,SF,,,,,,P
128430-68520:Michael Fulmer,128430-68520,P,Michael,Michael Fulmer,Fulmer,5.666666667,3,5500,NYM@SF,SF,NYM,,,,,,P
128430-52146:Carl Edwards Jr.,128430-52146,P,Carl,Carl Edwards Jr.,Edwards Jr.,6.75,4,5500,NYM@SF,NYM,SF,,,,,,P
128430-52152:Robert Stephenson,128430-52152,P,Robert,Robert Stephenson,Stephenson,5.727272727,12,5500,SEA@LAA,LAA,SEA,IL,Elbow,,,,P
128430-102333:Daniel Lynch IV,128430-102333,P,Daniel,Daniel Lynch IV,Lynch IV,6,2,5500,MIL@KC,KC,MIL,,,,,,P
128430-163782:Robert Suarez,128430-163782,P,Robert,Robert Suarez,Suarez,5,3,5500,ATL@ARI,ATL,ARI,,,,,,P
128430-232399:Joel Peguero,128430-232399,P,Joel,Joel Peguero,Peguero,6.941176471,17,5500,NYM@SF,SF,NYM,IL,Hamstring,,,,P
128430-68561:Luke Weaver,128430-68561,P,Luke,Luke Weaver,Weaver,5,3,5500,NYM@SF,NYM,SF,,,,,,P
128430-198618:Coleman Crow,128430-198618,P,Coleman,Coleman Crow,Crow,,0,5500,MIL@KC,MIL,KC,,,,,,P
128430-102364:Blayne Enlow,128430-102364,P,Blayne,Blayne Enlow,Enlow,,0,5500,ATL@ARI,ATL,ARI,,,,,,P
128430-52194:Aaron Sanchez,128430-52194,P,Aaron,Aaron Sanchez,Sanchez,,0,5500,MIL@KC,KC,MIL,,,,,,P
128430-102375:Luis Medina,128430-102375,P,Luis,Luis Medina,Medina,6.5,2,5500,HOU@ATH,ATH,HOU,,,,,,P
128430-169957:Danny Young,128430-169957,P,Danny,Danny Young,Young,5.2,10,5500,ATL@ARI,ATL,ARI,IL,Elbow,,,,P
128430-68584:Tyler Jay,128430-68584,P,Tyler,Tyler Jay,Jay,,0,5500,MIL@KC,MIL,KC,,,,,,P
128430-79848:Paul Sewald,128430-79848,P,Paul,Paul Sewald,Sewald,6.333333333,3,5500,ATL@ARI,ARI,ATL,,,,,,P
128430-70634:Daniel Mengden,128430-70634,P,Daniel,Daniel Mengden,Mengden,,0,5500,ATL@ARI,ARI,ATL,,,,,,P
128430-82922:Tyler Kinley,128430-82922,P,Tyler,Tyler Kinley,Kinley,6,2,5500,ATL@ARI,ATL,ARI,,,,,,P
128430-79852:Lucas Erceg,128430-79852,P,Lucas,Lucas Erceg,Erceg,3.666666667,3,5500,MIL@KC,KC,MIL,,,,,,P
128430-68590:Javy Guerra,128430-68590,P,Javy,Javy Guerra,Guerra,,0,5500,ATL@ARI,ATL,ARI,,,,,,P
128430-102399:Sam Carlson,128430-102399,P,Sam,Sam Carlson,Carlson,,0,5500,HOU@ATH,HOU,ATH,,,,,,P
128430-79282:Juan Soto,128430-79282,OF,Juan,Juan Soto,Soto,11.58571407,7,4300,NYM@SF,NYM,SF,,,,,,OF/UTIL
128430-119297:Corbin Carroll,128430-119297,OF,Corbin,Corbin Carroll,Carroll,14.42857143,7,4100,ATL@ARI,ARI,ATL,,,,,,OF/UTIL
128430-16952:Francisco Lindor,128430-16952,SS,Francisco,Francisco Lindor,Lindor,9.571428571,7,4000,NYM@SF,NYM,SF,,,,,,SS/UTIL
128430-222794:Nick Kurtz,128430-222794,1B,Nick,Nick Kurtz,Kurtz,6.120000076,5,4000,HOU@ATH,ATH,HOU,,,,,,C/1B/UTIL
128430-82575:Yordan Alvarez,128430-82575,OF,Yordan,Yordan Alvarez,Alvarez,20.37142944,7,4000,HOU@ATH,HOU,ATH,,,,,,OF/UTIL
128430-119303:Shea Langeliers,128430-119303,C,Shea,Shea Langeliers,Langeliers,19.83333333,6,3900,HOU@ATH,ATH,HOU,,,,,,C/1B/UTIL
128430-119349:Bobby Witt Jr.,128430-119349,SS,Bobby,Bobby Witt Jr.,Witt Jr.,7.200000127,6,3900,MIL@KC,KC,MIL,,,,,,SS/UTIL
128430-12933:Mike Trout,128430-12933,OF,Mike,Mike Trout,Trout,15.38571385,7,3900,SEA@LAA,LAA,SEA,,,,,,OF/UTIL
128430-82734:Luis Robert Jr.,128430-82734,OF,Luis,Luis Robert Jr.,Robert Jr.,10.29999978,7,3900,NYM@SF,NYM,SF,,,,,,OF/UTIL
128430-21609:Christian Yelich,128430-21609,OF,Christian,Christian Yelich,Yelich,14.25,6,3800,MIL@KC,MIL,KC,,,,,,OF/UTIL
128430-102554:Cal Raleigh,128430-102554,C,Cal,Cal Raleigh,Raleigh,6.285714286,7,3800,SEA@LAA,SEA,LAA,,,,,,C/1B/UTIL
128430-102438:Geraldo Perdomo,128430-102438,SS,Geraldo,Geraldo Perdomo,Perdomo,8.771428789,7,3700,ATL@ARI,ARI,ATL,,,,,,SS/UTIL
128430-85261:Randy Arozarena,128430-85261,OF,Randy,Randy Arozarena,Arozarena,11.4857145,7,3600,SEA@LAA,SEA,LAA,,,,,,OF/UTIL
128430-21853:Ketel Marte,128430-21853,2B,Ketel,Ketel Marte,Marte,7.085714068,7,3600,ATL@ARI,ARI,ATL,,,,,,2B/UTIL
128430-102400:Julio Rodriguez,128430-102400,OF,Julio,Julio Rodriguez,Rodriguez,3.985714231,7,3500,SEA@LAA,SEA,LAA,,,,,,OF/UTIL
128430-222858:Drake Baldwin,128430-222858,C,Drake,Drake Baldwin,Baldwin,17.54285758,7,3500,ATL@ARI,ATL,ARI,,,,,,C/1B/UTIL
128430-165611:Jackson Chourio,128430-165611,OF,Jackson,Jackson Chourio,Chourio,11.70857108,140,3500,MIL@KC,MIL,KC,IL,Hand,,,,OF/UTIL
128430-163706:Brendan Donovan,128430-163706,3B/2B/SS/OF,Brendan,Brendan Donovan,Donovan,14.97142901,7,3500,SEA@LAA,SEA,LAA,,,,,,2B/3B/SS/OF/UTIL
128430-79756:Ronald Acuna Jr.,128430-79756,OF,Ronald,Ronald Acuna Jr.,Acuna Jr.,7.028571538,7,3500,ATL@ARI,ATL,ARI,,,,,,OF/UTIL
128430-52175:Matt Olson,128430-52175,1B,Matt,Matt Olson,Olson,12.5,7,3500,ATL@ARI,ATL,ARI,,,,,,C/1B/UTIL
128430-119345:Jeremy Pena,128430-119345,SS,Jeremy,Jeremy Pena,Pena,7.133333206,3,3400,HOU@ATH,HOU,ATH,,,,,,SS/UTIL
128430-102284:William Contreras,128430-102284,C,William,William Contreras,Contreras,12.05000051,6,3400,MIL@KC,MIL,KC,,,,,,C/1B/UTIL
128430-102353:Brice Turang,128430-102353,2B,Brice,Brice Turang,Turang,18.11666616,6,3400,MIL@KC,MIL,KC,,,,,,2B/UTIL
128430-185300:Zach Neto,128430-185300,SS,Zach,Zach Neto,Neto,14.12857165,7,3400,SEA@LAA,LAA,SEA,,,,,,SS/UTIL
128430-14562:Jose Altuve,128430-14562,2B/OF,Jose,Jose Altuve,Altuve,15.87142835,7,3300,HOU@ATH,HOU,ATH,,,,,,2B/OF/UTIL
128430-68585:Rafael Devers,128430-68585,3B/1B,Rafael,Rafael Devers,Devers,7.414285932,7,3300,NYM@SF,SF,NYM,,,,,,C/1B/3B/UTIL
128430-165571:Vinnie Pasquantino,128430-165571,1B,Vinnie,Vinnie Pasquantino,Pasquantino,7.900000254,6,3200,MIL@KC,KC,MIL,,,,,,C/1B/UTIL
128430-193598:Nolan Schanuel,128430-193598,1B,Nolan,Nolan Schanuel,Schanuel,13.01666641,6,3100,SEA@LAA,LAA,SEA,,,,,,C/1B/UTIL
128430-102485:Kyle Isbel,128430-102485,OF,Kyle,Kyle Isbel,Isbel,17.96000061,5,3100,MIL@KC,KC,MIL,,,,,,OF/UTIL
128430-135298:Tyler Soderstrom,128430-135298,1B/OF,Tyler,Tyler Soderstrom,Soderstrom,3.583333333,6,3100,HOU@ATH,ATH,HOU,,,,,,C/1B/OF/UTIL
128430-146697:Garrett Mitchell,128430-146697,OF,Garrett,Garrett Mitchell,Mitchell,13.81999969,5,3100,MIL@KC,MIL,KC,,,,,,OF/UTIL
128430-82574:Isaac Paredes,128430-82574,3B,Isaac,Isaac Paredes,Paredes,11.55000051,6,3100,HOU@ATH,HOU,ATH,,,,,,3B/UTIL
128430-165605:Sal Frelick,128430-165605,OF,Sal,Sal Frelick,Frelick,8.766666412,6,3100,MIL@KC,MIL,KC,,,,,,OF/UTIL
128430-163689:Maikel Garcia,128430-163689,3B/2B/OF,Maikel,Maikel Garcia,Garcia,10.34999975,6,3100,MIL@KC,KC,MIL,,,,,,2B/3B/OF/UTIL
128430-79074:Austin Riley,128430-79074,3B,Austin,Austin Riley,Riley,6.628571647,7,3000,ATL@ARI,ATL,ARI,,,,,,3B/UTIL
128430-79255:Jake Bauers,128430-79255,1B/OF,Jake,Jake Bauers,Bauers,14.03333282,6,3000,MIL@KC,MIL,KC,,,,,,C/1B/OF/UTIL
128430-79272:Lourdes Gurriel Jr.,128430-79272,OF,Lourdes,Lourdes Gurriel Jr.,Gurriel Jr.,9.646511817,129,3000,ATL@ARI,ARI,ATL,IL,Knee,,,,OF/UTIL
128430-136672:Michael Harris II,128430-136672,OF,Michael,Michael Harris II,Harris II,8.585714068,7,3000,ATL@ARI,ATL,ARI,,,,,,OF/UTIL
128430-164513:Joey Ortiz,128430-164513,3B/2B/SS,Joey,Joey Ortiz,Ortiz,12.5,5,3000,MIL@KC,MIL,KC,,,,,,2B/3B/SS/UTIL
128430-52170:Dominic Smith,128430-52170,1B/OF,Dominic,Dominic Smith,Smith,15.73999939,5,3000,ATL@ARI,ATL,ARI,,,,,,C/1B/OF/UTIL
128430-102363:Luke Raley,128430-102363,OF/1B,Luke,Luke Raley,Raley,15.11999969,5,3000,SEA@LAA,SEA,LAA,,,,,,C/1B/OF/UTIL
128430-102365:Francisco Alvarez,128430-102365,C,Francisco,Francisco Alvarez,Alvarez,6.585714068,7,3000,NYM@SF,NYM,SF,,,,,,C/1B/UTIL
128430-60655:Willy Adames,128430-60655,SS,Willy,Willy Adames,Adames,6.628571647,7,2900,NYM@SF,SF,NYM,,,,,,SS/UTIL
128430-38218:Christian Walker,128430-38218,1B,Christian,Christian Walker,Walker,11.72857121,7,2900,HOU@ATH,HOU,ATH,,,,,,C/1B/UTIL
128430-21874:Jorge Polanco,128430-21874,1B/2B/3B,Jorge,Jorge Polanco,Polanco,7.150000254,6,2900,NYM@SF,NYM,SF,,,,,,C/1B/2B/3B/UTIL
128430-119376:Brett Baty,128430-119376,3B/2B,Brett,Brett Baty,Baty,7.849999746,6,2900,NYM@SF,NYM,SF,,,,,,2B/3B/UTIL
128430-82580:Jo Adell,128430-82580,OF,Jo,Jo Adell,Adell,5.771428789,7,2900,SEA@LAA,LAA,SEA,,,,,,OF/UTIL
128430-38614:Carlos Correa,128430-38614,SS/3B,Carlos,Carlos Correa,Correa,12.21428571,7,2900,HOU@ATH,HOU,ATH,,,,,,3B/SS/UTIL
128430-82654:Bo Bichette,128430-82654,SS/3B,Bo,Bo Bichette,Bichette,5.028571538,7,2900,NYM@SF,NYM,SF,,,,,,3B/SS/UTIL
128430-198539:Jung Hoo Lee,128430-198539,OF,Jung Hoo,Jung Hoo Lee,Lee,8.085714068,7,2900,NYM@SF,SF,NYM,,,,,,OF/UTIL
128430-68544:Matt Chapman,128430-68544,3B,Matt,Matt Chapman,Chapman,8.899999891,7,2900,NYM@SF,SF,NYM,,,,,,3B/UTIL
128430-68587:Ozzie Albies,128430-68587,2B,Ozzie,Ozzie Albies,Albies,9.285714286,7,2900,ATL@ARI,ATL,ARI,,,,,,2B/UTIL
128430-189530:Dominic Canzone,128430-189530,OF,Dominic,Dominic Canzone,Canzone,12.41666667,6,2800,SEA@LAA,SEA,LAA,,,,,,OF/UTIL
128430-61553:Yoan Moncada,128430-61553,3B,Yoan,Yoan Moncada,Moncada,8.233333588,6,2800,SEA@LAA,LAA,SEA,,,,,,3B/UTIL
128430-21705:Marcus Semien,128430-21705,2B,Marcus,Marcus Semien,Semien,4.428571429,7,2800,NYM@SF,NYM,SF,,,,,,2B/UTIL
128430-79181:Mauricio Dubon,128430-79181,2B/3B/SS/OF,Mauricio,Mauricio Dubon,Dubon,13.13333384,6,2800,ATL@ARI,ATL,ARI,,,,,,2B/3B/SS/OF/UTIL
128430-79223:Josh Naylor,128430-79223,1B,Josh,Josh Naylor,Naylor,1.714285714,7,2800,SEA@LAA,SEA,LAA,,,,,,C/1B/UTIL
128430-79257:Josh Lowe,128430-79257,OF,Josh,Josh Lowe,Lowe,6.28333346,6,2800,SEA@LAA,LAA,SEA,,,,,,OF/UTIL
128430-101827:Luis Arraez,128430-101827,1B/2B,Luis,Luis Arraez,Arraez,9.657142639,7,2800,NYM@SF,SF,NYM,,,,,,C/1B/2B/UTIL
128430-206482:Jacob Wilson,128430-206482,SS,Jacob,Jacob Wilson,Wilson,5.700000127,6,2800,HOU@ATH,ATH,HOU,,,,,,SS/UTIL
128430-82612:Brent Rooker,128430-82612,OF,Brent,Brent Rooker,Rooker,2.583333333,6,2800,HOU@ATH,ATH,HOU,,,,,,OF/UTIL
128430-165559:Yainer Diaz,128430-165559,C,Yainer,Yainer Diaz,Diaz,5.140000153,5,2800,HOU@ATH,HOU,ATH,,,,,,C/1B/UTIL
128430-82642:Heliot Ramos,128430-82642,OF,Heliot,Heliot Ramos,Ramos,5.799999782,7,2800,NYM@SF,SF,NYM,,,,,,OF/UTIL
128430-102283:Alek Thomas,128430-102283,OF,Alek,Alek Thomas,Thomas,8.900000254,6,2800,ATL@ARI,ARI,ATL,,,,,,OF/UTIL
128430-102308:Jonathan India,128430-102308,2B/3B/OF,Jonathan,Jonathan India,India,8.980000305,5,2800,MIL@KC,KC,MIL,,,,,,2B/3B/OF/UTIL
128430-13266:Salvador Perez,128430-13266,C/1B,Salvador,Salvador Perez,Perez,6.650000254,6,2800,MIL@KC,KC,MIL,,,,,,C/1B/UTIL
128430-52179:J.P. Crawford,128430-52179,SS,J.P.,J.P. Crawford,Crawford,8.327810795,169,2800,SEA@LAA,SEA,LAA,,,,,,SS/UTIL
128430-135218:Jake Meyers,128430-135218,OF,Jake,Jake Meyers,Meyers,7.266666412,6,2700,HOU@ATH,HOU,ATH,,,,,,OF/UTIL
128430-85307:Jeff McNeil,128430-85307,2B/OF,Jeff,Jeff McNeil,McNeil,3.039999962,5,2700,HOU@ATH,ATH,HOU,,,,,,2B/OF/UTIL
128430-181813:David Hamilton,128430-181813,SS/2B,David,David Hamilton,Hamilton,15.44999981,4,2700,MIL@KC,MIL,KC,,,,,,2B/SS/UTIL
128430-222806:Jac Caglianone,128430-222806,1B/OF,Jac,Jac Caglianone,Caglianone,6.599999746,6,2700,MIL@KC,KC,MIL,,,,,,C/1B/OF/UTIL
128430-82530:Pavin Smith,128430-82530,1B/OF,Pavin,Pavin Smith,Smith,7.849999905,2,2700,ATL@ARI,ARI,ATL,IL,Elbow,,,,C/1B/OF/UTIL
128430-222821:Carson Benge,128430-222821,OF,Carson,Carson Benge,Benge,8.183333079,6,2700,NYM@SF,NYM,SF,,,,,,OF/UTIL
128430-119442:Gabriel Moreno,128430-119442,C,Gabriel,Gabriel Moreno,Moreno,7.266666412,6,2700,ATL@ARI,ARI,ATL,,,,,,C/1B/UTIL
128430-82624:Sean Murphy,128430-82624,C,Sean,Sean Murphy,Murphy,8.003191359,94,2700,ATL@ARI,ATL,ARI,IL,Hip,,,,C/1B/UTIL
128430-53033:Mike Yastrzemski,128430-53033,OF,Mike,Mike Yastrzemski,Yastrzemski,9.316666921,6,2700,ATL@ARI,ATL,ARI,,,,,,OF/UTIL
128430-211773:Isaac Collins,128430-211773,OF/2B,Isaac,Isaac Collins,Collins,8.266666412,6,2700,MIL@KC,KC,MIL,,,,,,2B/OF/UTIL
128430-181795:Lawrence Butler,128430-181795,OF,Lawrence,Lawrence Butler,Butler,1.839999962,5,2600,HOU@ATH,ATH,HOU,,,,,,OF/UTIL
128430-16945:Gary Sanchez,128430-16945,C,Gary,Gary Sanchez,Sanchez,17.69999949,3,2600,MIL@KC,MIL,KC,,,,,,C/1B/UTIL
128430-222844:Cole Young,128430-222844,SS/2B,Cole,Cole Young,Young,9.828571865,7,2600,SEA@LAA,SEA,LAA,,,,,,2B/SS/UTIL
128430-119495:Andrew Vaughn,128430-119495,1B,Andrew,Andrew Vaughn,Vaughn,6.5,1,2600,MIL@KC,MIL,KC,IL,Hand,,,,C/1B/UTIL
128430-81622:Mitch Garver,128430-81622,C,Mitch,Mitch Garver,Garver,6,1,2600,SEA@LAA,SEA,LAA,,,,,,C/1B/UTIL
128430-146160:Ha-Seong Kim,128430-146160,SS,Ha-Seong,Ha-Seong Kim,Kim,8.068749746,48,2600,ATL@ARI,ATL,ARI,IL,Finger,,,,SS/UTIL
128430-12310:Carlos Santana,128430-12310,1B,Carlos,Carlos Santana,Santana,2.533333302,6,2500,ATL@ARI,ARI,ATL,,,,,,C/1B/UTIL
128430-135260:Logan O'Hoppe,128430-135260,C,Logan,Logan O'Hoppe,O'Hoppe,4.700000127,6,2500,SEA@LAA,LAA,SEA,,,,,,C/1B/UTIL
128430-118120:Jonah Heim,128430-118120,C,Jonah,Jonah Heim,Heim,6.099999905,2,2500,ATL@ARI,ATL,ARI,,,,,,C/1B/UTIL
128430-13719:Nolan Arenado,128430-13719,3B,Nolan,Nolan Arenado,Arenado,2.533333302,6,2500,ATL@ARI,ARI,ATL,,,,,,3B/UTIL
128430-23107:Jorge Soler,128430-23107,OF,Jorge,Jorge Soler,Soler,9.900000436,7,2500,SEA@LAA,LAA,SEA,,,,,,OF/UTIL
128430-222846:Cam Smith,128430-222846,OF,Cam,Cam Smith,Smith,10.92857143,7,2500,HOU@ATH,HOU,ATH,,,,,,OF/UTIL
128430-165579:Carter Jensen,128430-165579,C,Carter,Carter Jensen,Jensen,4.700000127,6,2500,MIL@KC,KC,MIL,,,,,,C/1B/UTIL
128430-165641:Max Muncy,128430-165641,SS/2B/3B,Max,Max Muncy,Muncy,9.299999873,6,2500,HOU@ATH,ATH,HOU,,,,,,2B/3B/SS/UTIL
128430-13423:Starling Marte,128430-13423,OF,Starling,Starling Marte,Marte,0,1,2400,MIL@KC,KC,MIL,,,,,,OF/UTIL
128430-102588:Brewer Hicklen,128430-102588,OF,Brewer,Brewer Hicklen,Hicklen,21.39999962,1,2400,ATL@ARI,ATL,ARI,,,,,,OF/UTIL
128430-145611:Oswald Peraza,128430-145611,SS/2B/3B,Oswald,Oswald Peraza,Peraza,9.233333588,6,2400,SEA@LAA,LAA,SEA,,,,,,2B/3B/SS/UTIL
128430-136504:Patrick Bailey,128430-136504,C,Patrick,Patrick Bailey,Bailey,3.116666794,6,2400,NYM@SF,SF,NYM,,,,,,C/1B/UTIL
128430-238918:Jose Fernandez,128430-238918,SS,Jose,Jose Fernandez,Fernandez,15.80000051,3,2400,ATL@ARI,ARI,ATL,,,,,,SS/UTIL
128430-79249:Harrison Bader,128430-79249,OF,Harrison,Harrison Bader,Bader,6.271428789,7,2400,NYM@SF,SF,NYM,,,,,,OF/UTIL
128430-53757:Rob Refsnyder,128430-53757,OF,Rob,Rob Refsnyder,Refsnyder,0,3,2400,SEA@LAA,SEA,LAA,,,,,,OF/UTIL
128430-13858:Christian Vazquez,128430-13858,C,Christian,Christian Vazquez,Vazquez,11.63333384,3,2400,HOU@ATH,HOU,ATH,,,,,,C/1B/UTIL
128430-201253:Joey Loperfido,128430-201253,OF,Joey,Joey Loperfido,Loperfido,6.650000254,6,2400,HOU@ATH,HOU,ATH,,,,,,OF/UTIL
128430-119366:Jerar Encarnacion,128430-119366,OF/1B,Jerar,Jerar Encarnacion,Encarnacion,0,1,2400,NYM@SF,SF,NYM,,,,,,C/1B/OF/UTIL
128430-164495:Jordan Lawlar,128430-164495,2B/3B/OF,Jordan,Jordan Lawlar,Lawlar,9.766666412,6,2400,ATL@ARI,ARI,ATL,DTD,Wrist,,,,2B/3B/OF/UTIL
128430-82615:Mark Vientos,128430-82615,3B,Mark,Mark Vientos,Vientos,6.925000191,4,2400,NYM@SF,NYM,SF,,,,,,3B/UTIL
128430-13099:Travis d'Arnaud,128430-13099,C,Travis,Travis d'Arnaud,d'Arnaud,4.599999905,2,2400,SEA@LAA,LAA,SEA,,,,,,C/1B/UTIL
128430-165686:Casey Schmitt,128430-165686,3B/SS/2B/1B,Casey,Casey Schmitt,Schmitt,6.142857143,7,2400,NYM@SF,SF,NYM,,,,,,C/1B/2B/3B/SS/UTIL
128430-68563:Victor Robles,128430-68563,OF,Victor,Victor Robles,Robles,6.166666667,3,2400,SEA@LAA,SEA,LAA,,,,,,OF/UTIL
128430-102418:Eli White,128430-102418,OF,Eli,Eli White,White,2.299999952,4,2300,ATL@ARI,ATL,ARI,,,,,,OF/UTIL
128430-79896:Luis Torrens,128430-79896,C,Luis,Luis Torrens,Torrens,3.166666667,3,2300,NYM@SF,NYM,SF,,,,,,C/1B/UTIL
128430-38973:Tyrone Taylor,128430-38973,OF,Tyrone,Tyrone Taylor,Taylor,0,3,2300,NYM@SF,NYM,SF,,,,,,OF/UTIL
128430-102486:Blake Perkins,128430-102486,OF,Blake,Blake Perkins,Perkins,3.924999952,4,2300,MIL@KC,MIL,KC,,,,,,OF/UTIL
128430-101817:Luis Rengifo,128430-101817,2B/3B/SS,Luis,Luis Rengifo,Rengifo,5.550000191,4,2300,MIL@KC,MIL,KC,,,,,,2B/3B/SS/UTIL
128430-101844:Lane Thomas,128430-101844,OF,Lane,Lane Thomas,Thomas,1.2,5,2300,MIL@KC,KC,MIL,,,,,,OF/UTIL
128430-164496:Adrian Del Castillo,128430-164496,C,Adrian,Adrian Del Castillo,Del Castillo,5.824999723,44,2300,ATL@ARI,ARI,ATL,IL,Calf,,,,C/1B/UTIL
128430-165639:Brandon Lockridge,128430-165639,OF,Brandon,Brandon Lockridge,Lockridge,10.65999985,5,2300,MIL@KC,MIL,KC,,,,,,OF/UTIL
128430-70898:Adam Frazier,128430-70898,2B/3B/OF,Adam,Adam Frazier,Frazier,3.099999905,2,2200,SEA@LAA,LAA,SEA,,,,,,2B/3B/OF/UTIL
128430-197904:Darell Hernaiz,128430-197904,SS/3B,Darell,Darell Hernaiz,Hernaiz,0,3,2200,HOU@ATH,ATH,HOU,,,,,,3B/SS/UTIL
128430-79267:Andy Ibanez,128430-79267,2B/3B,Andy,Andy Ibanez,Ibanez,4.800000191,4,2200,HOU@ATH,ATH,HOU,,,,,,2B/3B/UTIL
128430-173548:Michael Massey,128430-173548,2B/OF,Michael,Michael Massey,Massey,5.41025641,78,2200,MIL@KC,KC,MIL,IL,Calf,,,,2B/OF/UTIL
128430-222845:Brice Matthews,128430-222845,SS/2B,Brice,Brice Matthews,Matthews,4.940000153,5,2200,HOU@ATH,HOU,ATH,,,,,,2B/SS/UTIL
128430-17105:Sandy Leon,128430-17105,C,Sandy,Sandy Leon,Leon,5.140000153,5,2200,ATL@ARI,ATL,ARI,,,,,,C/1B/UTIL
128430-165623:Carlos Cortes,128430-165623,OF,Carlos,Carlos Cortes,Cortes,3,3,2200,HOU@ATH,ATH,HOU,,,,,,OF/UTIL
128430-165645:Denzel Clarke,128430-165645,OF,Denzel,Denzel Clarke,Clarke,3.139999962,5,2200,HOU@ATH,ATH,HOU,,,,,,OF/UTIL
128430-17171:James McCann,128430-17171,C,James,James McCann,McCann,4.066666603,3,2200,ATL@ARI,ARI,ATL,,,,,,C/1B/UTIL
128430-211757:Bryce Teodosio,128430-211757,OF,Bryce,Bryce Teodosio,Teodosio,0,5,2200,SEA@LAA,LAA,SEA,,,,,,OF/UTIL
128430-202657:Tyler Locklear,128430-202657,1B,Tyler,Tyler Locklear,Locklear,6.264516031,31,2200,ATL@ARI,ARI,ATL,IL,Elbow,,,,C/1B/UTIL
128430-102349:Leo Rivas,128430-102349,SS/2B,Leo,Leo Rivas,Rivas,4.842857361,7,2200,SEA@LAA,SEA,LAA,,,,,,2B/SS/UTIL
128430-102541:Jared Oliva,128430-102541,OF,Jared,Jared Oliva,Oliva,4.599999905,2,2100,NYM@SF,SF,NYM,,,,,,OF/UTIL
128430-83191:Austin Wynns,128430-83191,C,Austin,Austin Wynns,Wynns,1.5,2,2100,HOU@ATH,ATH,HOU,,,,,,C/1B/UTIL
128430-146690:Nick Loftin,128430-146690,3B/2B/OF,Nick,Nick Loftin,Loftin,7.699999809,2,2100,MIL@KC,KC,MIL,,,,,,2B/3B/OF/UTIL
128430-85260:Patrick Wisdom,128430-85260,1B/3B/OF,Patrick,Patrick Wisdom,Wisdom,,0,2100,SEA@LAA,SEA,LAA,,,,,,C/1B/3B/OF/UTIL
128430-181835:Jorge Barrosa,128430-181835,OF,Jorge,Jorge Barrosa,Barrosa,7.599999905,2,2100,ATL@ARI,ARI,ATL,,,,,,OF/UTIL
128430-219727:Tim Tawa,128430-219727,2B/1B/OF,Tim,Tim Tawa,Tawa,3,3,2100,ATL@ARI,ARI,ATL,,,,,,C/1B/2B/OF/UTIL
128430-81511:Kyle Farmer,128430-81511,2B/3B/SS/1B,Kyle,Kyle Farmer,Farmer,3.25,2,2100,ATL@ARI,ATL,ARI,,,,,,C/1B/2B/3B/SS/UTIL
128430-164502:Vaughn Grissom,128430-164502,SS/2B,Vaughn,Vaughn Grissom,Grissom,,0,2100,SEA@LAA,LAA,SEA,IL,Wrist,,,,2B/SS/UTIL
128430-222902:Tyler Tolbert,128430-222902,2B/OF,Tyler,Tyler Tolbert,Tolbert,2,3,2100,MIL@KC,KC,MIL,,,,,,2B/OF/UTIL
128430-240355:Daniel Susac,128430-240355,C,Daniel,Daniel Susac,Susac,6,2,2100,NYM@SF,SF,NYM,,,,,,C/1B/UTIL
128430-208716:Zach Dezenzo,128430-208716,1B/OF,Zach,Zach Dezenzo,Dezenzo,6.952940997,34,2100,HOU@ATH,HOU,ATH,IL,Elbow,,,,C/1B/OF/UTIL
128430-81869:Chad Wallach,128430-81869,C,Chad,Chad Wallach,Wallach,0,1,2100,HOU@ATH,ATH,HOU,,,,,,C/1B/UTIL
128430-102380:Nick Allen,128430-102380,SS,Nick,Nick Allen,Allen,0.64000001,5,2100,HOU@ATH,HOU,ATH,,,,,,SS/UTIL
128430-68593:Jorge Mateo,128430-68593,SS/2B/OF,Jorge,Jorge Mateo,Mateo,8.46666654,3,2100,ATL@ARI,ATL,ARI,,,,,,2B/SS/OF/UTIL
128430-81924:Niko Goodrum,128430-81924,2B/OF,Niko,Niko Goodrum,Goodrum,,0,2000,NYM@SF,NYM,SF,,,,,,2B/OF/UTIL
128430-102406:Vidal Brujan,128430-102406,2B/SS/3B/OF,Vidal,Vidal Brujan,Brujan,3.062295132,61,2000,NYM@SF,NYM,SF,,,,,,2B/3B/SS/OF/UTIL
128430-102413:Luken Baker,128430-102413,1B,Luken,Luken Baker,Baker,3.715789393,19,2000,ATL@ARI,ARI,ATL,,,,,,C/1B/UTIL
128430-135195:Sebastian Rivero,128430-135195,C,Sebastian,Sebastian Rivero,Rivero,4.799999931,11,2000,SEA@LAA,LAA,SEA,,,,,,C/1B/UTIL
128430-102427:Jordan Groshans,128430-102427,3B,Jordan,Jordan Groshans,Groshans,,0,2000,ATL@ARI,ATL,ARI,,,,,,3B/UTIL
128430-54307:Elias Diaz,128430-54307,C,Elias,Elias Diaz,Diaz,5.068867809,106,2000,MIL@KC,KC,MIL,,,,,,C/1B/UTIL
128430-102436:Kristian Robinson,128430-102436,OF,Kristian,Kristian Robinson,Robinson,,0,2000,ATL@ARI,ARI,ATL,,,,,,OF/UTIL
128430-102451:Brennen Davis,128430-102451,OF,Brennen,Brennen Davis,Davis,,0,2000,SEA@LAA,SEA,LAA,IL,Hamstring,,,,OF/UTIL
128430-135223:Jakson Reetz,128430-135223,C,Jakson,Jakson Reetz,Reetz,,0,2000,SEA@LAA,SEA,LAA,,,,,,C/1B/UTIL
128430-102454:Jhonny Pereda,128430-102454,C,Jhonny,Jhonny Pereda,Pereda,3.993333435,30,2000,SEA@LAA,SEA,LAA,,,,,,C/1B/UTIL
128430-135227:Jose Rojas,128430-135227,2B,Jose,Jose Rojas,Rojas,,0,2000,NYM@SF,NYM,SF,,,,,,2B/UTIL
128430-172093:Michael Stefanic,128430-172093,2B,Michael,Michael Stefanic,Stefanic,2.688888974,9,2000,HOU@ATH,ATH,HOU,,,,,,2B/UTIL
128430-135263:Brian O'Keefe,128430-135263,C,Brian,Brian O'Keefe,O'Keefe,,0,2000,SEA@LAA,SEA,LAA,,,,,,C/1B/UTIL
128430-135267:Kaden Polcovich,128430-135267,2B,Kaden,Kaden Polcovich,Polcovich,,0,2000,SEA@LAA,SEA,LAA,,,,,,2B/UTIL
128430-212070:Gustavo Campero,128430-212070,OF,Gustavo,Gustavo Campero,Campero,5.885714395,28,2000,SEA@LAA,LAA,SEA,,,,,,OF/UTIL
128430-171128:Buddy Kennedy,128430-171128,3B/2B,Buddy,Buddy Kennedy,Kennedy,2.146153817,13,2000,NYM@SF,SF,NYM,,,,,,2B/3B/UTIL
128430-197761:Jair Camargo,128430-197761,C,Jair,Jair Camargo,Camargo,,0,2000,ATL@ARI,ATL,ARI,,,,,,C/1B/UTIL
128430-135302:Brayan Buelvas,128430-135302,OF,Brayan,Brayan Buelvas,Buelvas,,0,2000,HOU@ATH,ATH,HOU,,,,,,OF/UTIL
128430-135310:Chadwick Tromp,128430-135310,C,Chadwick,Chadwick Tromp,Tromp,4.237500191,8,2000,ATL@ARI,ATL,ARI,,,,,,C/1B/UTIL
128430-53401:Trey Mancini,128430-53401,1B/OF,Trey,Trey Mancini,Mancini,,0,2000,SEA@LAA,LAA,SEA,,,,,,C/1B/OF/UTIL
128430-184480:Cesar Salazar,128430-184480,C,Cesar,Cesar Salazar,Salazar,1.954545455,11,2000,HOU@ATH,HOU,ATH,,,,,,C/1B/UTIL
128430-13487:Tommy Pham,128430-13487,OF,Tommy,Tommy Pham,Pham,7.864999898,120,2000,NYM@SF,NYM,SF,,,,,,OF/UTIL
128430-172216:David Villar,128430-172216,3B/1B,David,David Villar,Villar,5.14444436,9,2000,NYM@SF,NYM,SF,,,,,,C/1B/3B/UTIL
128430-198865:Druw Jones,128430-198865,OF,Druw,Druw Jones,Jones,,0,2000,ATL@ARI,ARI,ATL,,,,,,OF/UTIL
128430-145617:David Garcia,128430-145617,C,David,David Garcia,Garcia,,0,2000,MIL@KC,MIL,KC,,,,,,C/1B/UTIL
128430-198871:Tommy Troy,128430-198871,SS,Tommy,Tommy Troy,Troy,,0,2000,ATL@ARI,ARI,ATL,,,,,,SS/UTIL
128430-194773:Logan Porter,128430-194773,C,Logan,Logan Porter,Porter,3.779999924,5,2000,NYM@SF,SF,NYM,,,,,,C/1B/UTIL
128430-60652:Christian Arroyo,128430-60652,2B,Christian,Christian Arroyo,Arroyo,,0,2000,NYM@SF,NYM,SF,,,,,,2B/UTIL
128430-83182:Eric Haase,128430-83182,C/OF,Eric,Eric Haase,Haase,5.323333232,30,2000,NYM@SF,SF,NYM,,,,,,C/1B/OF/UTIL
128430-198898:Jett Williams,128430-198898,SS,Jett,Jett Williams,Williams,,0,2000,MIL@KC,MIL,KC,,,,,,SS/UTIL
128430-198897:Brock Wilken,128430-198897,3B,Brock,Brock Wilken,Wilken,,0,2000,MIL@KC,MIL,KC,,,,,,3B/UTIL
128430-198903:Drew Gilbert,128430-198903,OF,Drew,Drew Gilbert,Gilbert,5.612820356,39,2000,NYM@SF,SF,NYM,,,,,,OF/UTIL
128430-198902:Ryan Clifford,128430-198902,OF,Ryan,Ryan Clifford,Clifford,,0,2000,NYM@SF,NYM,SF,,,,,,OF/UTIL
128430-116994:Donovan Walton,128430-116994,SS,Donovan,Donovan Walton,Walton,4.849999905,2,2000,SEA@LAA,LAA,SEA,,,,,,SS/UTIL
128430-146694:Arol Vera,128430-146694,SS,Arol,Arol Vera,Vera,,0,2000,SEA@LAA,LAA,SEA,,,,,,SS/UTIL
128430-197895:Tyler Gentry,128430-197895,OF,Tyler,Tyler Gentry,Gentry,,0,2000,MIL@KC,KC,MIL,,,,,,OF/UTIL
128430-146692:David Calabrese,128430-146692,OF,David,David Calabrese,Calabrese,,0,2000,SEA@LAA,LAA,SEA,,,,,,OF/UTIL
128430-146693:Alexander Ramirez,128430-146693,OF,Alexander,Alexander Ramirez,Ramirez,,0,2000,SEA@LAA,LAA,SEA,,,,,,OF/UTIL
128430-146700:Freddy Zamora,128430-146700,SS,Freddy,Freddy Zamora,Zamora,,0,2000,MIL@KC,MIL,KC,,,,,,SS/UTIL
128430-198931:Felnin Celesten,128430-198931,SS,Felnin,Felnin Celesten,Celesten,,0,2000,SEA@LAA,SEA,LAA,,,,,,SS/UTIL
128430-85268:Joey Meneses,128430-85268,1B,Joey,Joey Meneses,Meneses,,0,2000,HOU@ATH,ATH,HOU,,,,,,C/1B/UTIL
128430-198937:Bryce Eldridge,128430-198937,OF,Bryce,Bryce Eldridge,Eldridge,5.620000076,10,2000,NYM@SF,SF,NYM,,,,,,OF/UTIL
128430-79130:Jose Azocar,128430-79130,OF,Jose,Jose Azocar,Azocar,3.321428571,14,2000,ATL@ARI,ATL,ARI,,,,,,OF/UTIL
128430-197912:Jacob Hurtubise,128430-197912,OF,Jacob,Jacob Hurtubise,Hurtubise,1.800000032,12,2000,MIL@KC,MIL,KC,,,,,,OF/UTIL
128430-85277:Cavan Biggio,128430-85277,2B/OF/1B/3B,Cavan,Cavan Biggio,Biggio,3.573684291,38,2000,HOU@ATH,HOU,ATH,,,,,,C/1B/2B/3B/OF/UTIL
128430-146718:Casey Martin,128430-146718,SS,Casey,Casey Martin,Martin,,0,2000,MIL@KC,MIL,KC,,,,,,SS/UTIL
128430-146719:Junior Perez,128430-146719,OF,Junior,Junior Perez,Perez,,0,2000,HOU@ATH,ATH,HOU,,,,,,OF/UTIL
128430-238907:Nick Morabito,128430-238907,OF,Nick,Nick Morabito,Morabito,,0,2000,NYM@SF,NYM,SF,,,,,,OF/UTIL
128430-79174:Jacob Nottingham,128430-79174,C,Jacob,Jacob Nottingham,Nottingham,,0,2000,SEA@LAA,SEA,LAA,,,,,,C/1B/UTIL
128430-85320:Michael Perez,128430-85320,C,Michael,Michael Perez,Perez,,0,2000,ATL@ARI,ARI,ATL,,,,,,C/1B/UTIL
128430-170321:Brian Serven,128430-170321,C,Brian,Brian Serven,Serven,,0,2000,HOU@ATH,ATH,HOU,,,,,,C/1B/UTIL
128430-79190:Ben Rortvedt,128430-79190,C,Ben,Ben Rortvedt,Rortvedt,4.097916603,48,2000,NYM@SF,NYM,SF,,,,,,C/1B/UTIL
128430-232803:Zach Cole,128430-232803,OF,Zach,Zach Cole,Cole,11.88666687,15,2000,HOU@ATH,HOU,ATH,O,Toe,,,,OF/UTIL
128430-79218:Kevin Newman,128430-79218,SS/2B/3B,Kevin,Kevin Newman,Newman,3.194736949,57,2000,MIL@KC,KC,MIL,,,,,,2B/3B/SS/UTIL
128430-79225:Luis Urias,128430-79225,3B/2B,Luis,Luis Urias,Urias,6.123958588,96,2000,ATL@ARI,ARI,ATL,,,,,,2B/3B/UTIL
128430-226686:Rhylan Thomas,128430-226686,OF,Rhylan,Rhylan Thomas,Thomas,7.46666654,3,2000,SEA@LAA,SEA,LAA,,,,,,OF/UTIL
128430-38276:Albert Almora,128430-38276,OF,Albert,Albert Almora,Almora,,0,2000,ATL@ARI,ARI,ATL,,,,,,OF/UTIL
128430-79240:Aramis Garcia,128430-79240,C,Aramis,Aramis Garcia,Garcia,0,2,2000,ATL@ARI,ARI,ATL,,,,,,C/1B/UTIL
128430-152972:Luke Williams,128430-152972,2B/OF/SS/3B,Luke,Luke Williams,Williams,1.944444444,45,2000,ATL@ARI,ATL,ARI,,,,,,2B/3B/SS/OF/UTIL
128430-79277:Rowdy Tellez,128430-79277,1B,Rowdy,Rowdy Tellez,Tellez,6.493749891,112,2000,ATL@ARI,ATL,ARI,,,,,,C/1B/UTIL
128430-38324:Jorge Alfaro,128430-38324,C,Jorge,Jorge Alfaro,Alfaro,4.435714177,14,2000,MIL@KC,KC,MIL,,,,,,C/1B/UTIL
128430-180694:Cade Marlowe,128430-180694,OF,Cade,Cade Marlowe,Marlowe,,0,2000,HOU@ATH,ATH,HOU,,,,,,OF/UTIL
128430-135646:Carson Taylor,128430-135646,C,Carson,Carson Taylor,Taylor,,0,2000,SEA@LAA,SEA,LAA,,,,,,C/1B/UTIL
128430-155109:Alejo Lopez,128430-155109,2B,Alejo,Alejo Lopez,Lopez,,0,2000,SEA@LAA,SEA,LAA,,,,,,2B/UTIL
128430-119308:Adam Hall,128430-119308,SS,Adam,Adam Hall,Hall,,0,2000,MIL@KC,MIL,KC,,,,,,SS/UTIL
128430-71182:Jeimer Candelario,128430-71182,3B/1B,Jeimer,Jeimer Candelario,Candelario,3.066666603,3,2000,SEA@LAA,LAA,SEA,,,,,,C/1B/3B/UTIL
128430-119313:Matthew Lugo,128430-119313,OF,Matthew,Matthew Lugo,Lugo,5.138709776,31,2000,SEA@LAA,LAA,SEA,,,,,,OF/UTIL
128430-101910:Connor Joe,128430-101910,1B/OF,Connor,Connor Joe,Joe,2.557142893,42,2000,SEA@LAA,SEA,LAA,,,,,,C/1B/OF/UTIL
128430-119335:Aaron Schunk,128430-119335,3B/2B/SS,Aaron,Aaron Schunk,Schunk,1.423529457,17,2000,ATL@ARI,ATL,ARI,,,,,,2B/3B/SS/UTIL
128430-158244:Yonny Hernandez,128430-158244,3B/2B,Yonny,Yonny Hernandez,Hernandez,,0,2000,NYM@SF,NYM,SF,,,,,,2B/3B/UTIL
128430-219699:Jesus Rodriguez,128430-219699,C,Jesus,Jesus Rodriguez,Rodriguez,,0,2000,NYM@SF,SF,NYM,,,,,,C/1B/UTIL
128430-119344:Grae Kessinger,128430-119344,SS/2B/3B,Grae,Grae Kessinger,Kessinger,,0,2000,NYM@SF,NYM,SF,O,Hamstring,,,,2B/3B/SS/UTIL
128430-228914:Tristin English,128430-228914,1B,Tristin,Tristin English,English,2.214285714,7,2000,ATL@ARI,ATL,ARI,,,,,,C/1B/UTIL
128430-119351:Jacob Amaya,128430-119351,SS/2B/3B,Jacob,Jacob Amaya,Amaya,2.57837842,37,2000,ATL@ARI,ARI,ATL,,,,,,2B/3B/SS/UTIL
128430-16951:Anthony Rendon,128430-16951,3B,Anthony,Anthony Rendon,Rendon,,0,2000,SEA@LAA,LAA,SEA,IL,Hip,,,,3B/UTIL
128430-119354:Kyren Paris,128430-119354,SS/2B/OF,Kyren,Kyren Paris,Paris,7.443181818,44,2000,SEA@LAA,LAA,SEA,,,,,,2B/SS/OF/UTIL
128430-181820:Brett Wisely,128430-181820,OF/2B/SS/3B,Brett,Brett Wisely,Wisely,4.961538462,26,2000,ATL@ARI,ATL,ARI,,,,,,2B/3B/SS/OF/UTIL
128430-119360:Pablo Abreu,128430-119360,OF,Pablo,Pablo Abreu,Abreu,,0,2000,MIL@KC,MIL,KC,,,,,,OF/UTIL
128430-181824:Osleivis Basabe,128430-181824,SS,Osleivis,Osleivis Basabe,Basabe,,0,2000,NYM@SF,SF,NYM,,,,,,SS/UTIL
128430-119362:Eduardo Garcia,128430-119362,SS,Eduardo,Eduardo Garcia,Garcia,,0,2000,MIL@KC,MIL,KC,DTD,Wrist,,,,SS/UTIL
128430-119364:Kameron Misner,128430-119364,OF,Kameron,Kameron Misner,Misner,6.569013999,71,2000,MIL@KC,KC,MIL,,,,,,OF/UTIL
128430-119371:Devin Mann,128430-119371,2B,Devin,Devin Mann,Mann,,0,2000,NYM@SF,SF,NYM,,,,,,2B/UTIL
128430-222803:Demetrio Crisantes,128430-222803,2B,Demetrio,Demetrio Crisantes,Crisantes,,0,2000,ATL@ARI,ARI,ATL,,,,,,2B/UTIL
128430-222802:Ryan Waldschmidt,128430-222802,OF,Ryan,Ryan Waldschmidt,Waldschmidt,,0,2000,ATL@ARI,ARI,ATL,,,,,,OF/UTIL
128430-222805:Blake Mitchell,128430-222805,C,Blake,Blake Mitchell,Mitchell,,0,2000,MIL@KC,KC,MIL,,,,,,C/1B/UTIL
128430-222804:Slade Caldwell,128430-222804,OF,Slade,Slade Caldwell,Caldwell,,0,2000,ATL@ARI,ARI,ATL,,,,,,OF/UTIL
128430-179801:Jared Young,128430-179801,1B/OF,Jared,Jared Young,Young,3.740000153,5,2000,NYM@SF,NYM,SF,,,,,,C/1B/OF/UTIL
128430-222815:Mike Boeve,128430-222815,3B,Mike,Mike Boeve,Boeve,,0,2000,MIL@KC,MIL,KC,,,,,,3B/UTIL
128430-119393:Robert Puason,128430-119393,SS,Robert,Robert Puason,Puason,,0,2000,HOU@ATH,ATH,HOU,,,,,,SS/UTIL
128430-222818:Leo De Vries,128430-222818,SS,Leo,Leo De Vries,De Vries,,0,2000,HOU@ATH,ATH,HOU,,,,,,SS/UTIL
128430-222817:Jesus Made,128430-222817,SS,Jesus,Jesus Made,Made,,0,2000,MIL@KC,MIL,KC,,,,,,SS/UTIL
128430-222816:Cooper Pratt,128430-222816,SS,Cooper,Cooper Pratt,Pratt,,0,2000,MIL@KC,MIL,KC,,,,,,SS/UTIL
128430-226912:John Rave,128430-226912,OF,John,John Rave,Rave,4.813888974,72,2000,MIL@KC,KC,MIL,,,,,,OF/UTIL
128430-222831:Jackson Cluff,128430-222831,SS,Jackson,Jackson Cluff,Cluff,,0,2000,NYM@SF,NYM,SF,,,,,,SS/UTIL
128430-119407:Sammy Siani,128430-119407,OF,Sammy,Sammy Siani,Siani,,0,2000,SEA@LAA,SEA,LAA,,,,,,OF/UTIL
128430-119408:Jihwan Bae,128430-119408,2B/OF,Jihwan,Jihwan Bae,Bae,4.215384557,13,2000,NYM@SF,NYM,SF,,,,,,2B/OF/UTIL
128430-116339:Abraham Toro,128430-116339,3B/1B/2B,Abraham,Abraham Toro,Toro,7.274025657,77,2000,MIL@KC,KC,MIL,,,,,,C/1B/2B/3B/UTIL
128430-226928:Jack Winkler,128430-226928,1B/2B/SS/3B,Jack,Jack Winkler,Winkler,2.171428544,14,2000,HOU@ATH,HOU,ATH,,,,,,C/1B/2B/3B/SS/UTIL
128430-222839:Colt Emerson,128430-222839,SS,Colt,Colt Emerson,Emerson,,0,2000,SEA@LAA,SEA,LAA,,,,,,SS/UTIL
128430-82553:Jose Siri,128430-82553,OF,Jose,Jose Siri,Siri,3.868750095,16,2000,SEA@LAA,LAA,SEA,,,,,,OF/UTIL
128430-222842:Michael Arroyo,128430-222842,2B,Michael,Michael Arroyo,Arroyo,,0,2000,SEA@LAA,SEA,LAA,,,,,,2B/UTIL
128430-119419:Hunter Bishop,128430-119419,OF,Hunter,Hunter Bishop,Bishop,,0,2000,NYM@SF,SF,NYM,,,,,,OF/UTIL
128430-222841:Lazaro Montes,128430-222841,OF,Lazaro,Lazaro Montes,Montes,,0,2000,SEA@LAA,SEA,LAA,,,,,,OF/UTIL
128430-119418:Jairo Pomares,128430-119418,OF,Jairo,Jairo Pomares,Pomares,,0,2000,NYM@SF,SF,NYM,,,,,,OF/UTIL
128430-222840:Jonny Farmelo,128430-222840,OF,Jonny,Jonny Farmelo,Farmelo,,0,2000,SEA@LAA,SEA,LAA,,,,,,OF/UTIL
128430-82556:Taylor Trammell,128430-82556,OF,Taylor,Taylor Trammell,Trammell,5.307692308,52,2000,HOU@ATH,HOU,ATH,,,,,,OF/UTIL
128430-119428:Will Wilson,128430-119428,2B/3B,Will,Will Wilson,Wilson,3.600000045,34,2000,SEA@LAA,SEA,LAA,,,,,,2B/3B/UTIL
128430-119432:Greg Jones,128430-119432,SS,Greg,Greg Jones,Jones,2,3,2000,MIL@KC,MIL,KC,,,,,,SS/UTIL
128430-201354:Brett Harris,128430-201354,3B,Brett,Brett Harris,Harris,5.021874905,32,2000,HOU@ATH,ATH,HOU,,,,,,3B/UTIL
128430-222860:Christian Moore,128430-222860,2B,Christian,Christian Moore,Moore,7.132075472,53,2000,SEA@LAA,LAA,SEA,,,,,,2B/UTIL
128430-164498:Ryan Bliss,128430-164498,2B,Ryan,Ryan Bliss,Bliss,0,1,2000,SEA@LAA,SEA,LAA,,,,,,2B/UTIL
128430-164499:A.J. Vukovich,128430-164499,3B,A.J.,A.J. Vukovich,Vukovich,,0,2000,ATL@ARI,ARI,ATL,,,,,,3B/UTIL
128430-164501:Cal Conley,128430-164501,SS,Cal,Cal Conley,Conley,,0,2000,ATL@ARI,ATL,ARI,,,,,,SS/UTIL
128430-203417:Nick Raposo,128430-203417,C,Nick,Nick Raposo,Raposo,,0,2000,SEA@LAA,SEA,LAA,,,,,,C/1B/UTIL
128430-82586:MJ Melendez,128430-82586,OF,MJ,MJ Melendez,Melendez,2.804347826,23,2000,NYM@SF,NYM,SF,,,,,,OF/UTIL
128430-113309:Josh Rojas,128430-113309,3B/2B/OF,Josh,Josh Rojas,Rojas,4.511594026,69,2000,MIL@KC,KC,MIL,,,,,,2B/3B/OF/UTIL
128430-38561:Chris Taylor,128430-38561,OF/3B/2B,Chris,Chris Taylor,Taylor,4.086206897,58,2000,SEA@LAA,LAA,SEA,,,,,,2B/3B/OF/UTIL
128430-222887:Christian Koss,128430-222887,SS/2B,Christian,Christian Koss,Koss,0,1,2000,NYM@SF,SF,NYM,,,,,,2B/SS/UTIL
128430-222886:Hayden Senger,128430-222886,C,Hayden,Hayden Senger,Senger,2.83636359,33,2000,NYM@SF,NYM,SF,,,,,,C/1B/UTIL
128430-21161:Yolmer Sanchez,128430-21161,2B,Yolmer,Yolmer Sanchez,Sanchez,,0,2000,SEA@LAA,LAA,SEA,,,,,,2B/UTIL
128430-82602:James Nelson,128430-82602,3B,James,James Nelson,Nelson,,0,2000,HOU@ATH,HOU,ATH,,,,,,3B/UTIL
128430-211631:DaShawn Keirsey Jr.,128430-211631,OF,DaShawn,DaShawn Keirsey Jr.,Keirsey Jr.,2.299999959,74,2000,ATL@ARI,ATL,ARI,,,,,,OF/UTIL
128430-82611:Akil Baddoo,128430-82611,OF,Akil,Akil Baddoo,Baddoo,3.071428571,7,2000,MIL@KC,MIL,KC,IL,Quadriceps,,,,OF/UTIL
128430-21172:Brandon Drury,128430-21172,1B/2B/3B,Brandon,Brandon Drury,Drury,,0,2000,MIL@KC,KC,MIL,,,,,,C/1B/2B/3B/UTIL
128430-165558:Tyler Whitaker,128430-165558,OF,Tyler,Tyler Whitaker,Whitaker,,0,2000,HOU@ATH,HOU,ATH,,,,,,OF/UTIL
128430-165567:Shay Whitcomb,128430-165567,3B/2B/OF,Shay,Shay Whitcomb,Whitcomb,1.864999962,20,2000,HOU@ATH,HOU,ATH,,,,,,2B/3B/OF/UTIL
128430-21183:Carlos Perez,128430-21183,C/1B,Carlos,Carlos Perez,Perez,,0,2000,HOU@ATH,HOU,ATH,,,,,,C/1B/UTIL
128430-165565:Peyton Wilson,128430-165565,2B,Peyton,Peyton Wilson,Wilson,,0,2000,MIL@KC,KC,MIL,,,,,,2B/UTIL
128430-165574:Daniel Vazquez,128430-165574,SS,Daniel,Daniel Vazquez,Vazquez,,0,2000,MIL@KC,KC,MIL,,,,,,SS/UTIL
128430-165575:Denzer Guzman,128430-165575,SS,Denzer,Denzer Guzman,Guzman,5.484615619,13,2000,SEA@LAA,LAA,SEA,,,,,,SS/UTIL
128430-165576:Adrian Placencia,128430-165576,SS,Adrian,Adrian Placencia,Placencia,,0,2000,SEA@LAA,LAA,SEA,,,,,,SS/UTIL
128430-188114:Connor Kaiser,128430-188114,SS,Connor,Connor Kaiser,Kaiser,2.018181888,11,2000,MIL@KC,KC,MIL,,,,,,SS/UTIL
128430-165593:Jose Ramos,128430-165593,OF,Jose,Jose Ramos,Ramos,,0,2000,NYM@SF,NYM,SF,,,,,,OF/UTIL
128430-203490:Steward Berroa,128430-203490,OF,Steward,Steward Berroa,Berroa,4.5,2,2000,MIL@KC,MIL,KC,IL,Shoulder,,,,OF/UTIL
128430-165606:Tyler Black,128430-165606,1B/3B/OF,Tyler,Tyler Black,Black,6.140000153,5,2000,MIL@KC,MIL,KC,,,,,,C/1B/3B/OF/UTIL
128430-165604:Jeferson Quero,128430-165604,C,Jeferson,Jeferson Quero,Quero,3,1,2000,MIL@KC,MIL,KC,,,,,,C/1B/UTIL
128430-165622:Jheremy Vargas,128430-165622,SS,Jheremy,Jheremy Vargas,Vargas,,0,2000,MIL@KC,MIL,KC,,,,,,SS/UTIL
128430-165629:JT Schwartz,128430-165629,1B,JT,JT Schwartz,Schwartz,,0,2000,NYM@SF,NYM,SF,,,,,,C/1B/UTIL
128430-52995:Luke Maile,128430-52995,C,Luke,Luke Maile,Maile,4.607999878,25,2000,MIL@KC,KC,MIL,,,,,,C/1B/UTIL
128430-165643:Zack Gelof,128430-165643,2B,Zack,Zack Gelof,Gelof,5.496666463,30,2000,HOU@ATH,ATH,HOU,,,,,,2B/UTIL
128430-165644:Pedro Pineda,128430-165644,OF,Pedro,Pedro Pineda,Pineda,,0,2000,HOU@ATH,ATH,HOU,,,,,,OF/UTIL
128430-206608:Nacho Alvarez Jr.,128430-206608,SS/2B/3B,Nacho,Nacho Alvarez Jr.,Alvarez Jr.,5.984482864,58,2000,ATL@ARI,ATL,ARI,,,,,,2B/3B/SS/UTIL
128430-165652:Yhoswar Garcia,128430-165652,OF,Yhoswar,Yhoswar Garcia,Garcia,,0,2000,MIL@KC,MIL,KC,,,,,,OF/UTIL
128430-165662:Euribiel Angeles,128430-165662,SS,Euribiel,Euribiel Angeles,Angeles,,0,2000,HOU@ATH,ATH,HOU,,,,,,SS/UTIL
128430-70435:Ben Gamel,128430-70435,OF,Ben,Ben Gamel,Gamel,,0,2000,ATL@ARI,ATL,ARI,,,,,,OF/UTIL
128430-209703:Grant McCray,128430-209703,OF,Grant,Grant McCray,McCray,1.572727203,22,2000,NYM@SF,SF,NYM,,,,,,OF/UTIL
128430-165679:Milkar Perez,128430-165679,3B,Milkar,Milkar Perez,Perez,,0,2000,SEA@LAA,SEA,LAA,,,,,,3B/UTIL
128430-195378:Tyler Fitzgerald,128430-195378,SS/2B/OF,Tyler,Tyler Fitzgerald,Fitzgerald,5.983333164,72,2000,NYM@SF,SF,NYM,,,,,,2B/SS/OF/UTIL
128430-193328:Wade Meckler,128430-193328,OF,Wade,Wade Meckler,Meckler,,0,2000,SEA@LAA,LAA,SEA,,,,,,OF/UTIL
128430-165681:Starlin Aguilar,128430-165681,3B,Starlin,Starlin Aguilar,Aguilar,,0,2000,SEA@LAA,SEA,LAA,,,,,,3B/UTIL
128430-165685:Aeverson Arteaga,128430-165685,SS,Aeverson,Aeverson Arteaga,Arteaga,,0,2000,NYM@SF,SF,NYM,,,,,,SS/UTIL
128430-163642:Alberto Rodriguez,128430-163642,OF,Alberto,Alberto Rodriguez,Rodriguez,,0,2000,MIL@KC,KC,MIL,,,,,,OF/UTIL
128430-165690:Brett Auerbach,128430-165690,C,Brett,Brett Auerbach,Auerbach,,0,2000,NYM@SF,SF,NYM,,,,,,C/1B/UTIL
128430-119621:Luis Matos,128430-119621,OF,Luis,Luis Matos,Matos,7.591228284,57,2000,MIL@KC,MIL,KC,,,,,,OF/UTIL
128430-119623:Alex Ramirez,128430-119623,OF,Alex,Alex Ramirez,Ramirez,,0,2000,NYM@SF,NYM,SF,,,,,,OF/UTIL
128430-163669:Bryan Lavastida,128430-163669,C,Bryan,Bryan Lavastida,Lavastida,,0,2000,HOU@ATH,ATH,HOU,,,,,,C/1B/UTIL
128430-165724:Dasan Brown,128430-165724,OF,Dasan,Dasan Brown,Brown,,0,2000,MIL@KC,MIL,KC,,,,,,OF/UTIL
128430-163694:Eddys Leonard,128430-163694,SS,Eddys,Eddys Leonard,Leonard,,0,2000,MIL@KC,MIL,KC,,,,,,SS/UTIL
128430-228207:Colby Thomas,128430-228207,OF,Colby,Colby Thomas,Thomas,6.459183673,49,2000,HOU@ATH,ATH,HOU,,,,,,OF/UTIL
128430-203639:CJ Alexander,128430-203639,3B/1B,CJ,CJ Alexander,Alexander,1.5,6,2000,HOU@ATH,HOU,ATH,,,,,,C/1B/3B/UTIL
128430-209786:Niko Kavadas,128430-209786,1B,Niko,Niko Kavadas,Kavadas,1.5,10,2000,SEA@LAA,LAA,SEA,,,,,,C/1B/UTIL
128430-180095:Will Brennan,128430-180095,OF,Will,Will Brennan,Brennan,1.5,6,2000,NYM@SF,SF,NYM,,,,,,OF/UTIL
128430-102285:Cristian Pache,128430-102285,OF,Cristian,Cristian Pache,Pache,,0,2000,NYM@SF,NYM,SF,,,,,,OF/UTIL
128430-102288:Drew Waters,128430-102288,OF,Drew,Drew Waters,Waters,5.280555725,72,2000,MIL@KC,KC,MIL,,,,,,OF/UTIL
128430-102322:Nick Madrigal,128430-102322,2B/3B,Nick,Nick Madrigal,Madrigal,,0,2000,SEA@LAA,LAA,SEA,,,,,,2B/3B/UTIL
128430-102339:Diego Cartaya,128430-102339,C,Diego,Diego Cartaya,Cartaya,,0,2000,NYM@SF,SF,NYM,,,,,,C/1B/UTIL
128430-102346:Jordyn Adams,128430-102346,OF,Jordyn,Jordyn Adams,Adams,0.320000005,10,2000,MIL@KC,MIL,KC,,,,,,OF/UTIL
128430-13262:Jurickson Profar,128430-13262,OF,Jurickson,Jurickson Profar,Profar,11.95875015,80,2000,ATL@ARI,ATL,ARI,NA,Suspension,,,,OF/UTIL
128430-80847:Mike Tauchman,128430-80847,OF,Mike,Mike Tauchman,Tauchman,8.922580514,93,2000,NYM@SF,NYM,SF,O,Knee,,,,OF/UTIL
128430-80852:Ildemaro Vargas,128430-80852,2B/SS/3B/OF,Ildemaro,Ildemaro Vargas,Vargas,13.46666718,3,2000,ATL@ARI,ARI,ATL,,,,,,2B/3B/SS/OF/UTIL
128430-38872:Jesse Winker,128430-38872,OF,Jesse,Jesse Winker,Winker,6.830769466,26,2000,NYM@SF,NYM,SF,,,,,,OF/UTIL
128430-102360:Connor Scott,128430-102360,OF,Connor,Connor Scott,Scott,,0,2000,MIL@KC,KC,MIL,,,,,,OF/UTIL
128430-102367:Ronny Mauricio,128430-102367,2B/3B/SS,Ronny,Ronny Mauricio,Mauricio,5.7999998,61,2000,NYM@SF,NYM,SF,,,,,,2B/3B/SS/UTIL
128430-102384:Jeremy Eierman,128430-102384,SS,Jeremy,Jeremy Eierman,Eierman,,0,2000,HOU@ATH,ATH,HOU,,,,,,SS/UTIL
128430-180208:Miles Mastrobuoni,128430-180208,2B/3B/SS/OF,Miles,Miles Mastrobuoni,Mastrobuoni,4.25974026,77,2000,SEA@LAA,SEA,LAA,IL,Calf,,,,2B/3B/SS/OF/UTIL
128430-102390:Travis Swaggerty,128430-102390,OF,Travis,Travis Swaggerty,Swaggerty,,0,2000,NYM@SF,NYM,SF,,,,,,OF/UTIL
