Player,SG Putting,SG Around Green,SG Approach,SG Tee To Green,SG Total_x,Rounds_x,SG Total_y,Scrambling,Rounds_y
Cameron Young,0.16,0.27,1.48,4.97,5.13,1,5.31,0.75,1.0
Cameron Young,0.16,0.27,1.48,4.97,5.13,1,5.385,0.83,2.0
Cameron Young,0.16,0.27,1.48,4.97,5.13,1,-0.534,0.5,3.0
Cameron Young,0.16,0.27,1.48,4.97,5.13,1,4.671,1.0,4.0
Cameron Young,0.82,1.26,1.28,4.56,5.38,2,5.31,0.75,1.0
Cameron Young,0.82,1.26,1.28,4.56,5.38,2,5.385,0.83,2.0
Cameron Young,0.82,1.26,1.28,4.56,5.38,2,-0.534,0.5,3.0
Cameron Young,0.82,1.26,1.28,4.56,5.38,2,4.671,1.0,4.0
Cameron Young,2.37,-2.49,-0.66,-2.9,-0.53,3,5.31,0.75,1.0
Cameron Young,2.37,-2.49,-0.66,-2.9,-0.53,3,5.385,0.83,2.0
Cameron Young,2.37,-2.49,-0.66,-2.9,-0.53,3,-0.534,0.5,3.0
Cameron Young,2.37,-2.49,-0.66,-2.9,-0.53,3,4.671,1.0,4.0
Cameron Young,1.46,0.65,0.97,3.21,4.67,4,5.31,0.75,1.0
Cameron Young,1.46,0.65,0.97,3.21,4.67,4,5.385,0.83,2.0
Cameron Young,1.46,0.65,0.97,3.21,4.67,4,-0.534,0.5,3.0
Cameron Young,1.46,0.65,0.97,3.21,4.67,4,4.671,1.0,4.0
Matt Fitzpatrick,1.66,1.67,-0.33,1.47,3.13,1,3.131,0.556,1.0
Matt Fitzpatrick,1.66,1.67,-0.33,1.47,3.13,1,3.385,0.8333,2.0
Matt Fitzpatrick,1.66,1.67,-0.33,1.47,3.13,1,2.466,0.5,3.0
Matt Fitzpatrick,1.66,1.67,-0.33,1.47,3.13,1,4.671,0.75,4.0
Matt Fitzpatrick,-0.69,1.84,0.91,4.08,3.38,2,3.131,0.556,1.0
Matt Fitzpatrick,-0.69,1.84,0.91,4.08,3.38,2,3.385,0.8333,2.0
Matt Fitzpatrick,-0.69,1.84,0.91,4.08,3.38,2,2.466,0.5,3.0
Matt Fitzpatrick,-0.69,1.84,0.91,4.08,3.38,2,4.671,0.75,4.0
Matt Fitzpatrick,-0.08,0.09,1.32,2.54,2.47,3,3.131,0.556,1.0
Matt Fitzpatrick,-0.08,0.09,1.32,2.54,2.47,3,3.385,0.8333,2.0
Matt Fitzpatrick,-0.08,0.09,1.32,2.54,2.47,3,2.466,0.5,3.0
Matt Fitzpatrick,-0.08,0.09,1.32,2.54,2.47,3,4.671,0.75,4.0
Matt Fitzpatrick,0.59,0.59,1.49,4.08,4.67,4,3.131,0.556,1.0
Matt Fitzpatrick,0.59,0.59,1.49,4.08,4.67,4,3.385,0.8333,2.0
Matt Fitzpatrick,0.59,0.59,1.49,4.08,4.67,4,2.466,0.5,3.0
Matt Fitzpatrick,0.59,0.59,1.49,4.08,4.67,4,4.671,0.75,4.0
Xander Schauffele,0,0.24,-1.38,4.13,4.13,1,4.131,0.75,1.0
Xander Schauffele,0,0.24,-1.38,4.13,4.13,1,7.385,1.0,2.0
Xander Schauffele,0,0.24,-1.38,4.13,4.13,1,-2.534,0.7,3.0
Xander Schauffele,0,0.24,-1.38,4.13,4.13,1,3.671,0.8333,4.0
Xander Schauffele,1.58,0.27,2.93,5.8,7.38,2,4.131,0.75,1.0
Xander Schauffele,1.58,0.27,2.93,5.8,7.38,2,7.385,1.0,2.0
Xander Schauffele,1.58,0.27,2.93,5.8,7.38,2,-2.534,0.7,3.0
Xander Schauffele,1.58,0.27,2.93,5.8,7.38,2,3.671,0.8333,4.0
Xander Schauffele,-0.58,-1.66,1.23,-1.95,-2.53,3,4.131,0.75,1.0
Xander Schauffele,-0.58,-1.66,1.23,-1.95,-2.53,3,7.385,1.0,2.0
Xander Schauffele,-0.58,-1.66,1.23,-1.95,-2.53,3,-2.534,0.7,3.0
Xander Schauffele,-0.58,-1.66,1.23,-1.95,-2.53,3,3.671,0.8333,4.0
Xander Schauffele,1.66,1.58,-0.71,2.01,3.67,4,4.131,0.75,1.0
Xander Schauffele,1.66,1.58,-0.71,2.01,3.67,4,7.385,1.0,2.0
Xander Schauffele,1.66,1.58,-0.71,2.01,3.67,4,-2.534,0.7,3.0
Xander Schauffele,1.66,1.58,-0.71,2.01,3.67,4,3.671,0.8333,4.0
Robert Macintyre,0.73,0.14,0.96,0.4,1.13,1,,,
Robert Macintyre,0.07,-0.95,0.78,0.31,0.39,2,,,
Robert Macintyre,2.58,2.11,1.47,3.89,6.47,3,,,
Robert Macintyre,1.21,0.64,0.44,2.47,3.67,4,,,
Ludvig Aberg,0.81,-0.6,2.39,3.32,4.13,1,4.131,1.0,1.0
Ludvig Aberg,0.81,-0.6,2.39,3.32,4.13,1,9.385,0.8,2.0
Ludvig Aberg,0.81,-0.6,2.39,3.32,4.13,1,0.466,0.8,3.0
Ludvig Aberg,0.81,-0.6,2.39,3.32,4.13,1,-3.329,0.5556,4.0
Ludvig Aberg,2.13,1.56,1.69,7.26,9.38,2,4.131,1.0,1.0
Ludvig Aberg,2.13,1.56,1.69,7.26,9.38,2,9.385,0.8,2.0
Ludvig Aberg,2.13,1.56,1.69,7.26,9.38,2,0.466,0.8,3.0
Ludvig Aberg,2.13,1.56,1.69,7.26,9.38,2,-3.329,0.5556,4.0
Ludvig Aberg,-0.18,-0.11,0.18,0.65,0.47,3,4.131,1.0,1.0
Ludvig Aberg,-0.18,-0.11,0.18,0.65,0.47,3,9.385,0.8,2.0
Ludvig Aberg,-0.18,-0.11,0.18,0.65,0.47,3,0.466,0.8,3.0
Ludvig Aberg,-0.18,-0.11,0.18,0.65,0.47,3,-3.329,0.5556,4.0
Ludvig Aberg,-1.33,0.63,-0.16,-1.99,-3.33,4,4.131,1.0,1.0
Ludvig Aberg,-1.33,0.63,-0.16,-1.99,-3.33,4,9.385,0.8,2.0
Ludvig Aberg,-1.33,0.63,-0.16,-1.99,-3.33,4,0.466,0.8,3.0
Ludvig Aberg,-1.33,0.63,-0.16,-1.99,-3.33,4,-3.329,0.5556,4.0
Jacob Bridgeman,2.43,-1.05,0.52,0.7,3.13,1,3.131,0.3333,1.0
Jacob Bridgeman,2.43,-1.05,0.52,0.7,3.13,1,4.385,0.75,2.0
Jacob Bridgeman,2.43,-1.05,0.52,0.7,3.13,1,0.466,0.75,3.0
Jacob Bridgeman,2.43,-1.05,0.52,0.7,3.13,1,2.671,0.0,4.0
Jacob Bridgeman,3.26,0.54,0.69,1.12,4.38,2,3.131,0.3333,1.0
Jacob Bridgeman,3.26,0.54,0.69,1.12,4.38,2,4.385,0.75,2.0
Jacob Bridgeman,3.26,0.54,0.69,1.12,4.38,2,0.466,0.75,3.0
Jacob Bridgeman,3.26,0.54,0.69,1.12,4.38,2,2.671,0.0,4.0
Jacob Bridgeman,1.29,2.64,0.2,-0.82,0.47,3,3.131,0.3333,1.0
Jacob Bridgeman,1.29,2.64,0.2,-0.82,0.47,3,4.385,0.75,2.0
Jacob Bridgeman,1.29,2.64,0.2,-0.82,0.47,3,0.466,0.75,3.0
Jacob Bridgeman,1.29,2.64,0.2,-0.82,0.47,3,2.671,0.0,4.0
Jacob Bridgeman,2.77,-0.85,1.66,-0.1,2.67,4,3.131,0.3333,1.0
Jacob Bridgeman,2.77,-0.85,1.66,-0.1,2.67,4,4.385,0.75,2.0
Jacob Bridgeman,2.77,-0.85,1.66,-0.1,2.67,4,0.466,0.75,3.0
Jacob Bridgeman,2.77,-0.85,1.66,-0.1,2.67,4,2.671,0.0,4.0
Sudarshan Yellamaraju,-0.06,-0.16,-0.34,0.19,0.13,1,0.131,0.5,1.0
Sudarshan Yellamaraju,-0.06,-0.16,-0.34,0.19,0.13,1,0.385,0.6667,2.0
Sudarshan Yellamaraju,-0.06,-0.16,-0.34,0.19,0.13,1,5.466,1.0,3.0
Sudarshan Yellamaraju,-0.06,-0.16,-0.34,0.19,0.13,1,4.671,0.3333,4.0
Sudarshan Yellamaraju,1.5,-1.49,1.27,-1.11,0.39,2,0.131,0.5,1.0
Sudarshan Yellamaraju,1.5,-1.49,1.27,-1.11,0.39,2,0.385,0.6667,2.0
Sudarshan Yellamaraju,1.5,-1.49,1.27,-1.11,0.39,2,5.466,1.0,3.0
Sudarshan Yellamaraju,1.5,-1.49,1.27,-1.11,0.39,2,4.671,0.3333,4.0
Sudarshan Yellamaraju,2.52,0.01,0.93,2.95,5.47,3,0.131,0.5,1.0
Sudarshan Yellamaraju,2.52,0.01,0.93,2.95,5.47,3,0.385,0.6667,2.0
Sudarshan Yellamaraju,2.52,0.01,0.93,2.95,5.47,3,5.466,1.0,3.0
Sudarshan Yellamaraju,2.52,0.01,0.93,2.95,5.47,3,4.671,0.3333,4.0
Sudarshan Yellamaraju,1.54,-0.26,0.67,3.13,4.67,4,0.131,0.5,1.0
Sudarshan Yellamaraju,1.54,-0.26,0.67,3.13,4.67,4,0.385,0.6667,2.0
Sudarshan Yellamaraju,1.54,-0.26,0.67,3.13,4.67,4,5.466,1.0,3.0
Sudarshan Yellamaraju,1.54,-0.26,0.67,3.13,4.67,4,4.671,0.3333,4.0
Justin Thomas,2.56,0.49,1.59,2.57,5.13,1,5.131,0.8,1.0
Justin Thomas,2.56,0.49,1.59,2.57,5.13,1,4.385,0.6667,2.0
Justin Thomas,2.56,0.49,1.59,2.57,5.13,1,-0.534,0.5,3.0
Justin Thomas,2.56,0.49,1.59,2.57,5.13,1,0.671,0.6667,4.0
Justin Thomas,1.62,1.01,-0.03,2.77,4.38,2,5.131,0.8,1.0
Justin Thomas,1.62,1.01,-0.03,2.77,4.38,2,4.385,0.6667,2.0
Justin Thomas,1.62,1.01,-0.03,2.77,4.38,2,-0.534,0.5,3.0
Justin Thomas,1.62,1.01,-0.03,2.77,4.38,2,0.671,0.6667,4.0
Justin Thomas,0.45,-0.3,-1.46,-0.99,-0.53,3,5.131,0.8,1.0
Justin Thomas,0.45,-0.3,-1.46,-0.99,-0.53,3,4.385,0.6667,2.0
Justin Thomas,0.45,-0.3,-1.46,-0.99,-0.53,3,-0.534,0.5,3.0
Justin Thomas,0.45,-0.3,-1.46,-0.99,-0.53,3,0.671,0.6667,4.0
Justin Thomas,-0.36,0.06,-1.56,1.03,0.67,4,5.131,0.8,1.0
Justin Thomas,-0.36,0.06,-1.56,1.03,0.67,4,4.385,0.6667,2.0
Justin Thomas,-0.36,0.06,-1.56,1.03,0.67,4,-0.534,0.5,3.0
Justin Thomas,-0.36,0.06,-1.56,1.03,0.67,4,0.671,0.6667,4.0
Tommy Fleetwood,-0.3,1.22,1.36,4.43,4.13,1,4.131,0.25,1.0
Tommy Fleetwood,-0.3,1.22,1.36,4.43,4.13,1,2.385,0.5714,2.0
Tommy Fleetwood,-0.3,1.22,1.36,4.43,4.13,1,-1.534,0.6,3.0
Tommy Fleetwood,-0.3,1.22,1.36,4.43,4.13,1,4.671,0.6667,4.0
Tommy Fleetwood,1.22,-0.18,0.85,1.16,2.38,2,4.131,0.25,1.0
Tommy Fleetwood,1.22,-0.18,0.85,1.16,2.38,2,2.385,0.5714,2.0
Tommy Fleetwood,1.22,-0.18,0.85,1.16,2.38,2,-1.534,0.6,3.0
Tommy Fleetwood,1.22,-0.18,0.85,1.16,2.38,2,4.671,0.6667,4.0
Tommy Fleetwood,-3.02,0.92,0.13,1.49,-1.53,3,4.131,0.25,1.0
Tommy Fleetwood,-3.02,0.92,0.13,1.49,-1.53,3,2.385,0.5714,2.0
Tommy Fleetwood,-3.02,0.92,0.13,1.49,-1.53,3,-1.534,0.6,3.0
Tommy Fleetwood,-3.02,0.92,0.13,1.49,-1.53,3,4.671,0.6667,4.0
Tommy Fleetwood,-0.64,1.53,1.45,5.31,4.67,4,4.131,0.25,1.0
Tommy Fleetwood,-0.64,1.53,1.45,5.31,4.67,4,2.385,0.5714,2.0
Tommy Fleetwood,-0.64,1.53,1.45,5.31,4.67,4,-1.534,0.6,3.0
Tommy Fleetwood,-0.64,1.53,1.45,5.31,4.67,4,4.671,0.6667,4.0
Sepp Straka,2.18,2.22,-0.24,3.95,6.13,1,6.131,1.0,1.0
Sepp Straka,2.18,2.22,-0.24,3.95,6.13,1,2.385,1.0,2.0
Sepp Straka,2.18,2.22,-0.24,3.95,6.13,1,-0.534,0.5556,3.0
Sepp Straka,2.18,2.22,-0.24,3.95,6.13,1,1.671,0.25,4.0
Sepp Straka,1.39,-0.95,1.47,0.99,2.38,2,6.131,1.0,1.0
Sepp Straka,1.39,-0.95,1.47,0.99,2.38,2,2.385,1.0,2.0
Sepp Straka,1.39,-0.95,1.47,0.99,2.38,2,-0.534,0.5556,3.0
Sepp Straka,1.39,-0.95,1.47,0.99,2.38,2,1.671,0.25,4.0
Sepp Straka,-0.27,0.22,0.03,-0.26,-0.53,3,6.131,1.0,1.0
Sepp Straka,-0.27,0.22,0.03,-0.26,-0.53,3,2.385,1.0,2.0
Sepp Straka,-0.27,0.22,0.03,-0.26,-0.53,3,-0.534,0.5556,3.0
Sepp Straka,-0.27,0.22,0.03,-0.26,-0.53,3,1.671,0.25,4.0
Sepp Straka,-0.74,1.02,0.08,2.41,1.67,4,6.131,1.0,1.0
Sepp Straka,-0.74,1.02,0.08,2.41,1.67,4,2.385,1.0,2.0
Sepp Straka,-0.74,1.02,0.08,2.41,1.67,4,-0.534,0.5556,3.0
Sepp Straka,-0.74,1.02,0.08,2.41,1.67,4,1.671,0.25,4.0
Brian Harman,-1.49,-0.79,-0.07,-0.38,-1.87,1,-1.869,0.375,1.0
Brian Harman,-1.49,-0.79,-0.07,-0.38,-1.87,1,8.385,1.0,2.0
Brian Harman,-1.49,-0.79,-0.07,-0.38,-1.87,1,2.466,0.625,3.0
Brian Harman,-1.49,-0.79,-0.07,-0.38,-1.87,1,-0.329,0.6667,4.0
Brian Harman,1.34,2.22,2.51,7.04,8.38,2,-1.869,0.375,1.0
Brian Harman,1.34,2.22,2.51,7.04,8.38,2,8.385,1.0,2.0
Brian Harman,1.34,2.22,2.51,7.04,8.38,2,2.466,0.625,3.0
Brian Harman,1.34,2.22,2.51,7.04,8.38,2,-0.329,0.6667,4.0
Brian Harman,1.4,0.06,0.4,1.07,2.47,3,-1.869,0.375,1.0
Brian Harman,1.4,0.06,0.4,1.07,2.47,3,8.385,1.0,2.0
Brian Harman,1.4,0.06,0.4,1.07,2.47,3,2.466,0.625,3.0
Brian Harman,1.4,0.06,0.4,1.07,2.47,3,-0.329,0.6667,4.0
Brian Harman,-1.53,3.55,0.2,1.2,-0.33,4,-1.869,0.375,1.0
Brian Harman,-1.53,3.55,0.2,1.2,-0.33,4,8.385,1.0,2.0
Brian Harman,-1.53,3.55,0.2,1.2,-0.33,4,2.466,0.625,3.0
Brian Harman,-1.53,3.55,0.2,1.2,-0.33,4,-0.329,0.6667,4.0
Patrick Rodgers,0.36,2.72,1.38,2.78,3.13,1,3.131,0.8333,1.0
Patrick Rodgers,0.36,2.72,1.38,2.78,3.13,1,2.385,0.5,2.0
Patrick Rodgers,0.36,2.72,1.38,2.78,3.13,1,0.466,0.5,3.0
Patrick Rodgers,0.36,2.72,1.38,2.78,3.13,1,2.671,0.5,4.0
Patrick Rodgers,0.55,1.02,0.66,1.83,2.38,2,3.131,0.8333,1.0
Patrick Rodgers,0.55,1.02,0.66,1.83,2.38,2,2.385,0.5,2.0
Patrick Rodgers,0.55,1.02,0.66,1.83,2.38,2,0.466,0.5,3.0
Patrick Rodgers,0.55,1.02,0.66,1.83,2.38,2,2.671,0.5,4.0
Patrick Rodgers,0.03,-0.18,0.55,0.44,0.47,3,3.131,0.8333,1.0
Patrick Rodgers,0.03,-0.18,0.55,0.44,0.47,3,2.385,0.5,2.0
Patrick Rodgers,0.03,-0.18,0.55,0.44,0.47,3,0.466,0.5,3.0
Patrick Rodgers,0.03,-0.18,0.55,0.44,0.47,3,2.671,0.5,4.0
Patrick Rodgers,1.77,-0.4,0.04,0.91,2.67,4,3.131,0.8333,1.0
Patrick Rodgers,1.77,-0.4,0.04,0.91,2.67,4,2.385,0.5,2.0
Patrick Rodgers,1.77,-0.4,0.04,0.91,2.67,4,0.466,0.5,3.0
Patrick Rodgers,1.77,-0.4,0.04,0.91,2.67,4,2.671,0.5,4.0
Brooks Koepka,0.69,-0.69,0.56,0.45,1.13,1,1.131,0.6667,1.0
Brooks Koepka,0.69,-0.69,0.56,0.45,1.13,1,2.385,0.25,2.0
Brooks Koepka,0.69,-0.69,0.56,0.45,1.13,1,2.466,0.7143,3.0
Brooks Koepka,0.69,-0.69,0.56,0.45,1.13,1,1.671,0.6,4.0
Brooks Koepka,-0.68,0.34,0.62,3.06,2.38,2,1.131,0.6667,1.0
Brooks Koepka,-0.68,0.34,0.62,3.06,2.38,2,2.385,0.25,2.0
Brooks Koepka,-0.68,0.34,0.62,3.06,2.38,2,2.466,0.7143,3.0
Brooks Koepka,-0.68,0.34,0.62,3.06,2.38,2,1.671,0.6,4.0
Brooks Koepka,-0.05,0.53,0.71,2.52,2.47,3,1.131,0.6667,1.0
Brooks Koepka,-0.05,0.53,0.71,2.52,2.47,3,2.385,0.25,2.0
Brooks Koepka,-0.05,0.53,0.71,2.52,2.47,3,2.466,0.7143,3.0
Brooks Koepka,-0.05,0.53,0.71,2.52,2.47,3,1.671,0.6,4.0
Brooks Koepka,-1.11,0.45,-0.47,2.78,1.67,4,1.131,0.6667,1.0
Brooks Koepka,-1.11,0.45,-0.47,2.78,1.67,4,2.385,0.25,2.0
Brooks Koepka,-1.11,0.45,-0.47,2.78,1.67,4,2.466,0.7143,3.0
Brooks Koepka,-1.11,0.45,-0.47,2.78,1.67,4,1.671,0.6,4.0
Justin Rose,-0.21,1.43,0.32,1.34,1.13,1,1.131,0.625,1.0
Justin Rose,-0.21,1.43,0.32,1.34,1.13,1,4.385,0.6667,2.0
Justin Rose,-0.21,1.43,0.32,1.34,1.13,1,1.466,0.6667,3.0
Justin Rose,-0.21,1.43,0.32,1.34,1.13,1,0.671,0.3333,4.0
Justin Rose,2.01,1.23,-0.36,2.37,4.38,2,1.131,0.625,1.0
Justin Rose,2.01,1.23,-0.36,2.37,4.38,2,4.385,0.6667,2.0
Justin Rose,2.01,1.23,-0.36,2.37,4.38,2,1.466,0.6667,3.0
Justin Rose,2.01,1.23,-0.36,2.37,4.38,2,0.671,0.3333,4.0
Justin Rose,3.19,-0.82,-1.08,-1.72,1.47,3,1.131,0.625,1.0
Justin Rose,3.19,-0.82,-1.08,-1.72,1.47,3,4.385,0.6667,2.0
Justin Rose,3.19,-0.82,-1.08,-1.72,1.47,3,1.466,0.6667,3.0
Justin Rose,3.19,-0.82,-1.08,-1.72,1.47,3,0.671,0.3333,4.0
Justin Rose,-1.87,2.36,0.53,2.54,0.67,4,1.131,0.625,1.0
Justin Rose,-1.87,2.36,0.53,2.54,0.67,4,4.385,0.6667,2.0
Justin Rose,-1.87,2.36,0.53,2.54,0.67,4,1.466,0.6667,3.0
Justin Rose,-1.87,2.36,0.53,2.54,0.67,4,0.671,0.3333,4.0
Akshay Bhatia,-0.95,0.01,1.42,3.09,2.13,1,2.131,0.8,1.0
Akshay Bhatia,-0.95,0.01,1.42,3.09,2.13,1,1.385,0.5,2.0
Akshay Bhatia,-0.95,0.01,1.42,3.09,2.13,1,1.466,0.8,3.0
Akshay Bhatia,-0.95,0.01,1.42,3.09,2.13,1,2.671,0.3333,4.0
Akshay Bhatia,1.06,-1.22,1.15,0.33,1.39,2,2.131,0.8,1.0
Akshay Bhatia,1.06,-1.22,1.15,0.33,1.39,2,1.385,0.5,2.0
Akshay Bhatia,1.06,-1.22,1.15,0.33,1.39,2,1.466,0.8,3.0
Akshay Bhatia,1.06,-1.22,1.15,0.33,1.39,2,2.671,0.3333,4.0
Akshay Bhatia,-0.72,-0.15,1.14,2.19,1.47,3,2.131,0.8,1.0
Akshay Bhatia,-0.72,-0.15,1.14,2.19,1.47,3,1.385,0.5,2.0
Akshay Bhatia,-0.72,-0.15,1.14,2.19,1.47,3,1.466,0.8,3.0
Akshay Bhatia,-0.72,-0.15,1.14,2.19,1.47,3,2.671,0.3333,4.0
Akshay Bhatia,1.37,-2.99,0.29,1.3,2.67,4,2.131,0.8,1.0
Akshay Bhatia,1.37,-2.99,0.29,1.3,2.67,4,1.385,0.5,2.0
Akshay Bhatia,1.37,-2.99,0.29,1.3,2.67,4,1.466,0.8,3.0
Akshay Bhatia,1.37,-2.99,0.29,1.3,2.67,4,2.671,0.3333,4.0
Russell Henley,2.77,0.2,0.78,2.36,5.13,1,5.131,0.7143,1.0
Russell Henley,2.77,0.2,0.78,2.36,5.13,1,1.385,0.75,2.0
Russell Henley,2.77,0.2,0.78,2.36,5.13,1,0.466,0.6667,3.0
Russell Henley,2.77,0.2,0.78,2.36,5.13,1,0.671,0.4286,4.0
Russell Henley,0.06,0.54,-1.58,1.33,1.39,2,5.131,0.7143,1.0
Russell Henley,0.06,0.54,-1.58,1.33,1.39,2,1.385,0.75,2.0
Russell Henley,0.06,0.54,-1.58,1.33,1.39,2,0.466,0.6667,3.0
Russell Henley,0.06,0.54,-1.58,1.33,1.39,2,0.671,0.4286,4.0
Russell Henley,-1.71,0.37,1.4,2.17,0.47,3,5.131,0.7143,1.0
Russell Henley,-1.71,0.37,1.4,2.17,0.47,3,1.385,0.75,2.0
Russell Henley,-1.71,0.37,1.4,2.17,0.47,3,0.466,0.6667,3.0
Russell Henley,-1.71,0.37,1.4,2.17,0.47,3,0.671,0.4286,4.0
Russell Henley,1.57,-0.61,0.84,-0.9,0.67,4,5.131,0.7143,1.0
Russell Henley,1.57,-0.61,0.84,-0.9,0.67,4,1.385,0.75,2.0
Russell Henley,1.57,-0.61,0.84,-0.9,0.67,4,0.466,0.6667,3.0
Russell Henley,1.57,-0.61,0.84,-0.9,0.67,4,0.671,0.4286,4.0
Sam Burns,1.5,-3.2,0.27,-4.37,-2.87,1,-2.869,0.375,1.0
Sam Burns,1.5,-3.2,0.27,-4.37,-2.87,1,4.385,0.5714,2.0
Sam Burns,1.5,-3.2,0.27,-4.37,-2.87,1,2.466,0.6667,3.0
Sam Burns,1.5,-3.2,0.27,-4.37,-2.87,1,3.671,0.75,4.0
Sam Burns,2.19,0.08,0.9,2.19,4.38,2,-2.869,0.375,1.0
Sam Burns,2.19,0.08,0.9,2.19,4.38,2,4.385,0.5714,2.0
Sam Burns,2.19,0.08,0.9,2.19,4.38,2,2.466,0.6667,3.0
Sam Burns,2.19,0.08,0.9,2.19,4.38,2,3.671,0.75,4.0
Sam Burns,-0.71,1.67,1.16,3.17,2.47,3,-2.869,0.375,1.0
Sam Burns,-0.71,1.67,1.16,3.17,2.47,3,4.385,0.5714,2.0
Sam Burns,-0.71,1.67,1.16,3.17,2.47,3,2.466,0.6667,3.0
Sam Burns,-0.71,1.67,1.16,3.17,2.47,3,3.671,0.75,4.0
Sam Burns,4.7,0.02,-0.23,-1.03,3.67,4,-2.869,0.375,1.0
Sam Burns,4.7,0.02,-0.23,-1.03,3.67,4,4.385,0.5714,2.0
Sam Burns,4.7,0.02,-0.23,-1.03,3.67,4,2.466,0.6667,3.0
Sam Burns,4.7,0.02,-0.23,-1.03,3.67,4,3.671,0.75,4.0
Viktor Hovland,1.4,3.49,-0.18,2.73,4.13,1,4.131,1.0,1.0
Viktor Hovland,1.4,3.49,-0.18,2.73,4.13,1,2.385,0.8,2.0
Viktor Hovland,1.4,3.49,-0.18,2.73,4.13,1,2.385,0.6667,3.0
Viktor Hovland,1.4,3.49,-0.18,2.73,4.13,1,-1.329,0.54555,4.0
Viktor Hovland,0.39,1.02,-0.54,1.99,2.38,2,4.131,1.0,1.0
Viktor Hovland,0.39,1.02,-0.54,1.99,2.38,2,2.385,0.8,2.0
Viktor Hovland,0.39,1.02,-0.54,1.99,2.38,2,2.385,0.6667,3.0
Viktor Hovland,0.39,1.02,-0.54,1.99,2.38,2,-1.329,0.54555,4.0
Viktor Hovland,0.47,1.28,-0.54,2,2.47,3,4.131,1.0,1.0
Viktor Hovland,0.47,1.28,-0.54,2,2.47,3,2.385,0.8,2.0
Viktor Hovland,0.47,1.28,-0.54,2,2.47,3,2.385,0.6667,3.0
Viktor Hovland,0.47,1.28,-0.54,2,2.47,3,-1.329,0.54555,4.0
Viktor Hovland,-1.64,1.72,-0.56,0.31,-1.33,4,4.131,1.0,1.0
Viktor Hovland,-1.64,1.72,-0.56,0.31,-1.33,4,2.385,0.8,2.0
Viktor Hovland,-1.64,1.72,-0.56,0.31,-1.33,4,2.385,0.6667,3.0
Viktor Hovland,-1.64,1.72,-0.56,0.31,-1.33,4,-1.329,0.54555,4.0
Corey Conners,-1.25,0.33,1.78,5.38,4.13,1,4.131,0.75,1.0
Corey Conners,-1.25,0.33,1.78,5.38,4.13,1,5.385,0.3333,2.0
Corey Conners,-1.25,0.33,1.78,5.38,4.13,1,-0.534,0.5714,3.0
Corey Conners,-1.25,0.33,1.78,5.38,4.13,1,-1.329,0.4286,4.0
Corey Conners,1.25,0.09,0.57,4.14,5.38,2,4.131,0.75,1.0
Corey Conners,1.25,0.09,0.57,4.14,5.38,2,5.385,0.3333,2.0
Corey Conners,1.25,0.09,0.57,4.14,5.38,2,-0.534,0.5714,3.0
Corey Conners,1.25,0.09,0.57,4.14,5.38,2,-1.329,0.4286,4.0
Corey Conners,0.35,-0.52,-0.36,-0.89,-0.53,3,4.131,0.75,1.0
Corey Conners,0.35,-0.52,-0.36,-0.89,-0.53,3,5.385,0.3333,2.0
Corey Conners,0.35,-0.52,-0.36,-0.89,-0.53,3,-0.534,0.5714,3.0
Corey Conners,0.35,-0.52,-0.36,-0.89,-0.53,3,-1.329,0.4286,4.0
Corey Conners,0.12,-1.57,0.81,-1.45,-1.33,4,4.131,0.75,1.0
Corey Conners,0.12,-1.57,0.81,-1.45,-1.33,4,5.385,0.3333,2.0
Corey Conners,0.12,-1.57,0.81,-1.45,-1.33,4,-0.534,0.5714,3.0
Corey Conners,0.12,-1.57,0.81,-1.45,-1.33,4,-1.329,0.4286,4.0
Austin Smotherman,0.54,1.07,1.02,5.59,6.13,1,6.131,1.0,1.0
Austin Smotherman,0.54,1.07,1.02,5.59,6.13,1,0.385,0.6667,2.0
Austin Smotherman,0.54,1.07,1.02,5.59,6.13,1,1.466,0.7143,3.0
Austin Smotherman,0.54,1.07,1.02,5.59,6.13,1,-0.329,0.25,4.0
Austin Smotherman,-1.82,-1.32,2.08,2.21,0.39,2,6.131,1.0,1.0
Austin Smotherman,-1.82,-1.32,2.08,2.21,0.39,2,0.385,0.6667,2.0
Austin Smotherman,-1.82,-1.32,2.08,2.21,0.39,2,1.466,0.7143,3.0
Austin Smotherman,-1.82,-1.32,2.08,2.21,0.39,2,-0.329,0.25,4.0
Austin Smotherman,-1.4,0.28,1.3,2.87,1.47,3,6.131,1.0,1.0
Austin Smotherman,-1.4,0.28,1.3,2.87,1.47,3,0.385,0.6667,2.0
Austin Smotherman,-1.4,0.28,1.3,2.87,1.47,3,1.466,0.7143,3.0
Austin Smotherman,-1.4,0.28,1.3,2.87,1.47,3,-0.329,0.25,4.0
Austin Smotherman,1.06,-1.53,1.5,-1.39,-0.33,4,6.131,1.0,1.0
Austin Smotherman,1.06,-1.53,1.5,-1.39,-0.33,4,0.385,0.6667,2.0
Austin Smotherman,1.06,-1.53,1.5,-1.39,-0.33,4,1.466,0.7143,3.0
Austin Smotherman,1.06,-1.53,1.5,-1.39,-0.33,4,-0.329,0.25,4.0
Ryo Hisatsune,-0.16,0.16,0.69,2.29,2.13,1,2.131,0.0,1.0
Ryo Hisatsune,-0.16,0.16,0.69,2.29,2.13,1,3.385,0.8333,2.0
Ryo Hisatsune,-0.16,0.16,0.69,2.29,2.13,1,1.466,0.01,3.0
Ryo Hisatsune,-0.16,0.16,0.69,2.29,2.13,1,0.671,0.6,4.0
Ryo Hisatsune,0.05,0.91,0.89,3.33,3.38,2,2.131,0.0,1.0
Ryo Hisatsune,0.05,0.91,0.89,3.33,3.38,2,3.385,0.8333,2.0
Ryo Hisatsune,0.05,0.91,0.89,3.33,3.38,2,1.466,0.01,3.0
Ryo Hisatsune,0.05,0.91,0.89,3.33,3.38,2,0.671,0.6,4.0
Ryo Hisatsune,-1.86,0.68,-0.13,3.32,1.47,3,2.131,0.0,1.0
Ryo Hisatsune,-1.86,0.68,-0.13,3.32,1.47,3,3.385,0.8333,2.0
Ryo Hisatsune,-1.86,0.68,-0.13,3.32,1.47,3,1.466,0.01,3.0
Ryo Hisatsune,-1.86,0.68,-0.13,3.32,1.47,3,0.671,0.6,4.0
Ryo Hisatsune,-1.14,1.25,1.32,1.81,0.67,4,2.131,0.0,1.0
Ryo Hisatsune,-1.14,1.25,1.32,1.81,0.67,4,3.385,0.8333,2.0
Ryo Hisatsune,-1.14,1.25,1.32,1.81,0.67,4,1.466,0.01,3.0
Ryo Hisatsune,-1.14,1.25,1.32,1.81,0.67,4,0.671,0.6,4.0
Scottie Scheffler,1.16,-0.95,-0.01,-0.03,1.13,1,1.131,0.3333,1.0
Scottie Scheffler,1.16,-0.95,-0.01,-0.03,1.13,1,-0.615,0.5,2.0
Scottie Scheffler,1.16,-0.95,-0.01,-0.03,1.13,1,4.466,1.0,3.0
Scottie Scheffler,1.16,-0.95,-0.01,-0.03,1.13,1,1.671,0.625,4.0
Scottie Scheffler,-1.35,-0.08,-0.91,0.74,-0.61,2,1.131,0.3333,1.0
Scottie Scheffler,-1.35,-0.08,-0.91,0.74,-0.61,2,-0.615,0.5,2.0
Scottie Scheffler,-1.35,-0.08,-0.91,0.74,-0.61,2,4.466,1.0,3.0
Scottie Scheffler,-1.35,-0.08,-0.91,0.74,-0.61,2,1.671,0.625,4.0
Scottie Scheffler,1.59,1.68,1.17,2.88,4.47,3,1.131,0.3333,1.0
Scottie Scheffler,1.59,1.68,1.17,2.88,4.47,3,-0.615,0.5,2.0
Scottie Scheffler,1.59,1.68,1.17,2.88,4.47,3,4.466,1.0,3.0
Scottie Scheffler,1.59,1.68,1.17,2.88,4.47,3,1.671,0.625,4.0
Scottie Scheffler,0.79,2.42,0.09,0.88,1.67,4,1.131,0.3333,1.0
Scottie Scheffler,0.79,2.42,0.09,0.88,1.67,4,-0.615,0.5,2.0
Scottie Scheffler,0.79,2.42,0.09,0.88,1.67,4,4.466,1.0,3.0
Scottie Scheffler,0.79,2.42,0.09,0.88,1.67,4,1.671,0.625,4.0
Michael Thorbjornsen,-0.79,-0.06,1.85,-0.08,-0.87,1,-0.869,0.625,1.0
Michael Thorbjornsen,-0.79,-0.06,1.85,-0.08,-0.87,1,7.385,0.8,2.0
Michael Thorbjornsen,-0.79,-0.06,1.85,-0.08,-0.87,1,4.466,0.6,3.0
Michael Thorbjornsen,-0.79,-0.06,1.85,-0.08,-0.87,1,-4.329,0.25,4.0
Michael Thorbjornsen,1.75,2.17,1.66,5.64,7.38,2,-0.869,0.625,1.0
Michael Thorbjornsen,1.75,2.17,1.66,5.64,7.38,2,7.385,0.8,2.0
Michael Thorbjornsen,1.75,2.17,1.66,5.64,7.38,2,4.466,0.6,3.0
Michael Thorbjornsen,1.75,2.17,1.66,5.64,7.38,2,-4.329,0.25,4.0
Michael Thorbjornsen,1.34,-0.44,0.34,3.13,4.47,3,-0.869,0.625,1.0
Michael Thorbjornsen,1.34,-0.44,0.34,3.13,4.47,3,7.385,0.8,2.0
Michael Thorbjornsen,1.34,-0.44,0.34,3.13,4.47,3,4.466,0.6,3.0
Michael Thorbjornsen,1.34,-0.44,0.34,3.13,4.47,3,-4.329,0.25,4.0
Michael Thorbjornsen,-1.31,0.68,-0.86,-3.01,-4.33,4,-0.869,0.625,1.0
Michael Thorbjornsen,-1.31,0.68,-0.86,-3.01,-4.33,4,7.385,0.8,2.0
Michael Thorbjornsen,-1.31,0.68,-0.86,-3.01,-4.33,4,4.466,0.6,3.0
Michael Thorbjornsen,-1.31,0.68,-0.86,-3.01,-4.33,4,-4.329,0.25,4.0
J.J. Spaun,-0.02,-0.11,0.7,2.15,2.13,1,2.131,0.4,1.0
J.J. Spaun,-0.02,-0.11,0.7,2.15,2.13,1,0.385,0.5,2.0
J.J. Spaun,-0.02,-0.11,0.7,2.15,2.13,1,3.466,0.8889,3.0
J.J. Spaun,-0.02,-0.11,0.7,2.15,2.13,1,-0.329,0.5,4.0
J.J. Spaun,-1.93,-0.22,0.58,2.32,0.39,2,2.131,0.4,1.0
J.J. Spaun,-1.93,-0.22,0.58,2.32,0.39,2,0.385,0.5,2.0
J.J. Spaun,-1.93,-0.22,0.58,2.32,0.39,2,3.466,0.8889,3.0
J.J. Spaun,-1.93,-0.22,0.58,2.32,0.39,2,-0.329,0.5,4.0
J.J. Spaun,3.82,-1.11,-0.26,-0.35,3.47,3,2.131,0.4,1.0
J.J. Spaun,3.82,-1.11,-0.26,-0.35,3.47,3,0.385,0.5,2.0
J.J. Spaun,3.82,-1.11,-0.26,-0.35,3.47,3,3.466,0.8889,3.0
J.J. Spaun,3.82,-1.11,-0.26,-0.35,3.47,3,-0.329,0.5,4.0
J.J. Spaun,-0.06,-0.53,-0.16,-0.27,-0.33,4,2.131,0.4,1.0
J.J. Spaun,-0.06,-0.53,-0.16,-0.27,-0.33,4,0.385,0.5,2.0
J.J. Spaun,-0.06,-0.53,-0.16,-0.27,-0.33,4,3.466,0.8889,3.0
J.J. Spaun,-0.06,-0.53,-0.16,-0.27,-0.33,4,-0.329,0.5,4.0
Alex Smalley,0.97,-0.47,1.47,2.16,3.13,1,3.131,0.6667,1.0
Alex Smalley,0.97,-0.47,1.47,2.16,3.13,1,2.385,0.6667,2.0
Alex Smalley,0.97,-0.47,1.47,2.16,3.13,1,0.466,0.6667,3.0
Alex Smalley,0.97,-0.47,1.47,2.16,3.13,1,-0.329,0.5714,4.0
Alex Smalley,1.4,-1.6,1.27,0.99,2.38,2,3.131,0.6667,1.0
Alex Smalley,1.4,-1.6,1.27,0.99,2.38,2,2.385,0.6667,2.0
Alex Smalley,1.4,-1.6,1.27,0.99,2.38,2,0.466,0.6667,3.0
Alex Smalley,1.4,-1.6,1.27,0.99,2.38,2,-0.329,0.5714,4.0
Alex Smalley,-0.31,1.85,0.28,0.77,0.47,3,3.131,0.6667,1.0
Alex Smalley,-0.31,1.85,0.28,0.77,0.47,3,2.385,0.6667,2.0
Alex Smalley,-0.31,1.85,0.28,0.77,0.47,3,0.466,0.6667,3.0
Alex Smalley,-0.31,1.85,0.28,0.77,0.47,3,-0.329,0.5714,4.0
Alex Smalley,0.26,-0.59,-1.02,-0.59,-0.33,4,3.131,0.6667,1.0
Alex Smalley,0.26,-0.59,-1.02,-0.59,-0.33,4,2.385,0.6667,2.0
Alex Smalley,0.26,-0.59,-1.02,-0.59,-0.33,4,0.466,0.6667,3.0
Alex Smalley,0.26,-0.59,-1.02,-0.59,-0.33,4,-0.329,0.5714,4.0
William Mouw,2.42,-1.76,0.64,1.71,4.13,1,4.131,0.4,1.0
William Mouw,2.42,-1.76,0.64,1.71,4.13,1,0.385,0.6667,2.0
William Mouw,2.42,-1.76,0.64,1.71,4.13,1,2.466,0.5,3.0
William Mouw,2.42,-1.76,0.64,1.71,4.13,1,-1.329,0.4286,4.0
William Mouw,-0.41,0.86,0.26,0.8,0.39,2,4.131,0.4,1.0
William Mouw,-0.41,0.86,0.26,0.8,0.39,2,0.385,0.6667,2.0
William Mouw,-0.41,0.86,0.26,0.8,0.39,2,2.466,0.5,3.0
William Mouw,-0.41,0.86,0.26,0.8,0.39,2,-1.329,0.4286,4.0
William Mouw,-0.87,0.21,2.11,3.34,2.47,3,4.131,0.4,1.0
William Mouw,-0.87,0.21,2.11,3.34,2.47,3,0.385,0.6667,2.0
William Mouw,-0.87,0.21,2.11,3.34,2.47,3,2.466,0.5,3.0
William Mouw,-0.87,0.21,2.11,3.34,2.47,3,-1.329,0.4286,4.0
William Mouw,0.3,-0.79,0.8,-1.63,-1.33,4,4.131,0.4,1.0
William Mouw,0.3,-0.79,0.8,-1.63,-1.33,4,0.385,0.6667,2.0
William Mouw,0.3,-0.79,0.8,-1.63,-1.33,4,2.466,0.5,3.0
William Mouw,0.3,-0.79,0.8,-1.63,-1.33,4,-1.329,0.4286,4.0
Chris Kirk,-1.64,1.84,0.17,3.77,2.13,1,2.131,0.6667,1.0
Chris Kirk,-1.64,1.84,0.17,3.77,2.13,1,-1.615,0.5,2.0
Chris Kirk,-1.64,1.84,0.17,3.77,2.13,1,0.466,0.5,3.0
Chris Kirk,-1.64,1.84,0.17,3.77,2.13,1,3.671,0.6,4.0
Chris Kirk,-0.86,-0.83,-0.81,-0.76,-1.61,2,2.131,0.6667,1.0
Chris Kirk,-0.86,-0.83,-0.81,-0.76,-1.61,2,-1.615,0.5,2.0
Chris Kirk,-0.86,-0.83,-0.81,-0.76,-1.61,2,0.466,0.5,3.0
Chris Kirk,-0.86,-0.83,-0.81,-0.76,-1.61,2,3.671,0.6,4.0
Chris Kirk,-0.08,-0.17,0.79,0.55,0.47,3,2.131,0.6667,1.0
Chris Kirk,-0.08,-0.17,0.79,0.55,0.47,3,-1.615,0.5,2.0
Chris Kirk,-0.08,-0.17,0.79,0.55,0.47,3,0.466,0.5,3.0
Chris Kirk,-0.08,-0.17,0.79,0.55,0.47,3,3.671,0.6,4.0
Chris Kirk,1.41,0.5,0.14,2.26,3.67,4,2.131,0.6667,1.0
Chris Kirk,1.41,0.5,0.14,2.26,3.67,4,-1.615,0.5,2.0
Chris Kirk,1.41,0.5,0.14,2.26,3.67,4,0.466,0.5,3.0
Chris Kirk,1.41,0.5,0.14,2.26,3.67,4,3.671,0.6,4.0
Hideki Matsuyama,1.4,-0.26,0.59,1.73,3.13,1,3.131,0.8,1.0
Hideki Matsuyama,1.4,-0.26,0.59,1.73,3.13,1,3.131,0.6,2.0
Hideki Matsuyama,1.4,-0.26,0.59,1.73,3.13,1,-4.534,0.375,3.0
Hideki Matsuyama,1.4,-0.26,0.59,1.73,3.13,1,5.671,0.8,4.0
Hideki Matsuyama,-0.88,0.28,-0.29,1.26,0.39,2,3.131,0.8,1.0
Hideki Matsuyama,-0.88,0.28,-0.29,1.26,0.39,2,3.131,0.6,2.0
Hideki Matsuyama,-0.88,0.28,-0.29,1.26,0.39,2,-4.534,0.375,3.0
Hideki Matsuyama,-0.88,0.28,-0.29,1.26,0.39,2,5.671,0.8,4.0
Hideki Matsuyama,-1.54,0.22,-0.9,-3,-4.53,3,3.131,0.8,1.0
Hideki Matsuyama,-1.54,0.22,-0.9,-3,-4.53,3,3.131,0.6,2.0
Hideki Matsuyama,-1.54,0.22,-0.9,-3,-4.53,3,-4.534,0.375,3.0
Hideki Matsuyama,-1.54,0.22,-0.9,-3,-4.53,3,5.671,0.8,4.0
Hideki Matsuyama,3.28,0.85,-0.34,2.39,5.67,4,3.131,0.8,1.0
Hideki Matsuyama,3.28,0.85,-0.34,2.39,5.67,4,3.131,0.6,2.0
Hideki Matsuyama,3.28,0.85,-0.34,2.39,5.67,4,-4.534,0.375,3.0
Hideki Matsuyama,3.28,0.85,-0.34,2.39,5.67,4,5.671,0.8,4.0
Ryan Gerard,-0.73,1.66,-0.58,0.86,0.13,1,0.131,0.4286,1.0
Ryan Gerard,-0.73,1.66,-0.58,0.86,0.13,1,4.385,0.8333,2.0
Ryan Gerard,-0.73,1.66,-0.58,0.86,0.13,1,-1.534,0.5,3.0
Ryan Gerard,-0.73,1.66,-0.58,0.86,0.13,1,1.671,0.25,4.0
Ryan Gerard,2.13,0.67,0.06,2.25,4.38,2,0.131,0.4286,1.0
Ryan Gerard,2.13,0.67,0.06,2.25,4.38,2,4.385,0.8333,2.0
Ryan Gerard,2.13,0.67,0.06,2.25,4.38,2,-1.534,0.5,3.0
Ryan Gerard,2.13,0.67,0.06,2.25,4.38,2,1.671,0.25,4.0
Ryan Gerard,0.64,-0.57,0.73,-2.18,-1.53,3,0.131,0.4286,1.0
Ryan Gerard,0.64,-0.57,0.73,-2.18,-1.53,3,4.385,0.8333,2.0
Ryan Gerard,0.64,-0.57,0.73,-2.18,-1.53,3,-1.534,0.5,3.0
Ryan Gerard,0.64,-0.57,0.73,-2.18,-1.53,3,1.671,0.25,4.0
Ryan Gerard,-0.1,-0.6,1.31,1.77,1.67,4,0.131,0.4286,1.0
Ryan Gerard,-0.1,-0.6,1.31,1.77,1.67,4,4.385,0.8333,2.0
Ryan Gerard,-0.1,-0.6,1.31,1.77,1.67,4,-1.534,0.5,3.0
Ryan Gerard,-0.1,-0.6,1.31,1.77,1.67,4,1.671,0.25,4.0
Chad Ramey,3.46,-0.54,-0.89,-2.33,1.13,1,1.131,0.4286,1.0
Chad Ramey,3.46,-0.54,-0.89,-2.33,1.13,1,3.385,0.8,2.0
Chad Ramey,3.46,-0.54,-0.89,-2.33,1.13,1,-1.534,0.667,3.0
Chad Ramey,3.46,-0.54,-0.89,-2.33,1.13,1,1.671,0.5714,4.0
Chad Ramey,0.4,-0.04,0.44,2.99,3.38,2,1.131,0.4286,1.0
Chad Ramey,0.4,-0.04,0.44,2.99,3.38,2,3.385,0.8,2.0
Chad Ramey,0.4,-0.04,0.44,2.99,3.38,2,-1.534,0.667,3.0
Chad Ramey,0.4,-0.04,0.44,2.99,3.38,2,1.671,0.5714,4.0
Chad Ramey,-1.65,-0.29,1.19,0.12,-1.53,3,1.131,0.4286,1.0
Chad Ramey,-1.65,-0.29,1.19,0.12,-1.53,3,3.385,0.8,2.0
Chad Ramey,-1.65,-0.29,1.19,0.12,-1.53,3,-1.534,0.667,3.0
Chad Ramey,-1.65,-0.29,1.19,0.12,-1.53,3,1.671,0.5714,4.0
Chad Ramey,0.2,0.56,0.69,1.47,1.67,4,1.131,0.4286,1.0
Chad Ramey,0.2,0.56,0.69,1.47,1.67,4,3.385,0.8,2.0
Chad Ramey,0.2,0.56,0.69,1.47,1.67,4,-1.534,0.667,3.0
Chad Ramey,0.2,0.56,0.69,1.47,1.67,4,1.671,0.5714,4.0
Nicolai Hojgaard,1.44,1.33,0.01,0.69,2.13,1,2.131,0.6667,1.0
Nicolai Hojgaard,1.44,1.33,0.01,0.69,2.13,1,-1.615,0.7,2.0
Nicolai Hojgaard,1.44,1.33,0.01,0.69,2.13,1,0.466,1.0,3.0
Nicolai Hojgaard,1.44,1.33,0.01,0.69,2.13,1,3.671,0.5,4.0
Nicolai Hojgaard,1.91,2.13,-3.89,-3.53,-1.61,2,2.131,0.6667,1.0
Nicolai Hojgaard,1.91,2.13,-3.89,-3.53,-1.61,2,-1.615,0.7,2.0
Nicolai Hojgaard,1.91,2.13,-3.89,-3.53,-1.61,2,0.466,1.0,3.0
Nicolai Hojgaard,1.91,2.13,-3.89,-3.53,-1.61,2,3.671,0.5,4.0
Nicolai Hojgaard,0.24,-0.23,-1,0.23,0.47,3,2.131,0.6667,1.0
Nicolai Hojgaard,0.24,-0.23,-1,0.23,0.47,3,-1.615,0.7,2.0
Nicolai Hojgaard,0.24,-0.23,-1,0.23,0.47,3,0.466,1.0,3.0
Nicolai Hojgaard,0.24,-0.23,-1,0.23,0.47,3,3.671,0.5,4.0
Nicolai Hojgaard,1.96,-1.54,0.09,1.71,3.67,4,2.131,0.6667,1.0
Nicolai Hojgaard,1.96,-1.54,0.09,1.71,3.67,4,-1.615,0.7,2.0
Nicolai Hojgaard,1.96,-1.54,0.09,1.71,3.67,4,0.466,1.0,3.0
Nicolai Hojgaard,1.96,-1.54,0.09,1.71,3.67,4,3.671,0.5,4.0
Alex Noren,1.4,1.07,-1.22,0.73,2.13,1,2.131,0.5556,1.0
Alex Noren,1.4,1.07,-1.22,0.73,2.13,1,1.385,0.5714,2.0
Alex Noren,1.4,1.07,-1.22,0.73,2.13,1,-1.534,0.4444,3.0
Alex Noren,1.4,1.07,-1.22,0.73,2.13,1,1.671,0.7143,4.0
Alex Noren,3.41,-0.31,0.83,-2.02,1.39,2,2.131,0.5556,1.0
Alex Noren,3.41,-0.31,0.83,-2.02,1.39,2,1.385,0.5714,2.0
Alex Noren,3.41,-0.31,0.83,-2.02,1.39,2,-1.534,0.4444,3.0
Alex Noren,3.41,-0.31,0.83,-2.02,1.39,2,1.671,0.7143,4.0
Alex Noren,-2.32,1.32,-2.64,0.78,-1.53,3,2.131,0.5556,1.0
Alex Noren,-2.32,1.32,-2.64,0.78,-1.53,3,1.385,0.5714,2.0
Alex Noren,-2.32,1.32,-2.64,0.78,-1.53,3,-1.534,0.4444,3.0
Alex Noren,-2.32,1.32,-2.64,0.78,-1.53,3,1.671,0.7143,4.0
Alex Noren,0.38,1.77,0.27,1.29,1.67,4,2.131,0.5556,1.0
Alex Noren,0.38,1.77,0.27,1.29,1.67,4,1.385,0.5714,2.0
Alex Noren,0.38,1.77,0.27,1.29,1.67,4,-1.534,0.4444,3.0
Alex Noren,0.38,1.77,0.27,1.29,1.67,4,1.671,0.7143,4.0
Patrick Cantlay,-0.88,1.11,0.25,1.02,0.13,1,0.131,0.625,1.0
Patrick Cantlay,-0.88,1.11,0.25,1.02,0.13,1,-0.615,0.5,2.0
Patrick Cantlay,-0.88,1.11,0.25,1.02,0.13,1,1.466,0.8333,3.0
Patrick Cantlay,-0.88,1.11,0.25,1.02,0.13,1,2.671,0.75,4.0
Patrick Cantlay,-1.11,-0.6,1.36,0.49,-0.61,2,0.131,0.625,1.0
Patrick Cantlay,-1.11,-0.6,1.36,0.49,-0.61,2,-0.615,0.5,2.0
Patrick Cantlay,-1.11,-0.6,1.36,0.49,-0.61,2,1.466,0.8333,3.0
Patrick Cantlay,-1.11,-0.6,1.36,0.49,-0.61,2,2.671,0.75,4.0
Patrick Cantlay,1.83,0.2,0.41,-0.37,1.47,3,0.131,0.625,1.0
Patrick Cantlay,1.83,0.2,0.41,-0.37,1.47,3,-0.615,0.5,2.0
Patrick Cantlay,1.83,0.2,0.41,-0.37,1.47,3,1.466,0.8333,3.0
Patrick Cantlay,1.83,0.2,0.41,-0.37,1.47,3,2.671,0.75,4.0
Patrick Cantlay,0.6,0.8,1.61,2.07,2.67,4,0.131,0.625,1.0
Patrick Cantlay,0.6,0.8,1.61,2.07,2.67,4,-0.615,0.5,2.0
Patrick Cantlay,0.6,0.8,1.61,2.07,2.67,4,1.466,0.8333,3.0
Patrick Cantlay,0.6,0.8,1.61,2.07,2.67,4,2.671,0.75,4.0
Bud Cauley,-0.15,1.4,0.42,3.28,3.13,1,3.131,0.57114,1.0
Bud Cauley,-0.15,1.4,0.42,3.28,3.13,1,-1.615,0.75,2.0
Bud Cauley,-0.15,1.4,0.42,3.28,3.13,1,-0.534,0.5,3.0
Bud Cauley,-0.15,1.4,0.42,3.28,3.13,1,2.671,0.75,4.0
Bud Cauley,0.83,0.08,-1.22,-2.45,-1.61,2,3.131,0.57114,1.0
Bud Cauley,0.83,0.08,-1.22,-2.45,-1.61,2,-1.615,0.75,2.0
Bud Cauley,0.83,0.08,-1.22,-2.45,-1.61,2,-0.534,0.5,3.0
Bud Cauley,0.83,0.08,-1.22,-2.45,-1.61,2,2.671,0.75,4.0
Bud Cauley,-1.56,0.63,0.22,1.03,-0.53,3,3.131,0.57114,1.0
Bud Cauley,-1.56,0.63,0.22,1.03,-0.53,3,-1.615,0.75,2.0
Bud Cauley,-1.56,0.63,0.22,1.03,-0.53,3,-0.534,0.5,3.0
Bud Cauley,-1.56,0.63,0.22,1.03,-0.53,3,2.671,0.75,4.0
Bud Cauley,-1,1.94,0.84,3.67,2.67,4,3.131,0.57114,1.0
Bud Cauley,-1,1.94,0.84,3.67,2.67,4,-1.615,0.75,2.0
Bud Cauley,-1,1.94,0.84,3.67,2.67,4,-0.534,0.5,3.0
Bud Cauley,-1,1.94,0.84,3.67,2.67,4,2.671,0.75,4.0
Maverick Mcnealy,1.99,1.22,1.34,4.14,6.13,1,,,
Maverick Mcnealy,1.22,-0.34,-0.02,0.16,1.39,2,,,
Maverick Mcnealy,0.73,0.12,0.28,-2.26,-1.53,3,,,
Maverick Mcnealy,-1.07,-0.53,-0.67,-1.26,-2.33,4,,,
Jordan Spieth,0.11,0.56,-1.45,0.02,0.13,1,0.131,0.7143,1.0
Jordan Spieth,0.11,0.56,-1.45,0.02,0.13,1,4.385,0.7143,2.0
Jordan Spieth,0.11,0.56,-1.45,0.02,0.13,1,-4.534,0.375,3.0
Jordan Spieth,0.11,0.56,-1.45,0.02,0.13,1,3.671,0.5,4.0
Jordan Spieth,-0.57,1.89,0.82,4.96,4.38,2,0.131,0.7143,1.0
Jordan Spieth,-0.57,1.89,0.82,4.96,4.38,2,4.385,0.7143,2.0
Jordan Spieth,-0.57,1.89,0.82,4.96,4.38,2,-4.534,0.375,3.0
Jordan Spieth,-0.57,1.89,0.82,4.96,4.38,2,3.671,0.5,4.0
Jordan Spieth,-5.08,1.44,-1.3,0.55,-4.53,3,0.131,0.7143,1.0
Jordan Spieth,-5.08,1.44,-1.3,0.55,-4.53,3,4.385,0.7143,2.0
Jordan Spieth,-5.08,1.44,-1.3,0.55,-4.53,3,-4.534,0.375,3.0
Jordan Spieth,-5.08,1.44,-1.3,0.55,-4.53,3,3.671,0.5,4.0
Jordan Spieth,3.21,-1.04,-0.37,0.46,3.67,4,0.131,0.7143,1.0
Jordan Spieth,3.21,-1.04,-0.37,0.46,3.67,4,4.385,0.7143,2.0
Jordan Spieth,3.21,-1.04,-0.37,0.46,3.67,4,-4.534,0.375,3.0
Jordan Spieth,3.21,-1.04,-0.37,0.46,3.67,4,3.671,0.5,4.0
Min Lee,-0.26,1.01,1.48,1.39,1.13,1,,,
Min Lee,1.15,-0.94,0.01,1.24,2.38,2,,,
Min Lee,0.67,-0.14,2.05,0.8,1.47,3,,,
Min Lee,-0.11,-1.25,0.11,-1.22,-1.33,4,,,
Eric Cole,0.13,1.01,0.15,0,0.13,1,0.131,-0.615,1.0
Eric Cole,0.13,1.01,0.15,0,0.13,1,-0.615,0.5556,2.0
Eric Cole,0.13,1.01,0.15,0,0.13,1,0.466,0.6667,3.0
Eric Cole,0.13,1.01,0.15,0,0.13,1,3.671,0.5,4.0
Eric Cole,1.55,-0.59,-1.5,-2.16,-0.61,2,0.131,-0.615,1.0
Eric Cole,1.55,-0.59,-1.5,-2.16,-0.61,2,-0.615,0.5556,2.0
Eric Cole,1.55,-0.59,-1.5,-2.16,-0.61,2,0.466,0.6667,3.0
Eric Cole,1.55,-0.59,-1.5,-2.16,-0.61,2,3.671,0.5,4.0
Eric Cole,1.21,0.2,-1.38,-0.75,0.47,3,0.131,-0.615,1.0
Eric Cole,1.21,0.2,-1.38,-0.75,0.47,3,-0.615,0.5556,2.0
Eric Cole,1.21,0.2,-1.38,-0.75,0.47,3,0.466,0.6667,3.0
Eric Cole,1.21,0.2,-1.38,-0.75,0.47,3,3.671,0.5,4.0
Eric Cole,2,1.8,-0.68,1.67,3.67,4,0.131,-0.615,1.0
Eric Cole,2,1.8,-0.68,1.67,3.67,4,-0.615,0.5556,2.0
Eric Cole,2,1.8,-0.68,1.67,3.67,4,0.466,0.6667,3.0
Eric Cole,2,1.8,-0.68,1.67,3.67,4,3.671,0.5,4.0
Sahith Theegala,0.16,0.94,1.05,5.97,6.13,1,6.131,1.0,1.0
Sahith Theegala,0.16,0.94,1.05,5.97,6.13,1,-1.615,0.6667,2.0
Sahith Theegala,0.16,0.94,1.05,5.97,6.13,1,3.466,0.8333,3.0
Sahith Theegala,0.16,0.94,1.05,5.97,6.13,1,-4.329,0.1429,4.0
Sahith Theegala,1.86,-0.7,-1.39,-3.47,-1.61,2,6.131,1.0,1.0
Sahith Theegala,1.86,-0.7,-1.39,-3.47,-1.61,2,-1.615,0.6667,2.0
Sahith Theegala,1.86,-0.7,-1.39,-3.47,-1.61,2,3.466,0.8333,3.0
Sahith Theegala,1.86,-0.7,-1.39,-3.47,-1.61,2,-4.329,0.1429,4.0
Sahith Theegala,1.13,0.09,0.03,2.33,3.47,3,6.131,1.0,1.0
Sahith Theegala,1.13,0.09,0.03,2.33,3.47,3,-1.615,0.6667,2.0
Sahith Theegala,1.13,0.09,0.03,2.33,3.47,3,3.466,0.8333,3.0
Sahith Theegala,1.13,0.09,0.03,2.33,3.47,3,-4.329,0.1429,4.0
Sahith Theegala,-1.72,-0.19,-1.68,-2.61,-4.33,4,6.131,1.0,1.0
Sahith Theegala,-1.72,-0.19,-1.68,-2.61,-4.33,4,-1.615,0.6667,2.0
Sahith Theegala,-1.72,-0.19,-1.68,-2.61,-4.33,4,3.466,0.8333,3.0
Sahith Theegala,-1.72,-0.19,-1.68,-2.61,-4.33,4,-4.329,0.1429,4.0
Max Homa,1.21,-1.43,-1.19,0.92,2.13,1,2.131,0.4286,1.0
Max Homa,1.21,-1.43,-1.19,0.92,2.13,1,0.385,0.2,2.0
Max Homa,1.21,-1.43,-1.19,0.92,2.13,1,1.466,0.4,3.0
Max Homa,1.21,-1.43,-1.19,0.92,2.13,1,-0.329,0.4286,4.0
Max Homa,0.1,-0.18,0.75,0.28,0.39,2,2.131,0.4286,1.0
Max Homa,0.1,-0.18,0.75,0.28,0.39,2,0.385,0.2,2.0
Max Homa,0.1,-0.18,0.75,0.28,0.39,2,1.466,0.4,3.0
Max Homa,0.1,-0.18,0.75,0.28,0.39,2,-0.329,0.4286,4.0
Max Homa,0.3,-0.32,0.93,1.17,1.47,3,2.131,0.4286,1.0
Max Homa,0.3,-0.32,0.93,1.17,1.47,3,0.385,0.2,2.0
Max Homa,0.3,-0.32,0.93,1.17,1.47,3,1.466,0.4,3.0
Max Homa,0.3,-0.32,0.93,1.17,1.47,3,-0.329,0.4286,4.0
Max Homa,0.78,0.18,-0.82,-1.11,-0.33,4,2.131,0.4286,1.0
Max Homa,0.78,0.18,-0.82,-1.11,-0.33,4,0.385,0.2,2.0
Max Homa,0.78,0.18,-0.82,-1.11,-0.33,4,1.466,0.4,3.0
Max Homa,0.78,0.18,-0.82,-1.11,-0.33,4,-0.329,0.4286,4.0
Andrew Putnam,1.17,0.89,1.05,1.96,3.13,1,3.131,0.7143,1.0
Andrew Putnam,1.17,0.89,1.05,1.96,3.13,1,0.385,0.5714,2.0
Andrew Putnam,1.17,0.89,1.05,1.96,3.13,1,-1.534,0.4286,3.0
Andrew Putnam,1.17,0.89,1.05,1.96,3.13,1,1.671,0.5,4.0
Andrew Putnam,-1.15,2.02,-0.35,1.53,0.39,2,3.131,0.7143,1.0
Andrew Putnam,-1.15,2.02,-0.35,1.53,0.39,2,0.385,0.5714,2.0
Andrew Putnam,-1.15,2.02,-0.35,1.53,0.39,2,-1.534,0.4286,3.0
Andrew Putnam,-1.15,2.02,-0.35,1.53,0.39,2,1.671,0.5,4.0
Andrew Putnam,-1.2,0.27,0.03,-0.33,-1.53,3,3.131,0.7143,1.0
Andrew Putnam,-1.2,0.27,0.03,-0.33,-1.53,3,0.385,0.5714,2.0
Andrew Putnam,-1.2,0.27,0.03,-0.33,-1.53,3,-1.534,0.4286,3.0
Andrew Putnam,-1.2,0.27,0.03,-0.33,-1.53,3,1.671,0.5,4.0
Andrew Putnam,-0.07,0.41,0.42,1.75,1.67,4,3.131,0.7143,1.0
Andrew Putnam,-0.07,0.41,0.42,1.75,1.67,4,0.385,0.5714,2.0
Andrew Putnam,-0.07,0.41,0.42,1.75,1.67,4,-1.534,0.4286,3.0
Andrew Putnam,-0.07,0.41,0.42,1.75,1.67,4,1.671,0.5,4.0
Rickie Fowler,-0.2,1.04,0.41,3.33,3.13,1,3.131,0.7143,1.0
Rickie Fowler,-0.2,1.04,0.41,3.33,3.13,1,0.385,0.5,2.0
Rickie Fowler,-0.2,1.04,0.41,3.33,3.13,1,-3.534,0.6,3.0
Rickie Fowler,-0.2,1.04,0.41,3.33,3.13,1,2.671,0.5,4.0
Rickie Fowler,1.1,-1.65,0.62,-0.71,0.39,2,3.131,0.7143,1.0
Rickie Fowler,1.1,-1.65,0.62,-0.71,0.39,2,0.385,0.5,2.0
Rickie Fowler,1.1,-1.65,0.62,-0.71,0.39,2,-3.534,0.6,3.0
Rickie Fowler,1.1,-1.65,0.62,-0.71,0.39,2,2.671,0.5,4.0
Rickie Fowler,-0.14,0.25,-0.23,-3.39,-3.53,3,3.131,0.7143,1.0
Rickie Fowler,-0.14,0.25,-0.23,-3.39,-3.53,3,0.385,0.5,2.0
Rickie Fowler,-0.14,0.25,-0.23,-3.39,-3.53,3,-3.534,0.6,3.0
Rickie Fowler,-0.14,0.25,-0.23,-3.39,-3.53,3,2.671,0.5,4.0
Rickie Fowler,1.44,-1.19,1.32,1.23,2.67,4,3.131,0.7143,1.0
Rickie Fowler,1.44,-1.19,1.32,1.23,2.67,4,0.385,0.5,2.0
Rickie Fowler,1.44,-1.19,1.32,1.23,2.67,4,-3.534,0.6,3.0
Rickie Fowler,1.44,-1.19,1.32,1.23,2.67,4,2.671,0.5,4.0
Nick Taylor,-0.26,0.06,-0.79,-0.61,-0.87,1,-0.869,0.4,1.0
Nick Taylor,-0.26,0.06,-0.79,-0.61,-0.87,1,2.385,0.8333,2.0
Nick Taylor,-0.26,0.06,-0.79,-0.61,-0.87,1,1.466,0.6667,3.0
Nick Taylor,-0.26,0.06,-0.79,-0.61,-0.87,1,-0.329,0.5,4.0
Nick Taylor,0.43,1.16,-0.06,1.96,2.38,2,-0.869,0.4,1.0
Nick Taylor,0.43,1.16,-0.06,1.96,2.38,2,2.385,0.8333,2.0
Nick Taylor,0.43,1.16,-0.06,1.96,2.38,2,1.466,0.6667,3.0
Nick Taylor,0.43,1.16,-0.06,1.96,2.38,2,-0.329,0.5,4.0
Nick Taylor,-0.63,1.09,1.16,2.09,1.47,3,-0.869,0.4,1.0
Nick Taylor,-0.63,1.09,1.16,2.09,1.47,3,2.385,0.8333,2.0
Nick Taylor,-0.63,1.09,1.16,2.09,1.47,3,1.466,0.6667,3.0
Nick Taylor,-0.63,1.09,1.16,2.09,1.47,3,-0.329,0.5,4.0
Nick Taylor,-3.4,2.19,0.66,3.07,-0.33,4,-0.869,0.4,1.0
Nick Taylor,-3.4,2.19,0.66,3.07,-0.33,4,2.385,0.8333,2.0
Nick Taylor,-3.4,2.19,0.66,3.07,-0.33,4,1.466,0.6667,3.0
Nick Taylor,-3.4,2.19,0.66,3.07,-0.33,4,-0.329,0.5,4.0
Wyndham Clark,-0.76,0.98,-2.05,0.89,0.13,1,0.131,0.5,1.0
Wyndham Clark,-0.76,0.98,-2.05,0.89,0.13,1,2.385,0.75,2.0
Wyndham Clark,-0.76,0.98,-2.05,0.89,0.13,1,0.466,0.5,3.0
Wyndham Clark,-0.76,0.98,-2.05,0.89,0.13,1,-0.329,0.3636,4.0
Wyndham Clark,0.51,-0.37,2.21,1.88,2.38,2,0.131,0.5,1.0
Wyndham Clark,0.51,-0.37,2.21,1.88,2.38,2,2.385,0.75,2.0
Wyndham Clark,0.51,-0.37,2.21,1.88,2.38,2,0.466,0.5,3.0
Wyndham Clark,0.51,-0.37,2.21,1.88,2.38,2,-0.329,0.3636,4.0
Wyndham Clark,-1.69,0.74,-0.37,2.15,0.47,3,0.131,0.5,1.0
Wyndham Clark,-1.69,0.74,-0.37,2.15,0.47,3,2.385,0.75,2.0
Wyndham Clark,-1.69,0.74,-0.37,2.15,0.47,3,0.466,0.5,3.0
Wyndham Clark,-1.69,0.74,-0.37,2.15,0.47,3,-0.329,0.3636,4.0
Wyndham Clark,0.01,1.58,-1.84,-0.34,-0.33,4,0.131,0.5,1.0
Wyndham Clark,0.01,1.58,-1.84,-0.34,-0.33,4,2.385,0.75,2.0
Wyndham Clark,0.01,1.58,-1.84,-0.34,-0.33,4,0.466,0.5,3.0
Wyndham Clark,0.01,1.58,-1.84,-0.34,-0.33,4,-0.329,0.3636,4.0
Joe Highsmith,0.64,0.13,0.25,2.49,3.13,1,3.131,0.6667,1.0
Joe Highsmith,0.64,0.13,0.25,2.49,3.13,1,-2.615,0.5,2.0
Joe Highsmith,0.64,0.13,0.25,2.49,3.13,1,3.466,0.7778,3.0
Joe Highsmith,0.64,0.13,0.25,2.49,3.13,1,-1.329,0.5,4.0
Joe Highsmith,-1.02,0.06,-2.56,-1.59,-2.62,2,3.131,0.6667,1.0
Joe Highsmith,-1.02,0.06,-2.56,-1.59,-2.62,2,-2.615,0.5,2.0
Joe Highsmith,-1.02,0.06,-2.56,-1.59,-2.62,2,3.466,0.7778,3.0
Joe Highsmith,-1.02,0.06,-2.56,-1.59,-2.62,2,-1.329,0.5,4.0
Joe Highsmith,2.48,1.38,-1.14,0.98,3.47,3,3.131,0.6667,1.0
Joe Highsmith,2.48,1.38,-1.14,0.98,3.47,3,-2.615,0.5,2.0
Joe Highsmith,2.48,1.38,-1.14,0.98,3.47,3,3.466,0.7778,3.0
Joe Highsmith,2.48,1.38,-1.14,0.98,3.47,3,-1.329,0.5,4.0
Joe Highsmith,-0.72,-0.27,-1.6,-0.61,-1.33,4,3.131,0.6667,1.0
Joe Highsmith,-0.72,-0.27,-1.6,-0.61,-1.33,4,-2.615,0.5,2.0
Joe Highsmith,-0.72,-0.27,-1.6,-0.61,-1.33,4,3.466,0.7778,3.0
Joe Highsmith,-0.72,-0.27,-1.6,-0.61,-1.33,4,-1.329,0.5,4.0
Rory Mcilroy,-1.28,0.37,0.57,0.41,-0.87,1,,,
Rory Mcilroy,-0.27,0.58,1.75,1.65,1.39,2,,,
Rory Mcilroy,-2.37,0.6,-0.42,1.83,-0.53,3,,,
Rory Mcilroy,-1.45,-0.22,3.05,3.13,1.67,4,,,
Taylor Pendrith,-2.36,1.96,-0.26,1.49,-0.87,1,-0.869,0.625,1.0
Taylor Pendrith,-2.36,1.96,-0.26,1.49,-0.87,1,3.385,0.8333,2.0
Taylor Pendrith,-2.36,1.96,-0.26,1.49,-0.87,1,-0.534,0.5714,3.0
Taylor Pendrith,-2.36,1.96,-0.26,1.49,-0.87,1,-0.329,0.625,4.0
Taylor Pendrith,-0.58,1.38,2.01,3.97,3.38,2,-0.869,0.625,1.0
Taylor Pendrith,-0.58,1.38,2.01,3.97,3.38,2,3.385,0.8333,2.0
Taylor Pendrith,-0.58,1.38,2.01,3.97,3.38,2,-0.534,0.5714,3.0
Taylor Pendrith,-0.58,1.38,2.01,3.97,3.38,2,-0.329,0.625,4.0
Taylor Pendrith,-0.3,0.54,1.29,-0.23,-0.53,3,-0.869,0.625,1.0
Taylor Pendrith,-0.3,0.54,1.29,-0.23,-0.53,3,3.385,0.8333,2.0
Taylor Pendrith,-0.3,0.54,1.29,-0.23,-0.53,3,-0.534,0.5714,3.0
Taylor Pendrith,-0.3,0.54,1.29,-0.23,-0.53,3,-0.329,0.625,4.0
Taylor Pendrith,-1.1,0.55,1.5,0.77,-0.33,4,-0.869,0.625,1.0
Taylor Pendrith,-1.1,0.55,1.5,0.77,-0.33,4,3.385,0.8333,2.0
Taylor Pendrith,-1.1,0.55,1.5,0.77,-0.33,4,-0.534,0.5714,3.0
Taylor Pendrith,-1.1,0.55,1.5,0.77,-0.33,4,-0.329,0.625,4.0
Matti Schmid,0.7,0.79,0.77,2.43,3.13,1,3.131,0.75,1.0
Matti Schmid,0.7,0.79,0.77,2.43,3.13,1,-0.615,0.5556,2.0
Matti Schmid,0.7,0.79,0.77,2.43,3.13,1,0.466,0.5556,3.0
Matti Schmid,0.7,0.79,0.77,2.43,3.13,1,-1.329,0.2857,4.0
Matti Schmid,2.84,-1.06,-0.4,-3.46,-0.61,2,3.131,0.75,1.0
Matti Schmid,2.84,-1.06,-0.4,-3.46,-0.61,2,-0.615,0.5556,2.0
Matti Schmid,2.84,-1.06,-0.4,-3.46,-0.61,2,0.466,0.5556,3.0
Matti Schmid,2.84,-1.06,-0.4,-3.46,-0.61,2,-1.329,0.2857,4.0
Matti Schmid,0.76,1.25,-1.12,-0.3,0.47,3,3.131,0.75,1.0
Matti Schmid,0.76,1.25,-1.12,-0.3,0.47,3,-0.615,0.5556,2.0
Matti Schmid,0.76,1.25,-1.12,-0.3,0.47,3,0.466,0.5556,3.0
Matti Schmid,0.76,1.25,-1.12,-0.3,0.47,3,-1.329,0.2857,4.0
Matti Schmid,-1.51,-0.26,0.42,0.18,-1.33,4,3.131,0.75,1.0
Matti Schmid,-1.51,-0.26,0.42,0.18,-1.33,4,-0.615,0.5556,2.0
Matti Schmid,-1.51,-0.26,0.42,0.18,-1.33,4,0.466,0.5556,3.0
Matti Schmid,-1.51,-0.26,0.42,0.18,-1.33,4,-1.329,0.2857,4.0
Keith Mitchell,-1.32,2.52,1.31,2.46,1.13,1,1.131,0.8182,1.0
Keith Mitchell,-1.32,2.52,1.31,2.46,1.13,1,4.385,1.0,2.0
Keith Mitchell,-1.32,2.52,1.31,2.46,1.13,1,-0.534,0.6667,3.0
Keith Mitchell,-1.32,2.52,1.31,2.46,1.13,1,-3.329,0.3,4.0
Keith Mitchell,1.3,1.73,2.01,3.08,4.38,2,1.131,0.8182,1.0
Keith Mitchell,1.3,1.73,2.01,3.08,4.38,2,4.385,1.0,2.0
Keith Mitchell,1.3,1.73,2.01,3.08,4.38,2,-0.534,0.6667,3.0
Keith Mitchell,1.3,1.73,2.01,3.08,4.38,2,-3.329,0.3,4.0
Keith Mitchell,-0.49,0.56,-2.15,-0.05,-0.53,3,1.131,0.8182,1.0
Keith Mitchell,-0.49,0.56,-2.15,-0.05,-0.53,3,4.385,1.0,2.0
Keith Mitchell,-0.49,0.56,-2.15,-0.05,-0.53,3,-0.534,0.6667,3.0
Keith Mitchell,-0.49,0.56,-2.15,-0.05,-0.53,3,-3.329,0.3,4.0
Keith Mitchell,0.16,-2.33,0.16,-3.49,-3.33,4,1.131,0.8182,1.0
Keith Mitchell,0.16,-2.33,0.16,-3.49,-3.33,4,4.385,1.0,2.0
Keith Mitchell,0.16,-2.33,0.16,-3.49,-3.33,4,-0.534,0.6667,3.0
Keith Mitchell,0.16,-2.33,0.16,-3.49,-3.33,4,-3.329,0.3,4.0
Si Kim,0.54,0.98,0.42,-0.41,0.13,1,,,
Si Kim,0.29,0.65,1.51,0.1,0.39,2,,,
Si Kim,0.63,0.35,1.18,2.83,3.47,3,,,
Si Kim,-0.89,-0.46,-0.7,-2.44,-3.33,4,,,
J.T. Poston,-1.11,-0.4,0.26,-1.76,-2.87,1,-2.869,0.5,1.0
J.T. Poston,-1.11,-0.4,0.26,-1.76,-2.87,1,3.385,0.625,2.0
J.T. Poston,-1.11,-0.4,0.26,-1.76,-2.87,1,0.466,0.6667,3.0
J.T. Poston,-1.11,-0.4,0.26,-1.76,-2.87,1,-0.329,0.25,4.0
J.T. Poston,4.14,0.47,-0.32,-0.76,3.38,2,-2.869,0.5,1.0
J.T. Poston,4.14,0.47,-0.32,-0.76,3.38,2,3.385,0.625,2.0
J.T. Poston,4.14,0.47,-0.32,-0.76,3.38,2,0.466,0.6667,3.0
J.T. Poston,4.14,0.47,-0.32,-0.76,3.38,2,-0.329,0.25,4.0
J.T. Poston,-0.09,0.19,1.61,0.56,0.47,3,-2.869,0.5,1.0
J.T. Poston,-0.09,0.19,1.61,0.56,0.47,3,3.385,0.625,2.0
J.T. Poston,-0.09,0.19,1.61,0.56,0.47,3,0.466,0.6667,3.0
J.T. Poston,-0.09,0.19,1.61,0.56,0.47,3,-0.329,0.25,4.0
J.T. Poston,0.37,-1.21,0.22,-0.7,-0.33,4,-2.869,0.5,1.0
J.T. Poston,0.37,-1.21,0.22,-0.7,-0.33,4,3.385,0.625,2.0
J.T. Poston,0.37,-1.21,0.22,-0.7,-0.33,4,0.466,0.6667,3.0
J.T. Poston,0.37,-1.21,0.22,-0.7,-0.33,4,-0.329,0.25,4.0
Keegan Bradley,-0.2,-0.33,-3.14,-3.67,-3.87,1,-3.869,0.375,1.0
Keegan Bradley,-0.2,-0.33,-3.14,-3.67,-3.87,1,6.385,0.8571,2.0
Keegan Bradley,-0.2,-0.33,-3.14,-3.67,-3.87,1,3.466,0.5,3.0
Keegan Bradley,-0.2,-0.33,-3.14,-3.67,-3.87,1,-5.329,0.5,4.0
Keegan Bradley,3.26,1.23,0.92,3.12,6.38,2,-3.869,0.375,1.0
Keegan Bradley,3.26,1.23,0.92,3.12,6.38,2,6.385,0.8571,2.0
Keegan Bradley,3.26,1.23,0.92,3.12,6.38,2,3.466,0.5,3.0
Keegan Bradley,3.26,1.23,0.92,3.12,6.38,2,-5.329,0.5,4.0
Keegan Bradley,2.08,-1.05,1.76,1.39,3.47,3,-3.869,0.375,1.0
Keegan Bradley,2.08,-1.05,1.76,1.39,3.47,3,6.385,0.8571,2.0
Keegan Bradley,2.08,-1.05,1.76,1.39,3.47,3,3.466,0.5,3.0
Keegan Bradley,2.08,-1.05,1.76,1.39,3.47,3,-5.329,0.5,4.0
Keegan Bradley,0.04,0.32,-1.25,-5.37,-5.33,4,-3.869,0.375,1.0
Keegan Bradley,0.04,0.32,-1.25,-5.37,-5.33,4,6.385,0.8571,2.0
Keegan Bradley,0.04,0.32,-1.25,-5.37,-5.33,4,3.466,0.5,3.0
Keegan Bradley,0.04,0.32,-1.25,-5.37,-5.33,4,-5.329,0.5,4.0
Taylor Moore,1.42,1.5,1.58,3.71,5.13,1,5.131,0.6667,1.0
Taylor Moore,1.42,1.5,1.58,3.71,5.13,1,-2.615,0.4444,2.0
Taylor Moore,1.42,1.5,1.58,3.71,5.13,1,-0.534,0.6667,3.0
Taylor Moore,1.42,1.5,1.58,3.71,5.13,1,-1.329,0.5,4.0
Taylor Moore,-0.39,-1.22,-0.45,-2.22,-2.62,2,5.131,0.6667,1.0
Taylor Moore,-0.39,-1.22,-0.45,-2.22,-2.62,2,-2.615,0.4444,2.0
Taylor Moore,-0.39,-1.22,-0.45,-2.22,-2.62,2,-0.534,0.6667,3.0
Taylor Moore,-0.39,-1.22,-0.45,-2.22,-2.62,2,-1.329,0.5,4.0
Taylor Moore,-0.52,-0.02,-0.4,-0.01,-0.53,3,5.131,0.6667,1.0
Taylor Moore,-0.52,-0.02,-0.4,-0.01,-0.53,3,-2.615,0.4444,2.0
Taylor Moore,-0.52,-0.02,-0.4,-0.01,-0.53,3,-0.534,0.6667,3.0
Taylor Moore,-0.52,-0.02,-0.4,-0.01,-0.53,3,-1.329,0.5,4.0
Taylor Moore,-0.85,-1.34,0.9,-0.48,-1.33,4,5.131,0.6667,1.0
Taylor Moore,-0.85,-1.34,0.9,-0.48,-1.33,4,-2.615,0.4444,2.0
Taylor Moore,-0.85,-1.34,0.9,-0.48,-1.33,4,-0.534,0.6667,3.0
Taylor Moore,-0.85,-1.34,0.9,-0.48,-1.33,4,-1.329,0.5,4.0
Max Mcgreevy,-0.92,-1.89,2,2.06,1.13,1,,,
Max Mcgreevy,0.85,-1.04,-0.03,-0.47,0.39,2,,,
Max Mcgreevy,1.24,-0.1,0.62,0.23,1.47,3,,,
Max Mcgreevy,-0.66,-1,0.34,-1.67,-2.33,4,,,
Zach Bauchou,-1.77,-1.1,1.26,0.9,-0.87,1,,,
Zach Bauchou,0.2,0.38,-0.77,0.19,0.39,2,,,
Zach Bauchou,0.53,0.58,0.77,1.93,2.47,3,,,
Zach Bauchou,0,-0.31,0.09,-1.33,-1.33,4,,,
Chris Gotterup,-0.83,0.37,-0.21,2.96,2.13,1,2.131,0.8,1.0
Chris Gotterup,-0.83,0.37,-0.21,2.96,2.13,1,-0.615,0.4444,2.0
Chris Gotterup,-0.83,0.37,-0.21,2.96,2.13,1,3.466,0.6667,3.0
Chris Gotterup,-0.83,0.37,-0.21,2.96,2.13,1,-5.329,0.4,4.0
Chris Gotterup,-0.85,1.19,-0.04,0.24,-0.61,2,2.131,0.8,1.0
Chris Gotterup,-0.85,1.19,-0.04,0.24,-0.61,2,-0.615,0.4444,2.0
Chris Gotterup,-0.85,1.19,-0.04,0.24,-0.61,2,3.466,0.6667,3.0
Chris Gotterup,-0.85,1.19,-0.04,0.24,-0.61,2,-5.329,0.4,4.0
Chris Gotterup,2.64,-1.06,0.36,0.83,3.47,3,2.131,0.8,1.0
Chris Gotterup,2.64,-1.06,0.36,0.83,3.47,3,-0.615,0.4444,2.0
Chris Gotterup,2.64,-1.06,0.36,0.83,3.47,3,3.466,0.6667,3.0
Chris Gotterup,2.64,-1.06,0.36,0.83,3.47,3,-5.329,0.4,4.0
Chris Gotterup,-0.73,-1.88,-0.77,-4.6,-5.33,4,2.131,0.8,1.0
Chris Gotterup,-0.73,-1.88,-0.77,-4.6,-5.33,4,-0.615,0.4444,2.0
Chris Gotterup,-0.73,-1.88,-0.77,-4.6,-5.33,4,3.466,0.6667,3.0
Chris Gotterup,-0.73,-1.88,-0.77,-4.6,-5.33,4,-5.329,0.4,4.0
Adam Scott,-1.56,0.23,-1.35,2.69,1.13,1,1.131,0.5,1.0
Adam Scott,-1.56,0.23,-1.35,2.69,1.13,1,0.385,0.6,2.0
Adam Scott,-1.56,0.23,-1.35,2.69,1.13,1,0.466,0.5556,3.0
Adam Scott,-1.56,0.23,-1.35,2.69,1.13,1,-2.329,0.5556,4.0
Adam Scott,-1.55,0.37,-0.07,1.94,0.39,2,1.131,0.5,1.0
Adam Scott,-1.55,0.37,-0.07,1.94,0.39,2,0.385,0.6,2.0
Adam Scott,-1.55,0.37,-0.07,1.94,0.39,2,0.466,0.5556,3.0
Adam Scott,-1.55,0.37,-0.07,1.94,0.39,2,-2.329,0.5556,4.0
Adam Scott,2.81,-0.18,-1.02,-2.34,0.47,3,1.131,0.5,1.0
Adam Scott,2.81,-0.18,-1.02,-2.34,0.47,3,0.385,0.6,2.0
Adam Scott,2.81,-0.18,-1.02,-2.34,0.47,3,0.466,0.5556,3.0
Adam Scott,2.81,-0.18,-1.02,-2.34,0.47,3,-2.329,0.5556,4.0
Adam Scott,-2.04,-0.46,-1.57,-0.29,-2.33,4,1.131,0.5,1.0
Adam Scott,-2.04,-0.46,-1.57,-0.29,-2.33,4,0.385,0.6,2.0
Adam Scott,-2.04,-0.46,-1.57,-0.29,-2.33,4,0.466,0.5556,3.0
Adam Scott,-2.04,-0.46,-1.57,-0.29,-2.33,4,-2.329,0.5556,4.0
Sam Stevens,-0.31,-0.77,1.97,1.45,1.13,1,1.131,0.75,1.0
Sam Stevens,-0.31,-0.77,1.97,1.45,1.13,1,0.385,0.2,2.0
Sam Stevens,-0.31,-0.77,1.97,1.45,1.13,1,-0.534,0.3333,3.0
Sam Stevens,-0.31,-0.77,1.97,1.45,1.13,1,-2.329,0.5,4.0
Sam Stevens,-0.73,-0.25,0.54,1.11,0.39,2,1.131,0.75,1.0
Sam Stevens,-0.73,-0.25,0.54,1.11,0.39,2,0.385,0.2,2.0
Sam Stevens,-0.73,-0.25,0.54,1.11,0.39,2,-0.534,0.3333,3.0
Sam Stevens,-0.73,-0.25,0.54,1.11,0.39,2,-2.329,0.5,4.0
Sam Stevens,-2.87,-0.43,2.12,2.33,-0.53,3,1.131,0.75,1.0
Sam Stevens,-2.87,-0.43,2.12,2.33,-0.53,3,0.385,0.2,2.0
Sam Stevens,-2.87,-0.43,2.12,2.33,-0.53,3,-0.534,0.3333,3.0
Sam Stevens,-2.87,-0.43,2.12,2.33,-0.53,3,-2.329,0.5,4.0
Sam Stevens,-1.59,-1.38,-0.52,-0.74,-2.33,4,1.131,0.75,1.0
Sam Stevens,-1.59,-1.38,-0.52,-0.74,-2.33,4,0.385,0.2,2.0
Sam Stevens,-1.59,-1.38,-0.52,-0.74,-2.33,4,-0.534,0.3333,3.0
Sam Stevens,-1.59,-1.38,-0.52,-0.74,-2.33,4,-2.329,0.5,4.0
Jason Day,1.92,1.33,0.79,1.21,3.13,1,3.131,0.8333,1.0
Jason Day,1.92,1.33,0.79,1.21,3.13,1,2.385,1.0,2.0
Jason Day,1.92,1.33,0.79,1.21,3.13,1,-0.534,0.5714,3.0
Jason Day,1.92,1.33,0.79,1.21,3.13,1,-7.329,0.5,4.0
Jason Day,-2.41,2.5,2.04,4.79,2.38,2,3.131,0.8333,1.0
Jason Day,-2.41,2.5,2.04,4.79,2.38,2,2.385,1.0,2.0
Jason Day,-2.41,2.5,2.04,4.79,2.38,2,-0.534,0.5714,3.0
Jason Day,-2.41,2.5,2.04,4.79,2.38,2,-7.329,0.5,4.0
Jason Day,-0.87,1.4,-1.87,0.33,-0.53,3,3.131,0.8333,1.0
Jason Day,-0.87,1.4,-1.87,0.33,-0.53,3,2.385,1.0,2.0
Jason Day,-0.87,1.4,-1.87,0.33,-0.53,3,-0.534,0.5714,3.0
Jason Day,-0.87,1.4,-1.87,0.33,-0.53,3,-7.329,0.5,4.0
Jason Day,-1.26,-1.81,-0.11,-6.07,-7.33,4,3.131,0.8333,1.0
Jason Day,-1.26,-1.81,-0.11,-6.07,-7.33,4,2.385,1.0,2.0
Jason Day,-1.26,-1.81,-0.11,-6.07,-7.33,4,-0.534,0.5714,3.0
Jason Day,-1.26,-1.81,-0.11,-6.07,-7.33,4,-7.329,0.5,4.0
Lee Hodges,3.97,0.42,0.93,2.16,6.13,1,6.131,0.6667,1.0
Lee Hodges,3.97,0.42,0.93,2.16,6.13,1,1.385,0.8571,2.0
Lee Hodges,3.97,0.42,0.93,2.16,6.13,1,-5.534,0.3333,3.0
Lee Hodges,3.97,0.42,0.93,2.16,6.13,1,-4.329,0.2857,4.0
Lee Hodges,2.55,-1.11,0.89,-1.16,1.39,2,6.131,0.6667,1.0
Lee Hodges,2.55,-1.11,0.89,-1.16,1.39,2,1.385,0.8571,2.0
Lee Hodges,2.55,-1.11,0.89,-1.16,1.39,2,-5.534,0.3333,3.0
Lee Hodges,2.55,-1.11,0.89,-1.16,1.39,2,-4.329,0.2857,4.0
Lee Hodges,-1.76,-2.48,-0.95,-3.77,-5.53,3,6.131,0.6667,1.0
Lee Hodges,-1.76,-2.48,-0.95,-3.77,-5.53,3,1.385,0.8571,2.0
Lee Hodges,-1.76,-2.48,-0.95,-3.77,-5.53,3,-5.534,0.3333,3.0
Lee Hodges,-1.76,-2.48,-0.95,-3.77,-5.53,3,-4.329,0.2857,4.0
Lee Hodges,-1.52,-1.06,1.5,-2.81,-4.33,4,6.131,0.6667,1.0
Lee Hodges,-1.52,-1.06,1.5,-2.81,-4.33,4,1.385,0.8571,2.0
Lee Hodges,-1.52,-1.06,1.5,-2.81,-4.33,4,-5.534,0.3333,3.0
Lee Hodges,-1.52,-1.06,1.5,-2.81,-4.33,4,-4.329,0.2857,4.0
Kevin Roy,-3.19,-0.22,0.16,1.32,-1.87,1,-1.869,0.6,1.0
Kevin Roy,-3.19,-0.22,0.16,1.32,-1.87,1,1.385,0.7143,2.0
Kevin Roy,-3.19,-0.22,0.16,1.32,-1.87,1,0.466,0.4286,3.0
Kevin Roy,-3.19,-0.22,0.16,1.32,-1.87,1,-2.329,0.2,4.0
Kevin Roy,1.28,-0.46,0.28,0.11,1.39,2,-1.869,0.6,1.0
Kevin Roy,1.28,-0.46,0.28,0.11,1.39,2,1.385,0.7143,2.0
Kevin Roy,1.28,-0.46,0.28,0.11,1.39,2,0.466,0.4286,3.0
Kevin Roy,1.28,-0.46,0.28,0.11,1.39,2,-2.329,0.2,4.0
Kevin Roy,-0.53,0.94,0.57,0.99,0.47,3,-1.869,0.6,1.0
Kevin Roy,-0.53,0.94,0.57,0.99,0.47,3,1.385,0.7143,2.0
Kevin Roy,-0.53,0.94,0.57,0.99,0.47,3,0.466,0.4286,3.0
Kevin Roy,-0.53,0.94,0.57,0.99,0.47,3,-2.329,0.2,4.0
Kevin Roy,-0.74,0.15,-2.96,-1.59,-2.33,4,-1.869,0.6,1.0
Kevin Roy,-0.74,0.15,-2.96,-1.59,-2.33,4,1.385,0.7143,2.0
Kevin Roy,-0.74,0.15,-2.96,-1.59,-2.33,4,0.466,0.4286,3.0
Kevin Roy,-0.74,0.15,-2.96,-1.59,-2.33,4,-2.329,0.2,4.0
Stephan Jaeger,1.47,1.04,0.18,-3.34,-1.87,1,-1.869,0.8182,1.0
Stephan Jaeger,1.47,1.04,0.18,-3.34,-1.87,1,1.385,0.7,2.0
Stephan Jaeger,1.47,1.04,0.18,-3.34,-1.87,1,2.466,0.5714,3.0
Stephan Jaeger,1.47,1.04,0.18,-3.34,-1.87,1,-5.329,0.4444,4.0
Stephan Jaeger,1.27,0.8,0.52,0.12,1.39,2,-1.869,0.8182,1.0
Stephan Jaeger,1.27,0.8,0.52,0.12,1.39,2,1.385,0.7,2.0
Stephan Jaeger,1.27,0.8,0.52,0.12,1.39,2,2.466,0.5714,3.0
Stephan Jaeger,1.27,0.8,0.52,0.12,1.39,2,-5.329,0.4444,4.0
Stephan Jaeger,2.13,-0.67,2.08,0.33,2.47,3,-1.869,0.8182,1.0
Stephan Jaeger,2.13,-0.67,2.08,0.33,2.47,3,1.385,0.7,2.0
Stephan Jaeger,2.13,-0.67,2.08,0.33,2.47,3,2.466,0.5714,3.0
Stephan Jaeger,2.13,-0.67,2.08,0.33,2.47,3,-5.329,0.4444,4.0
Stephan Jaeger,-1.23,-1.61,-3.83,-4.1,-5.33,4,-1.869,0.8182,1.0
Stephan Jaeger,-1.23,-1.61,-3.83,-4.1,-5.33,4,1.385,0.7,2.0
Stephan Jaeger,-1.23,-1.61,-3.83,-4.1,-5.33,4,2.466,0.5714,3.0
Stephan Jaeger,-1.23,-1.61,-3.83,-4.1,-5.33,4,-5.329,0.4444,4.0
Rico Hoey,1.07,-3.52,-1.57,-4.94,-3.87,1,-3.869,0.4,1.0
Rico Hoey,1.07,-3.52,-1.57,-4.94,-3.87,1,3.385,0.3333,2.0
Rico Hoey,1.07,-3.52,-1.57,-4.94,-3.87,1,-3.534,0.6,3.0
Rico Hoey,1.07,-3.52,-1.57,-4.94,-3.87,1,0.671,0.625,4.0
Rico Hoey,2.89,-0.97,0.6,0.5,3.38,2,-3.869,0.4,1.0
Rico Hoey,2.89,-0.97,0.6,0.5,3.38,2,3.385,0.3333,2.0
Rico Hoey,2.89,-0.97,0.6,0.5,3.38,2,-3.534,0.6,3.0
Rico Hoey,2.89,-0.97,0.6,0.5,3.38,2,0.671,0.625,4.0
Rico Hoey,-0.32,-2.14,1.36,-3.22,-3.53,3,-3.869,0.4,1.0
Rico Hoey,-0.32,-2.14,1.36,-3.22,-3.53,3,3.385,0.3333,2.0
Rico Hoey,-0.32,-2.14,1.36,-3.22,-3.53,3,-3.534,0.6,3.0
Rico Hoey,-0.32,-2.14,1.36,-3.22,-3.53,3,0.671,0.625,4.0
Rico Hoey,-0.04,-0.61,1.81,0.71,0.67,4,-3.869,0.4,1.0
Rico Hoey,-0.04,-0.61,1.81,0.71,0.67,4,3.385,0.3333,2.0
Rico Hoey,-0.04,-0.61,1.81,0.71,0.67,4,-3.534,0.6,3.0
Rico Hoey,-0.04,-0.61,1.81,0.71,0.67,4,0.671,0.625,4.0
Steven Fisk,-0.83,-0.31,-0.31,-1.04,-1.87,1,-1.869,0.7778,1.0
Steven Fisk,-0.83,-0.31,-0.31,-1.04,-1.87,1,1.385,0.75,2.0
Steven Fisk,-0.83,-0.31,-0.31,-1.04,-1.87,1,-3.534,0.4,3.0
Steven Fisk,-0.83,-0.31,-0.31,-1.04,-1.87,1,0.671,0.6,4.0
Steven Fisk,-0.28,0.81,1.78,1.66,1.39,2,-1.869,0.7778,1.0
Steven Fisk,-0.28,0.81,1.78,1.66,1.39,2,1.385,0.75,2.0
Steven Fisk,-0.28,0.81,1.78,1.66,1.39,2,-3.534,0.4,3.0
Steven Fisk,-0.28,0.81,1.78,1.66,1.39,2,0.671,0.6,4.0
Steven Fisk,1.62,-1.79,-1.19,-5.15,-3.53,3,-1.869,0.7778,1.0
Steven Fisk,1.62,-1.79,-1.19,-5.15,-3.53,3,1.385,0.75,2.0
Steven Fisk,1.62,-1.79,-1.19,-5.15,-3.53,3,-3.534,0.4,3.0
Steven Fisk,1.62,-1.79,-1.19,-5.15,-3.53,3,0.671,0.6,4.0
Steven Fisk,0.48,0.48,-0.77,0.19,0.67,4,-1.869,0.7778,1.0
Steven Fisk,0.48,0.48,-0.77,0.19,0.67,4,1.385,0.75,2.0
Steven Fisk,0.48,0.48,-0.77,0.19,0.67,4,-3.534,0.4,3.0
Steven Fisk,0.48,0.48,-0.77,0.19,0.67,4,0.671,0.6,4.0
Danny Walker,0.62,0.84,0.2,1.51,2.13,1,2.131,0.6667,1.0
Danny Walker,0.62,0.84,0.2,1.51,2.13,1,-2.615,0.5,2.0
Danny Walker,0.62,0.84,0.2,1.51,2.13,1,-6.534,0.125,3.0
Danny Walker,0.62,0.84,0.2,1.51,2.13,1,3.671,0.8333,4.0
Danny Walker,-0.14,-1.25,0.86,-2.48,-2.62,2,2.131,0.6667,1.0
Danny Walker,-0.14,-1.25,0.86,-2.48,-2.62,2,-2.615,0.5,2.0
Danny Walker,-0.14,-1.25,0.86,-2.48,-2.62,2,-6.534,0.125,3.0
Danny Walker,-0.14,-1.25,0.86,-2.48,-2.62,2,3.671,0.8333,4.0
Danny Walker,-0.18,-0.67,-4.07,-6.35,-6.53,3,2.131,0.6667,1.0
Danny Walker,-0.18,-0.67,-4.07,-6.35,-6.53,3,-2.615,0.5,2.0
Danny Walker,-0.18,-0.67,-4.07,-6.35,-6.53,3,-6.534,0.125,3.0
Danny Walker,-0.18,-0.67,-4.07,-6.35,-6.53,3,3.671,0.8333,4.0
Danny Walker,0.84,2.08,-0.66,2.83,3.67,4,2.131,0.6667,1.0
Danny Walker,0.84,2.08,-0.66,2.83,3.67,4,-2.615,0.5,2.0
Danny Walker,0.84,2.08,-0.66,2.83,3.67,4,-6.534,0.125,3.0
Danny Walker,0.84,2.08,-0.66,2.83,3.67,4,3.671,0.8333,4.0
Nico Echavarria,0,-0.76,-1.65,-0.87,-0.87,1,,,
Nico Echavarria,-1.83,0.38,0.32,3.22,1.39,2,,,
Nico Echavarria,1.55,-0.17,-1.71,-2.08,-0.53,3,,,
Nico Echavarria,-0.06,-0.73,-0.47,-4.27,-4.33,4,,,
Daniel Berger,1.03,-0.21,0.36,0.1,1.13,1,1.131,0.5556,1.0
Daniel Berger,1.03,-0.21,0.36,0.1,1.13,1,-1.615,0.375,2.0
Daniel Berger,1.03,-0.21,0.36,0.1,1.13,1,-3.534,0.2,3.0
Daniel Berger,1.03,-0.21,0.36,0.1,1.13,1,-0.329,0.5,4.0
Daniel Berger,-1.05,-1.77,0.79,-0.56,-1.61,2,1.131,0.5556,1.0
Daniel Berger,-1.05,-1.77,0.79,-0.56,-1.61,2,-1.615,0.375,2.0
Daniel Berger,-1.05,-1.77,0.79,-0.56,-1.61,2,-3.534,0.2,3.0
Daniel Berger,-1.05,-1.77,0.79,-0.56,-1.61,2,-0.329,0.5,4.0
Daniel Berger,-2.4,-2.25,-1.25,-1.14,-3.53,3,1.131,0.5556,1.0
Daniel Berger,-2.4,-2.25,-1.25,-1.14,-3.53,3,-1.615,0.375,2.0
Daniel Berger,-2.4,-2.25,-1.25,-1.14,-3.53,3,-3.534,0.2,3.0
Daniel Berger,-2.4,-2.25,-1.25,-1.14,-3.53,3,-0.329,0.5,4.0
Daniel Berger,3.04,-2.95,-0.5,-3.37,-0.33,4,1.131,0.5556,1.0
Daniel Berger,3.04,-2.95,-0.5,-3.37,-0.33,4,-1.615,0.375,2.0
Daniel Berger,3.04,-2.95,-0.5,-3.37,-0.33,4,-3.534,0.2,3.0
Daniel Berger,3.04,-2.95,-0.5,-3.37,-0.33,4,-0.329,0.5,4.0
Kristoffer Reitan,-1.34,0.06,1.57,-0.53,-1.87,1,-1.869,0.625,1.0
Kristoffer Reitan,-1.34,0.06,1.57,-0.53,-1.87,1,1.385,0.8571,2.0
Kristoffer Reitan,-1.34,0.06,1.57,-0.53,-1.87,1,-4.534,0.4444,3.0
Kristoffer Reitan,-1.34,0.06,1.57,-0.53,-1.87,1,0.671,0.2857,4.0
Kristoffer Reitan,0.36,-1.09,1.33,1.02,1.39,2,-1.869,0.625,1.0
Kristoffer Reitan,0.36,-1.09,1.33,1.02,1.39,2,1.385,0.8571,2.0
Kristoffer Reitan,0.36,-1.09,1.33,1.02,1.39,2,-4.534,0.4444,3.0
Kristoffer Reitan,0.36,-1.09,1.33,1.02,1.39,2,0.671,0.2857,4.0
Kristoffer Reitan,0.46,-1.04,-1.35,-5,-4.53,3,-1.869,0.625,1.0
Kristoffer Reitan,0.46,-1.04,-1.35,-5,-4.53,3,1.385,0.8571,2.0
Kristoffer Reitan,0.46,-1.04,-1.35,-5,-4.53,3,-4.534,0.4444,3.0
Kristoffer Reitan,0.46,-1.04,-1.35,-5,-4.53,3,0.671,0.2857,4.0
Kristoffer Reitan,1.07,1.64,0.31,-0.4,0.67,4,-1.869,0.625,1.0
Kristoffer Reitan,1.07,1.64,0.31,-0.4,0.67,4,1.385,0.8571,2.0
Kristoffer Reitan,1.07,1.64,0.31,-0.4,0.67,4,-4.534,0.4444,3.0
Kristoffer Reitan,1.07,1.64,0.31,-0.4,0.67,4,0.671,0.2857,4.0
Michael Brennan,-0.53,-1,2.81,1.66,1.13,1,1.131,0.6667,1.0
Michael Brennan,-0.53,-1,2.81,1.66,1.13,1,-1.615,0.5556,2.0
Michael Brennan,-0.53,-1,2.81,1.66,1.13,1,-1.534,0.2857,3.0
Michael Brennan,-0.53,-1,2.81,1.66,1.13,1,-3.329,0.3333,4.0
Michael Brennan,-1.86,-0.38,-0.25,0.24,-1.61,2,1.131,0.6667,1.0
Michael Brennan,-1.86,-0.38,-0.25,0.24,-1.61,2,-1.615,0.5556,2.0
Michael Brennan,-1.86,-0.38,-0.25,0.24,-1.61,2,-1.534,0.2857,3.0
Michael Brennan,-1.86,-0.38,-0.25,0.24,-1.61,2,-3.329,0.3333,4.0
Michael Brennan,0.38,-1.2,-1.41,-1.91,-1.53,3,1.131,0.6667,1.0
Michael Brennan,0.38,-1.2,-1.41,-1.91,-1.53,3,-1.615,0.5556,2.0
Michael Brennan,0.38,-1.2,-1.41,-1.91,-1.53,3,-1.534,0.2857,3.0
Michael Brennan,0.38,-1.2,-1.41,-1.91,-1.53,3,-3.329,0.3333,4.0
Michael Brennan,-1.64,0.43,-3.17,-1.69,-3.33,4,1.131,0.6667,1.0
Michael Brennan,-1.64,0.43,-3.17,-1.69,-3.33,4,-1.615,0.5556,2.0
Michael Brennan,-1.64,0.43,-3.17,-1.69,-3.33,4,-1.534,0.2857,3.0
Michael Brennan,-1.64,0.43,-3.17,-1.69,-3.33,4,-3.329,0.3333,4.0
Tony Finau,2.44,-0.07,-0.58,1.7,4.13,1,4.131,0.3333,1.0
Tony Finau,2.44,-0.07,-0.58,1.7,4.13,1,-2.615,0.5,2.0
Tony Finau,2.44,-0.07,-0.58,1.7,4.13,1,-3.534,0.5556,3.0
Tony Finau,2.44,-0.07,-0.58,1.7,4.13,1,-4.329,0.3333,4.0
Tony Finau,-2.31,1.41,1.36,-0.3,-2.62,2,4.131,0.3333,1.0
Tony Finau,-2.31,1.41,1.36,-0.3,-2.62,2,-2.615,0.5,2.0
Tony Finau,-2.31,1.41,1.36,-0.3,-2.62,2,-3.534,0.5556,3.0
Tony Finau,-2.31,1.41,1.36,-0.3,-2.62,2,-4.329,0.3333,4.0
Tony Finau,-0.64,-1.06,-0.71,-2.9,-3.53,3,4.131,0.3333,1.0
Tony Finau,-0.64,-1.06,-0.71,-2.9,-3.53,3,-2.615,0.5,2.0
Tony Finau,-0.64,-1.06,-0.71,-2.9,-3.53,3,-3.534,0.5556,3.0
Tony Finau,-0.64,-1.06,-0.71,-2.9,-3.53,3,-4.329,0.3333,4.0
Tony Finau,-1.93,-0.41,-1.87,-2.4,-4.33,4,4.131,0.3333,1.0
Tony Finau,-1.93,-0.41,-1.87,-2.4,-4.33,4,-2.615,0.5,2.0
Tony Finau,-1.93,-0.41,-1.87,-2.4,-4.33,4,-3.534,0.5556,3.0
Tony Finau,-1.93,-0.41,-1.87,-2.4,-4.33,4,-4.329,0.3333,4.0
Seamus Power,-0.46,-0.25,-0.73,-0.41,-0.87,1,-0.869,0.2857,1.0
Seamus Power,-0.46,-0.25,-0.73,-0.41,-0.87,1,0.385,0.8333,2.0
Seamus Power,-0.46,-0.25,-0.73,-0.41,-0.87,1,-2.534,0.4286,3.0
Seamus Power,-0.46,-0.25,-0.73,-0.41,-0.87,1,-3.329,0.4,4.0
Seamus Power,0.19,0.23,1,0.19,0.39,2,-0.869,0.2857,1.0
Seamus Power,0.19,0.23,1,0.19,0.39,2,0.385,0.8333,2.0
Seamus Power,0.19,0.23,1,0.19,0.39,2,-2.534,0.4286,3.0
Seamus Power,0.19,0.23,1,0.19,0.39,2,-3.329,0.4,4.0
Seamus Power,0.35,-0.31,-1.72,-2.88,-2.53,3,-0.869,0.2857,1.0
Seamus Power,0.35,-0.31,-1.72,-2.88,-2.53,3,0.385,0.8333,2.0
Seamus Power,0.35,-0.31,-1.72,-2.88,-2.53,3,-2.534,0.4286,3.0
Seamus Power,0.35,-0.31,-1.72,-2.88,-2.53,3,-3.329,0.4,4.0
Seamus Power,-4.5,-0.38,1.32,1.18,-3.33,4,-0.869,0.2857,1.0
Seamus Power,-4.5,-0.38,1.32,1.18,-3.33,4,0.385,0.8333,2.0
Seamus Power,-4.5,-0.38,1.32,1.18,-3.33,4,-2.534,0.4286,3.0
Seamus Power,-4.5,-0.38,1.32,1.18,-3.33,4,-3.329,0.4,4.0
Ricky Castillo,-0.04,-0.03,1.02,2.17,2.13,1,2.131,0.3333,1.0
Ricky Castillo,-0.04,-0.03,1.02,2.17,2.13,1,-1.615,0.625,2.0
Ricky Castillo,-0.04,-0.03,1.02,2.17,2.13,1,-5.534,0.3333,3.0
Ricky Castillo,-0.04,-0.03,1.02,2.17,2.13,1,-1.329,0.4444,4.0
Ricky Castillo,1.05,-1.12,-0.91,-2.67,-1.61,2,2.131,0.3333,1.0
Ricky Castillo,1.05,-1.12,-0.91,-2.67,-1.61,2,-1.615,0.625,2.0
Ricky Castillo,1.05,-1.12,-0.91,-2.67,-1.61,2,-5.534,0.3333,3.0
Ricky Castillo,1.05,-1.12,-0.91,-2.67,-1.61,2,-1.329,0.4444,4.0
Ricky Castillo,-4.19,-0.95,-1.47,-1.35,-5.53,3,2.131,0.3333,1.0
Ricky Castillo,-4.19,-0.95,-1.47,-1.35,-5.53,3,-1.615,0.625,2.0
Ricky Castillo,-4.19,-0.95,-1.47,-1.35,-5.53,3,-5.534,0.3333,3.0
Ricky Castillo,-4.19,-0.95,-1.47,-1.35,-5.53,3,-1.329,0.4444,4.0
Ricky Castillo,0.84,-0.86,0.12,-2.17,-1.33,4,2.131,0.3333,1.0
Ricky Castillo,0.84,-0.86,0.12,-2.17,-1.33,4,-1.615,0.625,2.0
Ricky Castillo,0.84,-0.86,0.12,-2.17,-1.33,4,-5.534,0.3333,3.0
Ricky Castillo,0.84,-0.86,0.12,-2.17,-1.33,4,-1.329,0.4444,4.0
Takumi Kanaya,-0.16,0.7,-0.73,0.29,0.13,1,0.131,0.75,1.0
Takumi Kanaya,-0.16,0.7,-0.73,0.29,0.13,1,0.385,0.625,2.0
Takumi Kanaya,-0.16,0.7,-0.73,0.29,0.13,1,-9.534,0.4167,3.0
Takumi Kanaya,-0.16,0.7,-0.73,0.29,0.13,1,0.671,0.8333,4.0
Takumi Kanaya,1.07,-0.3,-0.13,-0.68,0.39,2,0.131,0.75,1.0
Takumi Kanaya,1.07,-0.3,-0.13,-0.68,0.39,2,0.385,0.625,2.0
Takumi Kanaya,1.07,-0.3,-0.13,-0.68,0.39,2,-9.534,0.4167,3.0
Takumi Kanaya,1.07,-0.3,-0.13,-0.68,0.39,2,0.671,0.8333,4.0
Takumi Kanaya,-2.63,-1.89,-1.4,-6.91,-9.53,3,0.131,0.75,1.0
Takumi Kanaya,-2.63,-1.89,-1.4,-6.91,-9.53,3,0.385,0.625,2.0
Takumi Kanaya,-2.63,-1.89,-1.4,-6.91,-9.53,3,-9.534,0.4167,3.0
Takumi Kanaya,-2.63,-1.89,-1.4,-6.91,-9.53,3,0.671,0.8333,4.0
Takumi Kanaya,0.39,0.57,0.51,0.29,0.67,4,0.131,0.75,1.0
Takumi Kanaya,0.39,0.57,0.51,0.29,0.67,4,0.385,0.625,2.0
Takumi Kanaya,0.39,0.57,0.51,0.29,0.67,4,-9.534,0.4167,3.0
Takumi Kanaya,0.39,0.57,0.51,0.29,0.67,4,0.671,0.8333,4.0
Sungjae Im,-0.78,-1.47,0.26,-1.09,-1.87,1,-1.869,0.2,1.0
Sungjae Im,-0.78,-1.47,0.26,-1.09,-1.87,1,0.385,0.5,2.0
Sungjae Im,-0.78,-1.47,0.26,-1.09,-1.87,1,0.0,0.0,3.0
Sungjae Im,-0.78,-1.47,0.26,-1.09,-1.87,1,0.0,0.0,4.0
Sungjae Im,0.43,0.46,-0.54,-0.05,0.39,2,-1.869,0.2,1.0
Sungjae Im,0.43,0.46,-0.54,-0.05,0.39,2,0.385,0.5,2.0
Sungjae Im,0.43,0.46,-0.54,-0.05,0.39,2,0.0,0.0,3.0
Sungjae Im,0.43,0.46,-0.54,-0.05,0.39,2,0.0,0.0,4.0
Sungjae Im,0,0,0,0,0,3,-1.869,0.2,1.0
Sungjae Im,0,0,0,0,0,3,0.385,0.5,2.0
Sungjae Im,0,0,0,0,0,3,0.0,0.0,3.0
Sungjae Im,0,0,0,0,0,3,0.0,0.0,4.0
Sungjae Im,0,0,0,0,0,4,-1.869,0.2,1.0
Sungjae Im,0,0,0,0,0,4,0.385,0.5,2.0
Sungjae Im,0,0,0,0,0,4,0.0,0.0,3.0
Sungjae Im,0,0,0,0,0,4,0.0,0.0,4.0
Lucas Glover,2.1,-0.56,1.85,1.03,3.13,1,3.131,0.7143,1.0
Lucas Glover,2.1,-0.56,1.85,1.03,3.13,1,-4.615,0.5556,2.0
Lucas Glover,2.1,-0.56,1.85,1.03,3.13,1,0.0,0.0,3.0
Lucas Glover,2.1,-0.56,1.85,1.03,3.13,1,0.0,0.0,4.0
Lucas Glover,-1.75,0.23,-0.23,-2.87,-4.62,2,3.131,0.7143,1.0
Lucas Glover,-1.75,0.23,-0.23,-2.87,-4.62,2,-4.615,0.5556,2.0
Lucas Glover,-1.75,0.23,-0.23,-2.87,-4.62,2,0.0,0.0,3.0
Lucas Glover,-1.75,0.23,-0.23,-2.87,-4.62,2,0.0,0.0,4.0
Lucas Glover,0,0,0,0,0,3,3.131,0.7143,1.0
Lucas Glover,0,0,0,0,0,3,-4.615,0.5556,2.0
Lucas Glover,0,0,0,0,0,3,0.0,0.0,3.0
Lucas Glover,0,0,0,0,0,3,0.0,0.0,4.0
Lucas Glover,0,0,0,0,0,4,3.131,0.7143,1.0
Lucas Glover,0,0,0,0,0,4,-4.615,0.5556,2.0
Lucas Glover,0,0,0,0,0,4,0.0,0.0,3.0
Lucas Glover,0,0,0,0,0,4,0.0,0.0,4.0
Jake Knapp,2.94,-0.49,-2.2,-4.8,-1.87,1,-1.869,0.5,1.0
Jake Knapp,2.94,-0.49,-2.2,-4.8,-1.87,1,0.385,0.8333,2.0
Jake Knapp,2.94,-0.49,-2.2,-4.8,-1.87,1,0.0,0.0,3.0
Jake Knapp,2.94,-0.49,-2.2,-4.8,-1.87,1,0.0,0.0,4.0
Jake Knapp,3.38,-0.65,0.33,-2.99,0.39,2,-1.869,0.5,1.0
Jake Knapp,3.38,-0.65,0.33,-2.99,0.39,2,0.385,0.8333,2.0
Jake Knapp,3.38,-0.65,0.33,-2.99,0.39,2,0.0,0.0,3.0
Jake Knapp,3.38,-0.65,0.33,-2.99,0.39,2,0.0,0.0,4.0
Jake Knapp,0,0,0,0,0,3,-1.869,0.5,1.0
Jake Knapp,0,0,0,0,0,3,0.385,0.8333,2.0
Jake Knapp,0,0,0,0,0,3,0.0,0.0,3.0
Jake Knapp,0,0,0,0,0,3,0.0,0.0,4.0
Jake Knapp,0,0,0,0,0,4,-1.869,0.5,1.0
Jake Knapp,0,0,0,0,0,4,0.385,0.8333,2.0
Jake Knapp,0,0,0,0,0,4,0.0,0.0,3.0
Jake Knapp,0,0,0,0,0,4,0.0,0.0,4.0
Brian Campbell,-2.96,-0.45,-0.7,2.09,-0.87,1,-0.869,0.0,1.0
Brian Campbell,-2.96,-0.45,-0.7,2.09,-0.87,1,-0.615,0.7,2.0
Brian Campbell,-2.96,-0.45,-0.7,2.09,-0.87,1,0.0,0.0,3.0
Brian Campbell,-2.96,-0.45,-0.7,2.09,-0.87,1,0.0,0.0,4.0
Brian Campbell,0.68,0.36,-1.15,-1.29,-0.61,2,-0.869,0.0,1.0
Brian Campbell,0.68,0.36,-1.15,-1.29,-0.61,2,-0.615,0.7,2.0
Brian Campbell,0.68,0.36,-1.15,-1.29,-0.61,2,0.0,0.0,3.0
Brian Campbell,0.68,0.36,-1.15,-1.29,-0.61,2,0.0,0.0,4.0
Brian Campbell,0,0,0,0,0,3,-0.869,0.0,1.0
Brian Campbell,0,0,0,0,0,3,-0.615,0.7,2.0
Brian Campbell,0,0,0,0,0,3,0.0,0.0,3.0
Brian Campbell,0,0,0,0,0,3,0.0,0.0,4.0
Brian Campbell,0,0,0,0,0,4,-0.869,0.0,1.0
Brian Campbell,0,0,0,0,0,4,-0.615,0.7,2.0
Brian Campbell,0,0,0,0,0,4,0.0,0.0,3.0
Brian Campbell,0,0,0,0,0,4,0.0,0.0,4.0
Adam Schenk,-3.04,-0.02,1.02,-0.83,-3.87,1,-3.869,0.25,1.0
Adam Schenk,-3.04,-0.02,1.02,-0.83,-3.87,1,2.385,0.7,2.0
Adam Schenk,-3.04,-0.02,1.02,-0.83,-3.87,1,0.0,0.0,3.0
Adam Schenk,-3.04,-0.02,1.02,-0.83,-3.87,1,0.0,0.0,4.0
Adam Schenk,0.39,3.1,-0.09,1.99,2.38,2,-3.869,0.25,1.0
Adam Schenk,0.39,3.1,-0.09,1.99,2.38,2,2.385,0.7,2.0
Adam Schenk,0.39,3.1,-0.09,1.99,2.38,2,0.0,0.0,3.0
Adam Schenk,0.39,3.1,-0.09,1.99,2.38,2,0.0,0.0,4.0
Adam Schenk,0,0,0,0,0,3,-3.869,0.25,1.0
Adam Schenk,0,0,0,0,0,3,2.385,0.7,2.0
Adam Schenk,0,0,0,0,0,3,0.0,0.0,3.0
Adam Schenk,0,0,0,0,0,3,0.0,0.0,4.0
Adam Schenk,0,0,0,0,0,4,-3.869,0.25,1.0
Adam Schenk,0,0,0,0,0,4,2.385,0.7,2.0
Adam Schenk,0,0,0,0,0,4,0.0,0.0,3.0
Adam Schenk,0,0,0,0,0,4,0.0,0.0,4.0
Rasmus Hojgaard,-1.51,0.61,-0.89,-0.36,-1.87,1,-1.869,0.4286,1.0
Rasmus Hojgaard,-1.51,0.61,-0.89,-0.36,-1.87,1,0.385,0.625,2.0
Rasmus Hojgaard,-1.51,0.61,-0.89,-0.36,-1.87,1,0.0,0.0,3.0
Rasmus Hojgaard,-1.51,0.61,-0.89,-0.36,-1.87,1,0.0,0.0,4.0
Rasmus Hojgaard,-1.06,0.42,0.69,1.45,0.39,2,-1.869,0.4286,1.0
Rasmus Hojgaard,-1.06,0.42,0.69,1.45,0.39,2,0.385,0.625,2.0
Rasmus Hojgaard,-1.06,0.42,0.69,1.45,0.39,2,0.0,0.0,3.0
Rasmus Hojgaard,-1.06,0.42,0.69,1.45,0.39,2,0.0,0.0,4.0
Rasmus Hojgaard,0,0,0,0,0,3,-1.869,0.4286,1.0
Rasmus Hojgaard,0,0,0,0,0,3,0.385,0.625,2.0
Rasmus Hojgaard,0,0,0,0,0,3,0.0,0.0,3.0
Rasmus Hojgaard,0,0,0,0,0,3,0.0,0.0,4.0
Rasmus Hojgaard,0,0,0,0,0,4,-1.869,0.4286,1.0
Rasmus Hojgaard,0,0,0,0,0,4,0.385,0.625,2.0
Rasmus Hojgaard,0,0,0,0,0,4,0.0,0.0,3.0
Rasmus Hojgaard,0,0,0,0,0,4,0.0,0.0,4.0
Mac Meissner,-2.02,0.54,-0.26,2.15,0.13,1,0.131,0.625,1.0
Mac Meissner,-2.02,0.54,-0.26,2.15,0.13,1,-1.615,0.625,2.0
Mac Meissner,-2.02,0.54,-0.26,2.15,0.13,1,0.0,0.0,3.0
Mac Meissner,-2.02,0.54,-0.26,2.15,0.13,1,0.0,0.0,4.0
Mac Meissner,0.18,0.23,-0.27,-1.79,-1.61,2,0.131,0.625,1.0
Mac Meissner,0.18,0.23,-0.27,-1.79,-1.61,2,-1.615,0.625,2.0
Mac Meissner,0.18,0.23,-0.27,-1.79,-1.61,2,0.0,0.0,3.0
Mac Meissner,0.18,0.23,-0.27,-1.79,-1.61,2,0.0,0.0,4.0
Mac Meissner,0,0,0,0,0,3,0.131,0.625,1.0
Mac Meissner,0,0,0,0,0,3,-1.615,0.625,2.0
Mac Meissner,0,0,0,0,0,3,0.0,0.0,3.0
Mac Meissner,0,0,0,0,0,3,0.0,0.0,4.0
Mac Meissner,0,0,0,0,0,4,0.131,0.625,1.0
Mac Meissner,0,0,0,0,0,4,-1.615,0.625,2.0
Mac Meissner,0,0,0,0,0,4,0.0,0.0,3.0
Mac Meissner,0,0,0,0,0,4,0.0,0.0,4.0
Matt Mccarty,1.17,-1.67,-0.52,-3.04,-1.87,1,,,
Matt Mccarty,0.3,-0.02,0.18,0.09,0.39,2,,,
Matt Mccarty,0,0,0,0,0,3,,,
Matt Mccarty,0,0,0,0,0,4,,,
David Ford,0.43,0.77,-1.7,-2.3,-1.87,1,-1.869,0.375,1.0
David Ford,0.43,0.77,-1.7,-2.3,-1.87,1,0.385,0.7143,2.0
David Ford,0.43,0.77,-1.7,-2.3,-1.87,1,0.0,0.0,3.0
David Ford,0.43,0.77,-1.7,-2.3,-1.87,1,0.0,0.0,4.0
David Ford,-0.15,-0.03,0.32,0.54,0.39,2,-1.869,0.375,1.0
David Ford,-0.15,-0.03,0.32,0.54,0.39,2,0.385,0.7143,2.0
David Ford,-0.15,-0.03,0.32,0.54,0.39,2,0.0,0.0,3.0
David Ford,-0.15,-0.03,0.32,0.54,0.39,2,0.0,0.0,4.0
David Ford,0,0,0,0,0,3,-1.869,0.375,1.0
David Ford,0,0,0,0,0,3,0.385,0.7143,2.0
David Ford,0,0,0,0,0,3,0.0,0.0,3.0
David Ford,0,0,0,0,0,3,0.0,0.0,4.0
David Ford,0,0,0,0,0,4,-1.869,0.375,1.0
David Ford,0,0,0,0,0,4,0.385,0.7143,2.0
David Ford,0,0,0,0,0,4,0.0,0.0,3.0
David Ford,0,0,0,0,0,4,0.0,0.0,4.0
Gary Woodland,0.01,-1.03,2.42,-1.88,-1.87,1,-1.869,0.6,1.0
Gary Woodland,0.01,-1.03,2.42,-1.88,-1.87,1,-0.615,0.6,2.0
Gary Woodland,0.01,-1.03,2.42,-1.88,-1.87,1,0.0,0.0,3.0
Gary Woodland,0.01,-1.03,2.42,-1.88,-1.87,1,0.0,0.0,4.0
Gary Woodland,-2,-0.45,1.13,1.38,-0.61,2,-1.869,0.6,1.0
Gary Woodland,-2,-0.45,1.13,1.38,-0.61,2,-0.615,0.6,2.0
Gary Woodland,-2,-0.45,1.13,1.38,-0.61,2,0.0,0.0,3.0
Gary Woodland,-2,-0.45,1.13,1.38,-0.61,2,0.0,0.0,4.0
Gary Woodland,0,0,0,0,0,3,-1.869,0.6,1.0
Gary Woodland,0,0,0,0,0,3,-0.615,0.6,2.0
Gary Woodland,0,0,0,0,0,3,0.0,0.0,3.0
Gary Woodland,0,0,0,0,0,3,0.0,0.0,4.0
Gary Woodland,0,0,0,0,0,4,-1.869,0.6,1.0
Gary Woodland,0,0,0,0,0,4,-0.615,0.6,2.0
Gary Woodland,0,0,0,0,0,4,0.0,0.0,3.0
Gary Woodland,0,0,0,0,0,4,0.0,0.0,4.0
Ben Griffin,2.67,0.84,-1.17,0.47,3.13,1,3.131,0.7778,1.0
Ben Griffin,2.67,0.84,-1.17,0.47,3.13,1,-5.615,0.4545,2.0
Ben Griffin,2.67,0.84,-1.17,0.47,3.13,1,0.0,0.0,3.0
Ben Griffin,2.67,0.84,-1.17,0.47,3.13,1,0.0,0.0,4.0
Ben Griffin,-0.01,-1.15,-2.92,-5.61,-5.62,2,3.131,0.7778,1.0
Ben Griffin,-0.01,-1.15,-2.92,-5.61,-5.62,2,-5.615,0.4545,2.0
Ben Griffin,-0.01,-1.15,-2.92,-5.61,-5.62,2,0.0,0.0,3.0
Ben Griffin,-0.01,-1.15,-2.92,-5.61,-5.62,2,0.0,0.0,4.0
Ben Griffin,0,0,0,0,0,3,3.131,0.7778,1.0
Ben Griffin,0,0,0,0,0,3,-5.615,0.4545,2.0
Ben Griffin,0,0,0,0,0,3,0.0,0.0,3.0
Ben Griffin,0,0,0,0,0,3,0.0,0.0,4.0
Ben Griffin,0,0,0,0,0,4,3.131,0.7778,1.0
Ben Griffin,0,0,0,0,0,4,-5.615,0.4545,2.0
Ben Griffin,0,0,0,0,0,4,0.0,0.0,3.0
Ben Griffin,0,0,0,0,0,4,0.0,0.0,4.0
Aaron Rai,-1.07,-0.66,0.57,0.2,-0.87,1,-0.869,0.2,1.0
Aaron Rai,-1.07,-0.66,0.57,0.2,-0.87,1,-1.615,0.625,2.0
Aaron Rai,-1.07,-0.66,0.57,0.2,-0.87,1,0.0,0.0,3.0
Aaron Rai,-1.07,-0.66,0.57,0.2,-0.87,1,0.0,0.0,4.0
Aaron Rai,-0.85,0.12,1.33,-0.77,-1.61,2,-0.869,0.2,1.0
Aaron Rai,-0.85,0.12,1.33,-0.77,-1.61,2,-1.615,0.625,2.0
Aaron Rai,-0.85,0.12,1.33,-0.77,-1.61,2,0.0,0.0,3.0
Aaron Rai,-0.85,0.12,1.33,-0.77,-1.61,2,0.0,0.0,4.0
Aaron Rai,0,0,0,0,0,3,-0.869,0.2,1.0
Aaron Rai,0,0,0,0,0,3,-1.615,0.625,2.0
Aaron Rai,0,0,0,0,0,3,0.0,0.0,3.0
Aaron Rai,0,0,0,0,0,3,0.0,0.0,4.0
Aaron Rai,0,0,0,0,0,4,-0.869,0.2,1.0
Aaron Rai,0,0,0,0,0,4,-1.615,0.625,2.0
Aaron Rai,0,0,0,0,0,4,0.0,0.0,3.0
Aaron Rai,0,0,0,0,0,4,0.0,0.0,4.0
Harry Hall,1.16,-1.32,-2.3,-4.03,-2.87,1,-2.869,0.4286,1.0
Harry Hall,1.16,-1.32,-2.3,-4.03,-2.87,1,0.385,0.4,2.0
Harry Hall,1.16,-1.32,-2.3,-4.03,-2.87,1,0.0,0.0,3.0
Harry Hall,1.16,-1.32,-2.3,-4.03,-2.87,1,0.0,0.0,4.0
Harry Hall,-0.21,0.15,0.24,0.59,0.39,2,-2.869,0.4286,1.0
Harry Hall,-0.21,0.15,0.24,0.59,0.39,2,0.385,0.4,2.0
Harry Hall,-0.21,0.15,0.24,0.59,0.39,2,0.0,0.0,3.0
Harry Hall,-0.21,0.15,0.24,0.59,0.39,2,0.0,0.0,4.0
Harry Hall,0,0,0,0,0,3,-2.869,0.4286,1.0
Harry Hall,0,0,0,0,0,3,0.385,0.4,2.0
Harry Hall,0,0,0,0,0,3,0.0,0.0,3.0
Harry Hall,0,0,0,0,0,3,0.0,0.0,4.0
Harry Hall,0,0,0,0,0,4,-2.869,0.4286,1.0
Harry Hall,0,0,0,0,0,4,0.385,0.4,2.0
Harry Hall,0,0,0,0,0,4,0.0,0.0,3.0
Harry Hall,0,0,0,0,0,4,0.0,0.0,4.0
Rooyen Van,-0.47,-0.02,1.89,-3.4,-3.87,1,,,
Rooyen Van,1.77,-0.76,0.64,-0.38,1.39,2,,,
Rooyen Van,0,0,0,0,0,3,,,
Rooyen Van,0,0,0,0,0,4,,,
Davis Thompson,-2.03,1.51,0.03,2.16,0.13,1,0.131,0.3333,1.0
Davis Thompson,-2.03,1.51,0.03,2.16,0.13,1,-2.615,0.4545,2.0
Davis Thompson,-2.03,1.51,0.03,2.16,0.13,1,0.0,0.0,3.0
Davis Thompson,-2.03,1.51,0.03,2.16,0.13,1,0.0,0.0,4.0
Davis Thompson,-2.02,-0.29,-0.57,-0.59,-2.62,2,0.131,0.3333,1.0
Davis Thompson,-2.02,-0.29,-0.57,-0.59,-2.62,2,-2.615,0.4545,2.0
Davis Thompson,-2.02,-0.29,-0.57,-0.59,-2.62,2,0.0,0.0,3.0
Davis Thompson,-2.02,-0.29,-0.57,-0.59,-2.62,2,0.0,0.0,4.0
Davis Thompson,0,0,0,0,0,3,0.131,0.3333,1.0
Davis Thompson,0,0,0,0,0,3,-2.615,0.4545,2.0
Davis Thompson,0,0,0,0,0,3,0.0,0.0,3.0
Davis Thompson,0,0,0,0,0,3,0.0,0.0,4.0
Davis Thompson,0,0,0,0,0,4,0.131,0.3333,1.0
Davis Thompson,0,0,0,0,0,4,-2.615,0.4545,2.0
Davis Thompson,0,0,0,0,0,4,0.0,0.0,3.0
Davis Thompson,0,0,0,0,0,4,0.0,0.0,4.0
Haotong Li,1.02,-0.46,-2.2,-1.89,-0.87,1,-0.869,0.375,1.0
Haotong Li,1.02,-0.46,-2.2,-1.89,-0.87,1,-1.615,0.5,2.0
Haotong Li,1.02,-0.46,-2.2,-1.89,-0.87,1,0.0,0.0,3.0
Haotong Li,1.02,-0.46,-2.2,-1.89,-0.87,1,0.0,0.0,4.0
Haotong Li,1.02,-0.46,-2.2,-1.89,-0.87,1,-0.869,0.375,1.0
Haotong Li,1.02,-0.46,-2.2,-1.89,-0.87,1,-1.615,0.5,2.0
Haotong Li,1.02,-0.46,-2.2,-1.89,-0.87,1,0.0,0.0,3.0
Haotong Li,1.02,-0.46,-2.2,-1.89,-0.87,1,0.0,0.0,4.0
Haotong Li,-1.41,0.74,1.22,-0.2,-1.61,2,-0.869,0.375,1.0
Haotong Li,-1.41,0.74,1.22,-0.2,-1.61,2,-1.615,0.5,2.0
Haotong Li,-1.41,0.74,1.22,-0.2,-1.61,2,0.0,0.0,3.0
Haotong Li,-1.41,0.74,1.22,-0.2,-1.61,2,0.0,0.0,4.0
Haotong Li,-1.41,0.74,1.22,-0.2,-1.61,2,-0.869,0.375,1.0
Haotong Li,-1.41,0.74,1.22,-0.2,-1.61,2,-1.615,0.5,2.0
Haotong Li,-1.41,0.74,1.22,-0.2,-1.61,2,0.0,0.0,3.0
Haotong Li,-1.41,0.74,1.22,-0.2,-1.61,2,0.0,0.0,4.0
Haotong Li,0,0,0,0,0,3,-0.869,0.375,1.0
Haotong Li,0,0,0,0,0,3,-1.615,0.5,2.0
Haotong Li,0,0,0,0,0,3,0.0,0.0,3.0
Haotong Li,0,0,0,0,0,3,0.0,0.0,4.0
Haotong Li,0,0,0,0,0,3,-0.869,0.375,1.0
Haotong Li,0,0,0,0,0,3,-1.615,0.5,2.0
Haotong Li,0,0,0,0,0,3,0.0,0.0,3.0
Haotong Li,0,0,0,0,0,3,0.0,0.0,4.0
Haotong Li,0,0,0,0,0,4,-0.869,0.375,1.0
Haotong Li,0,0,0,0,0,4,-1.615,0.5,2.0
Haotong Li,0,0,0,0,0,4,0.0,0.0,3.0
Haotong Li,0,0,0,0,0,4,0.0,0.0,4.0
Haotong Li,0,0,0,0,0,4,-0.869,0.375,1.0
Haotong Li,0,0,0,0,0,4,-1.615,0.5,2.0
Haotong Li,0,0,0,0,0,4,0.0,0.0,3.0
Haotong Li,0,0,0,0,0,4,0.0,0.0,4.0
Johnny Keefer,-1.32,0.25,0.61,-1.55,-2.87,1,,,
Johnny Keefer,-1.69,1.09,0.31,2.08,0.39,2,,,
Johnny Keefer,0,0,0,0,0,3,,,
Johnny Keefer,0,0,0,0,0,4,,,
Kurt Kitayama,-2.08,-0.14,-0.52,1.21,-0.87,1,-0.869,0.4286,1.0
Kurt Kitayama,-2.08,-0.14,-0.52,1.21,-0.87,1,-2.615,0.6,2.0
Kurt Kitayama,-2.08,-0.14,-0.52,1.21,-0.87,1,0.0,0.0,3.0
Kurt Kitayama,-2.08,-0.14,-0.52,1.21,-0.87,1,0.0,0.0,4.0
Kurt Kitayama,-3.29,0.19,-0.22,0.68,-2.62,2,-0.869,0.4286,1.0
Kurt Kitayama,-3.29,0.19,-0.22,0.68,-2.62,2,-2.615,0.6,2.0
Kurt Kitayama,-3.29,0.19,-0.22,0.68,-2.62,2,0.0,0.0,3.0
Kurt Kitayama,-3.29,0.19,-0.22,0.68,-2.62,2,0.0,0.0,4.0
Kurt Kitayama,0,0,0,0,0,3,-0.869,0.4286,1.0
Kurt Kitayama,0,0,0,0,0,3,-2.615,0.6,2.0
Kurt Kitayama,0,0,0,0,0,3,0.0,0.0,3.0
Kurt Kitayama,0,0,0,0,0,3,0.0,0.0,4.0
Kurt Kitayama,0,0,0,0,0,4,-0.869,0.4286,1.0
Kurt Kitayama,0,0,0,0,0,4,-2.615,0.6,2.0
Kurt Kitayama,0,0,0,0,0,4,0.0,0.0,3.0
Kurt Kitayama,0,0,0,0,0,4,0.0,0.0,4.0
Shane Lowry,-0.75,-1.37,-0.93,-2.12,-2.87,1,-2.869,0.5714,1.0
Shane Lowry,-0.75,-1.37,-0.93,-2.12,-2.87,1,-0.615,0.4286,2.0
Shane Lowry,-0.75,-1.37,-0.93,-2.12,-2.87,1,0.0,0.0,3.0
Shane Lowry,-0.75,-1.37,-0.93,-2.12,-2.87,1,0.0,0.0,4.0
Shane Lowry,0.32,-1.6,0.85,-0.93,-0.61,2,-2.869,0.5714,1.0
Shane Lowry,0.32,-1.6,0.85,-0.93,-0.61,2,-0.615,0.4286,2.0
Shane Lowry,0.32,-1.6,0.85,-0.93,-0.61,2,0.0,0.0,3.0
Shane Lowry,0.32,-1.6,0.85,-0.93,-0.61,2,0.0,0.0,4.0
Shane Lowry,0,0,0,0,0,3,-2.869,0.5714,1.0
Shane Lowry,0,0,0,0,0,3,-0.615,0.4286,2.0
Shane Lowry,0,0,0,0,0,3,0.0,0.0,3.0
Shane Lowry,0,0,0,0,0,3,0.0,0.0,4.0
Shane Lowry,0,0,0,0,0,4,-2.869,0.5714,1.0
Shane Lowry,0,0,0,0,0,4,-0.615,0.4286,2.0
Shane Lowry,0,0,0,0,0,4,0.0,0.0,3.0
Shane Lowry,0,0,0,0,0,4,0.0,0.0,4.0
Matthieu Pavon,-3.35,-1.58,1.55,1.48,-1.87,1,-1.869,0.1667,1.0
Matthieu Pavon,-3.35,-1.58,1.55,1.48,-1.87,1,-1.615,0.8333,2.0
Matthieu Pavon,-3.35,-1.58,1.55,1.48,-1.87,1,0.0,0.0,3.0
Matthieu Pavon,-3.35,-1.58,1.55,1.48,-1.87,1,0.0,0.0,4.0
Matthieu Pavon,2.19,-0.33,-1.79,-3.8,-1.61,2,-1.869,0.1667,1.0
Matthieu Pavon,2.19,-0.33,-1.79,-3.8,-1.61,2,-1.615,0.8333,2.0
Matthieu Pavon,2.19,-0.33,-1.79,-3.8,-1.61,2,0.0,0.0,3.0
Matthieu Pavon,2.19,-0.33,-1.79,-3.8,-1.61,2,0.0,0.0,4.0
Matthieu Pavon,0,0,0,0,0,3,-1.869,0.1667,1.0
Matthieu Pavon,0,0,0,0,0,3,-1.615,0.8333,2.0
Matthieu Pavon,0,0,0,0,0,3,0.0,0.0,3.0
Matthieu Pavon,0,0,0,0,0,3,0.0,0.0,4.0
Matthieu Pavon,0,0,0,0,0,4,-1.869,0.1667,1.0
Matthieu Pavon,0,0,0,0,0,4,-1.615,0.8333,2.0
Matthieu Pavon,0,0,0,0,0,4,0.0,0.0,3.0
Matthieu Pavon,0,0,0,0,0,4,0.0,0.0,4.0
Vince Whaley,-0.34,-2.29,-1.04,-3.52,-3.87,1,-3.869,0.3333,1.0
Vince Whaley,-0.34,-2.29,-1.04,-3.52,-3.87,1,0.385,0.6667,2.0
Vince Whaley,-0.34,-2.29,-1.04,-3.52,-3.87,1,0.0,0.0,3.0
Vince Whaley,-0.34,-2.29,-1.04,-3.52,-3.87,1,0.0,0.0,4.0
Vince Whaley,2.45,0.74,-3.15,-2.07,0.39,2,-3.869,0.3333,1.0
Vince Whaley,2.45,0.74,-3.15,-2.07,0.39,2,0.385,0.6667,2.0
Vince Whaley,2.45,0.74,-3.15,-2.07,0.39,2,0.0,0.0,3.0
Vince Whaley,2.45,0.74,-3.15,-2.07,0.39,2,0.0,0.0,4.0
Vince Whaley,0,0,0,0,0,3,-3.869,0.3333,1.0
Vince Whaley,0,0,0,0,0,3,0.385,0.6667,2.0
Vince Whaley,0,0,0,0,0,3,0.0,0.0,3.0
Vince Whaley,0,0,0,0,0,3,0.0,0.0,4.0
Vince Whaley,0,0,0,0,0,4,-3.869,0.3333,1.0
Vince Whaley,0,0,0,0,0,4,0.385,0.6667,2.0
Vince Whaley,0,0,0,0,0,4,0.0,0.0,3.0
Vince Whaley,0,0,0,0,0,4,0.0,0.0,4.0
Thorbjorn Olesen,-1.66,-0.92,-1.5,-4.21,-5.87,1,-5.869,0.2222,1.0
Thorbjorn Olesen,-1.66,-0.92,-1.5,-4.21,-5.87,1,2.385,0.5,2.0
Thorbjorn Olesen,-1.66,-0.92,-1.5,-4.21,-5.87,1,0.0,0.0,3.0
Thorbjorn Olesen,-1.66,-0.92,-1.5,-4.21,-5.87,1,0.0,0.0,4.0
Thorbjorn Olesen,-1.78,1.74,0.85,4.17,2.38,2,-5.869,0.2222,1.0
Thorbjorn Olesen,-1.78,1.74,0.85,4.17,2.38,2,2.385,0.5,2.0
Thorbjorn Olesen,-1.78,1.74,0.85,4.17,2.38,2,0.0,0.0,3.0
Thorbjorn Olesen,-1.78,1.74,0.85,4.17,2.38,2,0.0,0.0,4.0
Thorbjorn Olesen,0,0,0,0,0,3,-5.869,0.2222,1.0
Thorbjorn Olesen,0,0,0,0,0,3,2.385,0.5,2.0
Thorbjorn Olesen,0,0,0,0,0,3,0.0,0.0,3.0
Thorbjorn Olesen,0,0,0,0,0,3,0.0,0.0,4.0
Thorbjorn Olesen,0,0,0,0,0,4,-5.869,0.2222,1.0
Thorbjorn Olesen,0,0,0,0,0,4,2.385,0.5,2.0
Thorbjorn Olesen,0,0,0,0,0,4,0.0,0.0,3.0
Thorbjorn Olesen,0,0,0,0,0,4,0.0,0.0,4.0
S.H. Kim,2.03,-1.57,1.17,-3.89,-1.87,1,-1.869,0.625,1.0
S.H. Kim,2.03,-1.57,1.17,-3.89,-1.87,1,-1.615,0.8,2.0
S.H. Kim,2.03,-1.57,1.17,-3.89,-1.87,1,0.0,0.0,3.0
S.H. Kim,2.03,-1.57,1.17,-3.89,-1.87,1,0.0,0.0,4.0
S.H. Kim,-1.2,0.23,0.34,-0.41,-1.61,2,-1.869,0.625,1.0
S.H. Kim,-1.2,0.23,0.34,-0.41,-1.61,2,-1.615,0.8,2.0
S.H. Kim,-1.2,0.23,0.34,-0.41,-1.61,2,0.0,0.0,3.0
S.H. Kim,-1.2,0.23,0.34,-0.41,-1.61,2,0.0,0.0,4.0
S.H. Kim,0,0,0,0,0,3,-1.869,0.625,1.0
S.H. Kim,0,0,0,0,0,3,-1.615,0.8,2.0
S.H. Kim,0,0,0,0,0,3,0.0,0.0,3.0
S.H. Kim,0,0,0,0,0,3,0.0,0.0,4.0
S.H. Kim,0,0,0,0,0,4,-1.869,0.625,1.0
S.H. Kim,0,0,0,0,0,4,-1.615,0.8,2.0
S.H. Kim,0,0,0,0,0,4,0.0,0.0,3.0
S.H. Kim,0,0,0,0,0,4,0.0,0.0,4.0
Andrew Novak,-1.5,0.15,-1.09,-0.37,-1.87,1,-1.869,0.5,1.0
Andrew Novak,-1.5,0.15,-1.09,-0.37,-1.87,1,-2.615,0.5,2.0
Andrew Novak,-1.5,0.15,-1.09,-0.37,-1.87,1,0.0,0.0,3.0
Andrew Novak,-1.5,0.15,-1.09,-0.37,-1.87,1,0.0,0.0,4.0
Andrew Novak,-2.13,0.21,-0.48,-0.48,-2.62,2,-1.869,0.5,1.0
Andrew Novak,-2.13,0.21,-0.48,-0.48,-2.62,2,-2.615,0.5,2.0
Andrew Novak,-2.13,0.21,-0.48,-0.48,-2.62,2,0.0,0.0,3.0
Andrew Novak,-2.13,0.21,-0.48,-0.48,-2.62,2,0.0,0.0,4.0
Andrew Novak,0,0,0,0,0,3,-1.869,0.5,1.0
Andrew Novak,0,0,0,0,0,3,-2.615,0.5,2.0
Andrew Novak,0,0,0,0,0,3,0.0,0.0,3.0
Andrew Novak,0,0,0,0,0,3,0.0,0.0,4.0
Andrew Novak,0,0,0,0,0,4,-1.869,0.5,1.0
Andrew Novak,0,0,0,0,0,4,-2.615,0.5,2.0
Andrew Novak,0,0,0,0,0,4,0.0,0.0,3.0
Andrew Novak,0,0,0,0,0,4,0.0,0.0,4.0
Harris English,2.11,0.54,2.17,-1.98,0.13,1,0.131,0.6667,1.0
Harris English,2.11,0.54,2.17,-1.98,0.13,1,-4.615,0.4444,2.0
Harris English,2.11,0.54,2.17,-1.98,0.13,1,0.0,0.0,3.0
Harris English,2.11,0.54,2.17,-1.98,0.13,1,0.0,0.0,4.0
Harris English,1.23,-0.41,-2.27,-5.84,-4.62,2,0.131,0.6667,1.0
Harris English,1.23,-0.41,-2.27,-5.84,-4.62,2,-4.615,0.4444,2.0
Harris English,1.23,-0.41,-2.27,-5.84,-4.62,2,0.0,0.0,3.0
Harris English,1.23,-0.41,-2.27,-5.84,-4.62,2,0.0,0.0,4.0
Harris English,0,0,0,0,0,3,0.131,0.6667,1.0
Harris English,0,0,0,0,0,3,-4.615,0.4444,2.0
Harris English,0,0,0,0,0,3,0.0,0.0,3.0
Harris English,0,0,0,0,0,3,0.0,0.0,4.0
Harris English,0,0,0,0,0,4,0.131,0.6667,1.0
Harris English,0,0,0,0,0,4,-4.615,0.4444,2.0
Harris English,0,0,0,0,0,4,0.0,0.0,3.0
Harris English,0,0,0,0,0,4,0.0,0.0,4.0
Cam Davis,-0.77,0.49,-1.48,-3.1,-3.87,1,,,
Cam Davis,-0.6,0.63,0.35,-0.01,-0.61,2,,,
Cam Davis,0,0,0,0,0,3,,,
Cam Davis,0,0,0,0,0,4,,,
Christiaan Bezuidenhout,-0.4,-1.39,-0.04,0.53,0.13,1,0.131,0.6667,1.0
Christiaan Bezuidenhout,-0.4,-1.39,-0.04,0.53,0.13,1,-4.615,0.5455,2.0
Christiaan Bezuidenhout,-0.4,-1.39,-0.04,0.53,0.13,1,0.0,0.0,3.0
Christiaan Bezuidenhout,-0.4,-1.39,-0.04,0.53,0.13,1,0.0,0.0,4.0
Christiaan Bezuidenhout,0.14,1.67,-3.14,-4.76,-4.62,2,0.131,0.6667,1.0
Christiaan Bezuidenhout,0.14,1.67,-3.14,-4.76,-4.62,2,-4.615,0.5455,2.0
Christiaan Bezuidenhout,0.14,1.67,-3.14,-4.76,-4.62,2,0.0,0.0,3.0
Christiaan Bezuidenhout,0.14,1.67,-3.14,-4.76,-4.62,2,0.0,0.0,4.0
Christiaan Bezuidenhout,0,0,0,0,0,3,0.131,0.6667,1.0
Christiaan Bezuidenhout,0,0,0,0,0,3,-4.615,0.5455,2.0
Christiaan Bezuidenhout,0,0,0,0,0,3,0.0,0.0,3.0
Christiaan Bezuidenhout,0,0,0,0,0,3,0.0,0.0,4.0
Christiaan Bezuidenhout,0,0,0,0,0,4,0.131,0.6667,1.0
Christiaan Bezuidenhout,0,0,0,0,0,4,-4.615,0.5455,2.0
Christiaan Bezuidenhout,0,0,0,0,0,4,0.0,0.0,3.0
Christiaan Bezuidenhout,0,0,0,0,0,4,0.0,0.0,4.0
Mark Hubbard,0.88,-2.02,0.09,-1.75,-0.87,1,-0.869,0.375,1.0
Mark Hubbard,0.88,-2.02,0.09,-1.75,-0.87,1,-3.615,0.375,2.0
Mark Hubbard,0.88,-2.02,0.09,-1.75,-0.87,1,0.0,0.0,3.0
Mark Hubbard,0.88,-2.02,0.09,-1.75,-0.87,1,0.0,0.0,4.0
Mark Hubbard,-2.56,0.59,-2.14,-1.05,-3.62,2,-0.869,0.375,1.0
Mark Hubbard,-2.56,0.59,-2.14,-1.05,-3.62,2,-3.615,0.375,2.0
Mark Hubbard,-2.56,0.59,-2.14,-1.05,-3.62,2,0.0,0.0,3.0
Mark Hubbard,-2.56,0.59,-2.14,-1.05,-3.62,2,0.0,0.0,4.0
Mark Hubbard,0,0,0,0,0,3,-0.869,0.375,1.0
Mark Hubbard,0,0,0,0,0,3,-3.615,0.375,2.0
Mark Hubbard,0,0,0,0,0,3,0.0,0.0,3.0
Mark Hubbard,0,0,0,0,0,3,0.0,0.0,4.0
Mark Hubbard,0,0,0,0,0,4,-0.869,0.375,1.0
Mark Hubbard,0,0,0,0,0,4,-3.615,0.375,2.0
Mark Hubbard,0,0,0,0,0,4,0.0,0.0,3.0
Mark Hubbard,0,0,0,0,0,4,0.0,0.0,4.0
Joel Dahmen,-2.92,-1.18,-0.15,-0.95,-3.87,1,-3.869,0.4545,1.0
Joel Dahmen,-2.92,-1.18,-0.15,-0.95,-3.87,1,-0.615,0.6667,2.0
Joel Dahmen,-2.92,-1.18,-0.15,-0.95,-3.87,1,0.0,0.0,3.0
Joel Dahmen,-2.92,-1.18,-0.15,-0.95,-3.87,1,0.0,0.0,4.0
Joel Dahmen,-1.2,0.06,-0.53,0.58,-0.61,2,-3.869,0.4545,1.0
Joel Dahmen,-1.2,0.06,-0.53,0.58,-0.61,2,-0.615,0.6667,2.0
Joel Dahmen,-1.2,0.06,-0.53,0.58,-0.61,2,0.0,0.0,3.0
Joel Dahmen,-1.2,0.06,-0.53,0.58,-0.61,2,0.0,0.0,4.0
Joel Dahmen,0,0,0,0,0,3,-3.869,0.4545,1.0
Joel Dahmen,0,0,0,0,0,3,-0.615,0.6667,2.0
Joel Dahmen,0,0,0,0,0,3,0.0,0.0,3.0
Joel Dahmen,0,0,0,0,0,3,0.0,0.0,4.0
Joel Dahmen,0,0,0,0,0,4,-3.869,0.4545,1.0
Joel Dahmen,0,0,0,0,0,4,-0.615,0.6667,2.0
Joel Dahmen,0,0,0,0,0,4,0.0,0.0,3.0
Joel Dahmen,0,0,0,0,0,4,0.0,0.0,4.0
Zecheng Dou,0.57,-1.95,-0.97,-3.44,-2.87,1,-2.869,0.5455,1.0
Zecheng Dou,0.57,-1.95,-0.97,-3.44,-2.87,1,-1.615,0.5,2.0
Zecheng Dou,0.57,-1.95,-0.97,-3.44,-2.87,1,0.0,0.0,3.0
Zecheng Dou,0.57,-1.95,-0.97,-3.44,-2.87,1,0.0,0.0,4.0
Zecheng Dou,-1.51,2.22,-1.2,-0.1,-1.61,2,-2.869,0.5455,1.0
Zecheng Dou,-1.51,2.22,-1.2,-0.1,-1.61,2,-1.615,0.5,2.0
Zecheng Dou,-1.51,2.22,-1.2,-0.1,-1.61,2,0.0,0.0,3.0
Zecheng Dou,-1.51,2.22,-1.2,-0.1,-1.61,2,0.0,0.0,4.0
Zecheng Dou,0,0,0,0,0,3,-2.869,0.5455,1.0
Zecheng Dou,0,0,0,0,0,3,-1.615,0.5,2.0
Zecheng Dou,0,0,0,0,0,3,0.0,0.0,3.0
Zecheng Dou,0,0,0,0,0,3,0.0,0.0,4.0
Zecheng Dou,0,0,0,0,0,4,-2.869,0.5455,1.0
Zecheng Dou,0,0,0,0,0,4,-1.615,0.5,2.0
Zecheng Dou,0,0,0,0,0,4,0.0,0.0,3.0
Zecheng Dou,0,0,0,0,0,4,0.0,0.0,4.0
Denny Mccarthy,-2.26,-0.66,-0.86,-0.61,-2.87,1,,,
Denny Mccarthy,-0.1,-0.45,-2.79,-2.52,-2.62,2,,,
Denny Mccarthy,0,0,0,0,0,3,,,
Denny Mccarthy,0,0,0,0,0,4,,,
Mackenzie Hughes,1.42,0.55,-3.23,-2.29,-0.87,1,-0.869,0.5,1.0
Mackenzie Hughes,1.42,0.55,-3.23,-2.29,-0.87,1,-4.615,0.2857,2.0
Mackenzie Hughes,1.42,0.55,-3.23,-2.29,-0.87,1,0.0,0.0,3.0
Mackenzie Hughes,1.42,0.55,-3.23,-2.29,-0.87,1,0.0,0.0,4.0
Mackenzie Hughes,-1.56,-1.71,-0.82,-3.06,-4.62,2,-0.869,0.5,1.0
Mackenzie Hughes,-1.56,-1.71,-0.82,-3.06,-4.62,2,-4.615,0.2857,2.0
Mackenzie Hughes,-1.56,-1.71,-0.82,-3.06,-4.62,2,0.0,0.0,3.0
Mackenzie Hughes,-1.56,-1.71,-0.82,-3.06,-4.62,2,0.0,0.0,4.0
Mackenzie Hughes,0,0,0,0,0,3,-0.869,0.5,1.0
Mackenzie Hughes,0,0,0,0,0,3,-4.615,0.2857,2.0
Mackenzie Hughes,0,0,0,0,0,3,0.0,0.0,3.0
Mackenzie Hughes,0,0,0,0,0,3,0.0,0.0,4.0
Mackenzie Hughes,0,0,0,0,0,4,-0.869,0.5,1.0
Mackenzie Hughes,0,0,0,0,0,4,-4.615,0.2857,2.0
Mackenzie Hughes,0,0,0,0,0,4,0.0,0.0,3.0
Mackenzie Hughes,0,0,0,0,0,4,0.0,0.0,4.0
Aldrich Potgieter,-1.51,-0.34,1.92,0.64,-0.87,1,-0.869,0.4444,1.0
Aldrich Potgieter,-1.51,-0.34,1.92,0.64,-0.87,1,-4.615,0.4444,2.0
Aldrich Potgieter,-1.51,-0.34,1.92,0.64,-0.87,1,0.0,0.0,3.0
Aldrich Potgieter,-1.51,-0.34,1.92,0.64,-0.87,1,0.0,0.0,4.0
Aldrich Potgieter,-2.63,-0.75,-1.02,-1.98,-4.62,2,-0.869,0.4444,1.0
Aldrich Potgieter,-2.63,-0.75,-1.02,-1.98,-4.62,2,-4.615,0.4444,2.0
Aldrich Potgieter,-2.63,-0.75,-1.02,-1.98,-4.62,2,0.0,0.0,3.0
Aldrich Potgieter,-2.63,-0.75,-1.02,-1.98,-4.62,2,0.0,0.0,4.0
Aldrich Potgieter,0,0,0,0,0,3,-0.869,0.4444,1.0
Aldrich Potgieter,0,0,0,0,0,3,-4.615,0.4444,2.0
Aldrich Potgieter,0,0,0,0,0,3,0.0,0.0,3.0
Aldrich Potgieter,0,0,0,0,0,3,0.0,0.0,4.0
Aldrich Potgieter,0,0,0,0,0,4,-0.869,0.4444,1.0
Aldrich Potgieter,0,0,0,0,0,4,-4.615,0.4444,2.0
Aldrich Potgieter,0,0,0,0,0,4,0.0,0.0,3.0
Aldrich Potgieter,0,0,0,0,0,4,0.0,0.0,4.0
Marco Penge,0.09,-0.42,1.86,-1.96,-1.87,1,-1.869,0.5556,1.0
Marco Penge,0.09,-0.42,1.86,-1.96,-1.87,1,-3.615,0.4286,2.0
Marco Penge,0.09,-0.42,1.86,-1.96,-1.87,1,0.0,0.0,3.0
Marco Penge,0.09,-0.42,1.86,-1.96,-1.87,1,0.0,0.0,4.0
Marco Penge,-0.62,-3.25,0.8,-2.99,-3.62,2,-1.869,0.5556,1.0
Marco Penge,-0.62,-3.25,0.8,-2.99,-3.62,2,-3.615,0.4286,2.0
Marco Penge,-0.62,-3.25,0.8,-2.99,-3.62,2,0.0,0.0,3.0
Marco Penge,-0.62,-3.25,0.8,-2.99,-3.62,2,0.0,0.0,4.0
Marco Penge,0,0,0,0,0,3,-1.869,0.5556,1.0
Marco Penge,0,0,0,0,0,3,-3.615,0.4286,2.0
Marco Penge,0,0,0,0,0,3,0.0,0.0,3.0
Marco Penge,0,0,0,0,0,3,0.0,0.0,4.0
Marco Penge,0,0,0,0,0,4,-1.869,0.5556,1.0
Marco Penge,0,0,0,0,0,4,-3.615,0.4286,2.0
Marco Penge,0,0,0,0,0,4,0.0,0.0,3.0
Marco Penge,0,0,0,0,0,4,0.0,0.0,4.0
Patton Kizzire,-2.15,0.02,-3.98,-4.72,-6.87,1,-6.869,0.2727,1.0
Patton Kizzire,-2.15,0.02,-3.98,-4.72,-6.87,1,0.385,0.7143,2.0
Patton Kizzire,-2.15,0.02,-3.98,-4.72,-6.87,1,0.0,0.0,3.0
Patton Kizzire,-2.15,0.02,-3.98,-4.72,-6.87,1,0.0,0.0,4.0
Patton Kizzire,-0.79,1.38,-1.22,1.17,0.39,2,-6.869,0.2727,1.0
Patton Kizzire,-0.79,1.38,-1.22,1.17,0.39,2,0.385,0.7143,2.0
Patton Kizzire,-0.79,1.38,-1.22,1.17,0.39,2,0.0,0.0,3.0
Patton Kizzire,-0.79,1.38,-1.22,1.17,0.39,2,0.0,0.0,4.0
Patton Kizzire,0,0,0,0,0,3,-6.869,0.2727,1.0
Patton Kizzire,0,0,0,0,0,3,0.385,0.7143,2.0
Patton Kizzire,0,0,0,0,0,3,0.0,0.0,3.0
Patton Kizzire,0,0,0,0,0,3,0.0,0.0,4.0
Patton Kizzire,0,0,0,0,0,4,-6.869,0.2727,1.0
Patton Kizzire,0,0,0,0,0,4,0.385,0.7143,2.0
Patton Kizzire,0,0,0,0,0,4,0.0,0.0,3.0
Patton Kizzire,0,0,0,0,0,4,0.0,0.0,4.0
Garrick Higgo,0.54,-1.5,-0.34,-3.4,-2.87,1,-2.869,0.4444,1.0
Garrick Higgo,0.54,-1.5,-0.34,-3.4,-2.87,1,-3.615,0.1429,2.0
Garrick Higgo,0.54,-1.5,-0.34,-3.4,-2.87,1,0.0,0.0,3.0
Garrick Higgo,0.54,-1.5,-0.34,-3.4,-2.87,1,0.0,0.0,4.0
Garrick Higgo,-0.98,-1.23,0.15,-2.64,-3.62,2,-2.869,0.4444,1.0
Garrick Higgo,-0.98,-1.23,0.15,-2.64,-3.62,2,-3.615,0.1429,2.0
Garrick Higgo,-0.98,-1.23,0.15,-2.64,-3.62,2,0.0,0.0,3.0
Garrick Higgo,-0.98,-1.23,0.15,-2.64,-3.62,2,0.0,0.0,4.0
Garrick Higgo,0,0,0,0,0,3,-2.869,0.4444,1.0
Garrick Higgo,0,0,0,0,0,3,-3.615,0.1429,2.0
Garrick Higgo,0,0,0,0,0,3,0.0,0.0,3.0
Garrick Higgo,0,0,0,0,0,3,0.0,0.0,4.0
Garrick Higgo,0,0,0,0,0,4,-2.869,0.4444,1.0
Garrick Higgo,0,0,0,0,0,4,-3.615,0.1429,2.0
Garrick Higgo,0,0,0,0,0,4,0.0,0.0,3.0
Garrick Higgo,0,0,0,0,0,4,0.0,0.0,4.0
Jordan Smith,-2.11,-0.76,0.35,-3.76,-5.87,1,,,
Jordan Smith,-1.11,-1.01,1.66,0.49,-0.61,2,,,
Jordan Smith,0,0,0,0,0,3,,,
Jordan Smith,0,0,0,0,0,4,,,
Sami Valimaki,-0.98,-1.29,-2.12,-3.88,-4.87,1,-4.869,0.4286,1.0
Sami Valimaki,-0.98,-1.29,-2.12,-3.88,-4.87,1,-1.615,0.8889,2.0
Sami Valimaki,-0.98,-1.29,-2.12,-3.88,-4.87,1,0.0,0.0,3.0
Sami Valimaki,-0.98,-1.29,-2.12,-3.88,-4.87,1,0.0,0.0,4.0
Sami Valimaki,-1.35,-0.25,-1.38,-0.27,-1.61,2,-4.869,0.4286,1.0
Sami Valimaki,-1.35,-0.25,-1.38,-0.27,-1.61,2,-1.615,0.8889,2.0
Sami Valimaki,-1.35,-0.25,-1.38,-0.27,-1.61,2,0.0,0.0,3.0
Sami Valimaki,-1.35,-0.25,-1.38,-0.27,-1.61,2,0.0,0.0,4.0
Sami Valimaki,0,0,0,0,0,3,-4.869,0.4286,1.0
Sami Valimaki,0,0,0,0,0,3,-1.615,0.8889,2.0
Sami Valimaki,0,0,0,0,0,3,0.0,0.0,3.0
Sami Valimaki,0,0,0,0,0,3,0.0,0.0,4.0
Sami Valimaki,0,0,0,0,0,4,-4.869,0.4286,1.0
Sami Valimaki,0,0,0,0,0,4,-1.615,0.8889,2.0
Sami Valimaki,0,0,0,0,0,4,0.0,0.0,3.0
Sami Valimaki,0,0,0,0,0,4,0.0,0.0,4.0
Karl Vilips,2.5,0.89,-1.08,-2.36,0.13,1,0.131,0.6364,1.0
Karl Vilips,2.5,0.89,-1.08,-2.36,0.13,1,-6.615,0.5,2.0
Karl Vilips,2.5,0.89,-1.08,-2.36,0.13,1,0.0,0.0,3.0
Karl Vilips,2.5,0.89,-1.08,-2.36,0.13,1,0.0,0.0,4.0
Karl Vilips,-1.83,0.94,-5.17,-4.79,-6.62,2,0.131,0.6364,1.0
Karl Vilips,-1.83,0.94,-5.17,-4.79,-6.62,2,-6.615,0.5,2.0
Karl Vilips,-1.83,0.94,-5.17,-4.79,-6.62,2,0.0,0.0,3.0
Karl Vilips,-1.83,0.94,-5.17,-4.79,-6.62,2,0.0,0.0,4.0
Karl Vilips,0,0,0,0,0,3,0.131,0.6364,1.0
Karl Vilips,0,0,0,0,0,3,-6.615,0.5,2.0
Karl Vilips,0,0,0,0,0,3,0.0,0.0,3.0
Karl Vilips,0,0,0,0,0,3,0.0,0.0,4.0
Karl Vilips,0,0,0,0,0,4,0.131,0.6364,1.0
Karl Vilips,0,0,0,0,0,4,-6.615,0.5,2.0
Karl Vilips,0,0,0,0,0,4,0.0,0.0,3.0
Karl Vilips,0,0,0,0,0,4,0.0,0.0,4.0
Max Greyserman,2.63,1.69,-3.7,-2.5,0.13,1,0.131,0.5,1.0
Max Greyserman,2.63,1.69,-3.7,-2.5,0.13,1,-7.615,0.4167,2.0
Max Greyserman,2.63,1.69,-3.7,-2.5,0.13,1,0.0,0.0,3.0
Max Greyserman,2.63,1.69,-3.7,-2.5,0.13,1,0.0,0.0,4.0
Max Greyserman,-1.71,-0.82,-2.08,-5.9,-7.62,2,0.131,0.5,1.0
Max Greyserman,-1.71,-0.82,-2.08,-5.9,-7.62,2,-7.615,0.4167,2.0
Max Greyserman,-1.71,-0.82,-2.08,-5.9,-7.62,2,0.0,0.0,3.0
Max Greyserman,-1.71,-0.82,-2.08,-5.9,-7.62,2,0.0,0.0,4.0
Max Greyserman,0,0,0,0,0,3,0.131,0.5,1.0
Max Greyserman,0,0,0,0,0,3,-7.615,0.4167,2.0
Max Greyserman,0,0,0,0,0,3,0.0,0.0,3.0
Max Greyserman,0,0,0,0,0,3,0.0,0.0,4.0
Max Greyserman,0,0,0,0,0,4,0.131,0.5,1.0
Max Greyserman,0,0,0,0,0,4,-7.615,0.4167,2.0
Max Greyserman,0,0,0,0,0,4,0.0,0.0,3.0
Max Greyserman,0,0,0,0,0,4,0.0,0.0,4.0
Tom Hoge,-0.47,0.7,-1.16,0.6,0.13,1,0.131,0.6667,1.0
Tom Hoge,-0.47,0.7,-1.16,0.6,0.13,1,-7.615,0.5,2.0
Tom Hoge,-0.47,0.7,-1.16,0.6,0.13,1,0.0,0.0,3.0
Tom Hoge,-0.47,0.7,-1.16,0.6,0.13,1,0.0,0.0,4.0
Tom Hoge,-1.73,-0.55,-2.44,-5.89,-7.62,2,0.131,0.6667,1.0
Tom Hoge,-1.73,-0.55,-2.44,-5.89,-7.62,2,-7.615,0.5,2.0
Tom Hoge,-1.73,-0.55,-2.44,-5.89,-7.62,2,0.0,0.0,3.0
Tom Hoge,-1.73,-0.55,-2.44,-5.89,-7.62,2,0.0,0.0,4.0
Tom Hoge,0,0,0,0,0,3,0.131,0.6667,1.0
Tom Hoge,0,0,0,0,0,3,-7.615,0.5,2.0
Tom Hoge,0,0,0,0,0,3,0.0,0.0,3.0
Tom Hoge,0,0,0,0,0,3,0.0,0.0,4.0
Tom Hoge,0,0,0,0,0,4,0.131,0.6667,1.0
Tom Hoge,0,0,0,0,0,4,-7.615,0.5,2.0
Tom Hoge,0,0,0,0,0,4,0.0,0.0,3.0
Tom Hoge,0,0,0,0,0,4,0.0,0.0,4.0
A.J. Ewart,0.49,-2.88,0.01,-5.36,-4.87,1,-4.869,0.3636,1.0
A.J. Ewart,0.49,-2.88,0.01,-5.36,-4.87,1,-2.615,0.6,2.0
A.J. Ewart,0.49,-2.88,0.01,-5.36,-4.87,1,0.0,0.0,3.0
A.J. Ewart,0.49,-2.88,0.01,-5.36,-4.87,1,0.0,0.0,4.0
A.J. Ewart,-0.8,-0.37,-0.44,-1.82,-2.62,2,-4.869,0.3636,1.0
A.J. Ewart,-0.8,-0.37,-0.44,-1.82,-2.62,2,-2.615,0.6,2.0
A.J. Ewart,-0.8,-0.37,-0.44,-1.82,-2.62,2,0.0,0.0,3.0
A.J. Ewart,-0.8,-0.37,-0.44,-1.82,-2.62,2,0.0,0.0,4.0
A.J. Ewart,0,0,0,0,0,3,-4.869,0.3636,1.0
A.J. Ewart,0,0,0,0,0,3,-2.615,0.6,2.0
A.J. Ewart,0,0,0,0,0,3,0.0,0.0,3.0
A.J. Ewart,0,0,0,0,0,3,0.0,0.0,4.0
A.J. Ewart,0,0,0,0,0,4,-4.869,0.3636,1.0
A.J. Ewart,0,0,0,0,0,4,-2.615,0.6,2.0
A.J. Ewart,0,0,0,0,0,4,0.0,0.0,3.0
A.J. Ewart,0,0,0,0,0,4,0.0,0.0,4.0
Michael Kim,0.91,0.9,-0.89,-0.78,0.13,1,0.131,0.5,1.0
Michael Kim,0.91,0.9,-0.89,-0.78,0.13,1,-8.615,0.3333,2.0
Michael Kim,0.91,0.9,-0.89,-0.78,0.13,1,0.0,0.0,3.0
Michael Kim,0.91,0.9,-0.89,-0.78,0.13,1,0.0,0.0,4.0
Michael Kim,-2.03,-2.48,0.66,-6.58,-8.62,2,0.131,0.5,1.0
Michael Kim,-2.03,-2.48,0.66,-6.58,-8.62,2,-8.615,0.3333,2.0
Michael Kim,-2.03,-2.48,0.66,-6.58,-8.62,2,0.0,0.0,3.0
Michael Kim,-2.03,-2.48,0.66,-6.58,-8.62,2,0.0,0.0,4.0
Michael Kim,0,0,0,0,0,3,0.131,0.5,1.0
Michael Kim,0,0,0,0,0,3,-8.615,0.3333,2.0
Michael Kim,0,0,0,0,0,3,0.0,0.0,3.0
Michael Kim,0,0,0,0,0,3,0.0,0.0,4.0
Michael Kim,0,0,0,0,0,4,0.131,0.5,1.0
Michael Kim,0,0,0,0,0,4,-8.615,0.3333,2.0
Michael Kim,0,0,0,0,0,4,0.0,0.0,3.0
Michael Kim,0,0,0,0,0,4,0.0,0.0,4.0
Kevin Yu,-5.17,1.17,0.12,-1.7,-6.87,1,-6.869,0.3333,1.0
Kevin Yu,-5.17,1.17,0.12,-1.7,-6.87,1,-5.615,0.2,2.0
Kevin Yu,-5.17,1.17,0.12,-1.7,-6.87,1,0.0,0.0,3.0
Kevin Yu,-5.17,1.17,0.12,-1.7,-6.87,1,0.0,0.0,4.0
Kevin Yu,-3.9,-1.85,0.24,-1.71,-5.62,2,-6.869,0.3333,1.0
Kevin Yu,-3.9,-1.85,0.24,-1.71,-5.62,2,-5.615,0.2,2.0
Kevin Yu,-3.9,-1.85,0.24,-1.71,-5.62,2,0.0,0.0,3.0
Kevin Yu,-3.9,-1.85,0.24,-1.71,-5.62,2,0.0,0.0,4.0
Kevin Yu,0,0,0,0,0,3,-6.869,0.3333,1.0
Kevin Yu,0,0,0,0,0,3,-5.615,0.2,2.0
Kevin Yu,0,0,0,0,0,3,0.0,0.0,3.0
Kevin Yu,0,0,0,0,0,3,0.0,0.0,4.0
Kevin Yu,0,0,0,0,0,4,-6.869,0.3333,1.0
Kevin Yu,0,0,0,0,0,4,-5.615,0.2,2.0
Kevin Yu,0,0,0,0,0,4,0.0,0.0,3.0
Kevin Yu,0,0,0,0,0,4,0.0,0.0,4.0
Chandler Phillips,-0.74,-1.37,0.07,-6.13,-6.87,1,-6.869,0.4167,1.0
Chandler Phillips,-0.74,-1.37,0.07,-6.13,-6.87,1,-5.615,0.4167,2.0
Chandler Phillips,-0.74,-1.37,0.07,-6.13,-6.87,1,0.0,0.0,3.0
Chandler Phillips,-0.74,-1.37,0.07,-6.13,-6.87,1,0.0,0.0,4.0
Chandler Phillips,-1.58,-2.31,0.96,-4.03,-5.62,2,-6.869,0.4167,1.0
Chandler Phillips,-1.58,-2.31,0.96,-4.03,-5.62,2,-5.615,0.4167,2.0
Chandler Phillips,-1.58,-2.31,0.96,-4.03,-5.62,2,0.0,0.0,3.0
Chandler Phillips,-1.58,-2.31,0.96,-4.03,-5.62,2,0.0,0.0,4.0
Chandler Phillips,0,0,0,0,0,3,-6.869,0.4167,1.0
Chandler Phillips,0,0,0,0,0,3,-5.615,0.4167,2.0
Chandler Phillips,0,0,0,0,0,3,0.0,0.0,3.0
Chandler Phillips,0,0,0,0,0,3,0.0,0.0,4.0
Chandler Phillips,0,0,0,0,0,4,-6.869,0.4167,1.0
Chandler Phillips,0,0,0,0,0,4,-5.615,0.4167,2.0
Chandler Phillips,0,0,0,0,0,4,0.0,0.0,3.0
Chandler Phillips,0,0,0,0,0,4,0.0,0.0,4.0
Pierceson Coody,-0.74,-0.81,-1.73,-1.13,-1.87,1,-1.869,0.4286,1.0
Pierceson Coody,-0.74,-0.81,-1.73,-1.13,-1.87,1,-10.615,0.3,2.0
Pierceson Coody,-0.74,-0.81,-1.73,-1.13,-1.87,1,0.0,0.0,3.0
Pierceson Coody,-0.74,-0.81,-1.73,-1.13,-1.87,1,0.0,0.0,4.0
Pierceson Coody,-3.49,-6.1,0.17,-7.12,-10.62,2,-1.869,0.4286,1.0
Pierceson Coody,-3.49,-6.1,0.17,-7.12,-10.62,2,-10.615,0.3,2.0
Pierceson Coody,-3.49,-6.1,0.17,-7.12,-10.62,2,0.0,0.0,3.0
Pierceson Coody,-3.49,-6.1,0.17,-7.12,-10.62,2,0.0,0.0,4.0
Pierceson Coody,0,0,0,0,0,3,-1.869,0.4286,1.0
Pierceson Coody,0,0,0,0,0,3,-10.615,0.3,2.0
Pierceson Coody,0,0,0,0,0,3,0.0,0.0,3.0
Pierceson Coody,0,0,0,0,0,3,0.0,0.0,4.0
Pierceson Coody,0,0,0,0,0,4,-1.869,0.4286,1.0
Pierceson Coody,0,0,0,0,0,4,-10.615,0.3,2.0
Pierceson Coody,0,0,0,0,0,4,0.0,0.0,3.0
Pierceson Coody,0,0,0,0,0,4,0.0,0.0,4.0
Emiliano Grillo,-2.27,0.55,-0.61,-8.6,-10.87,1,-10.869,0.1,1.0
Emiliano Grillo,-2.27,0.55,-0.61,-8.6,-10.87,1,-4.615,0.4444,2.0
Emiliano Grillo,-2.27,0.55,-0.61,-8.6,-10.87,1,0.0,0.0,3.0
Emiliano Grillo,-2.27,0.55,-0.61,-8.6,-10.87,1,0.0,0.0,4.0
Emiliano Grillo,0.2,-0.42,-6.07,-4.82,-4.62,2,-10.869,0.1,1.0
Emiliano Grillo,0.2,-0.42,-6.07,-4.82,-4.62,2,-4.615,0.4444,2.0
Emiliano Grillo,0.2,-0.42,-6.07,-4.82,-4.62,2,0.0,0.0,3.0
Emiliano Grillo,0.2,-0.42,-6.07,-4.82,-4.62,2,0.0,0.0,4.0
Emiliano Grillo,0,0,0,0,0,3,-10.869,0.1,1.0
Emiliano Grillo,0,0,0,0,0,3,-4.615,0.4444,2.0
Emiliano Grillo,0,0,0,0,0,3,0.0,0.0,3.0
Emiliano Grillo,0,0,0,0,0,3,0.0,0.0,4.0
Emiliano Grillo,0,0,0,0,0,4,-10.869,0.1,1.0
Emiliano Grillo,0,0,0,0,0,4,-4.615,0.4444,2.0
Emiliano Grillo,0,0,0,0,0,4,0.0,0.0,3.0
Emiliano Grillo,0,0,0,0,0,4,0.0,0.0,4.0
Davis Riley,-2.46,-1.98,-4.49,-8.4,-10.87,1,-10.869,0.1111,1.0
Davis Riley,-2.46,-1.98,-4.49,-8.4,-10.87,1,-6.615,0.3333,2.0
Davis Riley,-2.46,-1.98,-4.49,-8.4,-10.87,1,0.0,0.0,3.0
Davis Riley,-2.46,-1.98,-4.49,-8.4,-10.87,1,0.0,0.0,4.0
Davis Riley,-0.11,0.33,-4.64,-6.5,-6.62,2,-10.869,0.1111,1.0
Davis Riley,-0.11,0.33,-4.64,-6.5,-6.62,2,-6.615,0.3333,2.0
Davis Riley,-0.11,0.33,-4.64,-6.5,-6.62,2,0.0,0.0,3.0
Davis Riley,-0.11,0.33,-4.64,-6.5,-6.62,2,0.0,0.0,4.0
Davis Riley,0,0,0,0,0,3,-10.869,0.1111,1.0
Davis Riley,0,0,0,0,0,3,-6.615,0.3333,2.0
Davis Riley,0,0,0,0,0,3,0.0,0.0,3.0
Davis Riley,0,0,0,0,0,3,0.0,0.0,4.0
Davis Riley,0,0,0,0,0,4,-10.869,0.1111,1.0
Davis Riley,0,0,0,0,0,4,-6.615,0.3333,2.0
Davis Riley,0,0,0,0,0,4,0.0,0.0,3.0
Davis Riley,0,0,0,0,0,4,0.0,0.0,4.0
