Player,SG Putting,SG Around Green,SG Approach,SG Tee To Green,SG Total,Rounds,Scrambling
matt fitzpatrick,-0.64,0.01,0.78,4.4,3.76,1,1.0
matt fitzpatrick,0.1,1.84,-0.21,2.6,2.69,2,0.5714
matt fitzpatrick,1.07,-0.48,1.61,1.99,3.05,3,1.0
matt fitzpatrick,0.07,0.99,1.14,2.63,2.7,4,1.0
david lipsky,2.95,2.17,0.11,-0.19,2.76,1,0.9
david lipsky,2.96,0.9,1.02,3.73,6.69,2,1.0
david lipsky,0.36,0.81,-0.95,0.69,1.05,3,0.5
david lipsky,-1.4,1.18,-0.75,2.1,0.7,4,0.875
jordan smith,-0.8,0.51,0.38,3.56,2.76,1,0.8
jordan smith,0.52,1.15,1.52,3.18,3.69,2,0.3333
jordan smith,-0.72,-0.02,0.39,-0.23,-0.95,3,0.625
jordan smith,1.26,0.77,1.56,3.44,4.7,4,0.6667
sungjae im,4.61,-0.9,0.2,3.15,7.76,1,0.5
sungjae im,0.36,1.99,-0.44,2.33,2.69,2,0.625
sungjae im,2.23,-0.07,-0.04,-0.17,2.05,3,0.6667
sungjae im,-1.9,1.42,-0.9,-1.4,-3.3,4,0.5833
xander schauffele,-0.79,0.42,0.32,4.55,3.76,1,1.0
xander schauffele,-0.02,0.27,-0.84,-0.28,-0.31,2,0.4286
xander schauffele,1.4,-0.85,0.36,-1.34,0.05,3,0.9091
xander schauffele,2.15,-0.11,1.75,3.56,5.7,4,1.0
marco penge,0.96,1.17,0.51,1.8,2.76,1,0.8333
marco penge,3.45,-1.6,0.46,0.24,3.69,2,0.5
marco penge,1.01,-0.28,0.89,2.05,3.05,3,0.5
marco penge,-1.63,0.41,2.12,1.33,-0.3,4,0.5556
patrick cantlay,2.06,-1.41,-0.07,-0.3,1.76,1,0.5
patrick cantlay,1.62,0.51,0.73,1.08,2.69,2,0.8571
patrick cantlay,-1.85,0.34,0.73,1.91,0.05,3,0.6667
patrick cantlay,1.82,1.49,0.08,1.88,3.7,4,0.8571
stephan jaeger,0.45,2.13,-0.17,0.31,0.76,1,0.5455
stephan jaeger,0.16,-0.23,-0.59,-0.47,-0.31,2,0.8
stephan jaeger,-0.43,0.52,0.04,3.49,3.05,3,1.0
stephan jaeger,1.59,1.14,1.43,3.11,4.7,4,1.0
emiliano grillo,0.36,0.36,0.55,0.4,0.76,1,0.7
emiliano grillo,-1.19,2.26,0.14,2.88,1.69,2,0.8889
emiliano grillo,-0.53,-0.89,1.2,0.58,0.05,3,0.5
emiliano grillo,2.48,-0.2,0.82,3.22,5.7,4,0.6667
s.h. kim,1.47,-0.77,-0.32,-1.71,-0.24,1,0.6667
s.h. kim,-0.26,2.3,-0.13,3.96,3.69,2,0.8571
s.h. kim,3.6,-0.83,0.6,0.46,4.05,3,0.6667
s.h. kim,-0.97,1.08,-0.44,1.67,0.7,4,0.5714
jordan spieth,-0.33,1.25,-0.02,3.09,2.76,1,0.6667
jordan spieth,4.51,-1.01,-0.14,-2.81,1.69,2,0.6
jordan spieth,-1.74,0.47,1.14,1.79,0.05,3,0.6667
jordan spieth,-0.93,-1.01,0.61,3.63,2.7,4,0.75
matthieu pavon,0.35,0.6,1.6,1.41,1.76,1,0.75
matthieu pavon,2.51,-0.09,-0.15,-0.81,1.69,2,0.7778
matthieu pavon,-0.49,0.43,0.85,1.54,1.05,3,0.7778
matthieu pavon,4.27,0.06,-0.67,-1.57,2.7,4,0.875
a.j. ewart,0.83,0.76,0.02,-0.07,0.76,1,0.625
a.j. ewart,-0.29,-0.86,-0.42,-0.01,-0.31,2,0.7143
a.j. ewart,2.19,0.51,-2.63,0.86,3.05,3,1.0
a.j. ewart,1.31,1.33,0.3,2.4,3.7,4,0.8333
gary woodland,-1.38,1.85,1.15,3.14,1.76,1,0.7778
gary woodland,-0.51,-0.24,1.46,4.21,3.69,2,0.75
gary woodland,-0.25,-0.68,0.01,0.31,0.05,3,0.7143
gary woodland,2.6,-1.23,-0.49,-1.9,0.7,4,0.5
jacob bridgeman,1.45,0.82,0.77,2.31,3.76,1,1.0
jacob bridgeman,0.38,-1.84,-0.19,1.32,1.69,2,0.4
jacob bridgeman,0.39,-1.71,1.14,-1.34,-0.95,3,0.2
jacob bridgeman,1.33,0.13,0.71,0.37,1.7,4,0.9091
corey conners,0.37,2.49,-1.22,2.4,2.76,1,0.6667
corey conners,0.86,0.68,0.08,1.83,2.69,2,0.8889
corey conners,-1.05,-0.01,1.41,2.1,1.05,3,0.6667
corey conners,-0.35,-1.31,-0.95,0.05,-0.3,4,0.5
hank lebioda,0.08,-0.49,0.06,0.69,0.76,1,0.5714
hank lebioda,-0.8,0.9,1.07,4.49,3.69,2,0.75
hank lebioda,-0.9,-0.7,0.16,-1.04,-1.95,3,0.1667
hank lebioda,-0.72,0.48,0.33,4.42,3.7,4,0.8
brooks koepka,1.82,-2.06,-0.17,-1.06,0.76,1,0.6667
brooks koepka,-0.04,-0.24,0.56,4.73,4.69,2,0.25
brooks koepka,0.66,2.33,-2.03,-0.6,0.05,3,0.75
brooks koepka,-0.44,-1.86,1.15,0.14,-0.3,4,0.4
tony finau,-0.11,1.34,-0.93,2.88,2.76,1,0.6667
tony finau,0.07,2.74,-0.93,2.63,2.69,2,0.9
tony finau,0.88,1.76,-1.97,-0.82,0.05,3,0.75
tony finau,-2.22,1.8,-1.42,1.92,-0.3,4,0.7778
tom kim,-0.86,1.11,0.13,3.62,2.76,1,0.5
tom kim,0.86,1.07,0.77,0.83,1.69,2,0.75
tom kim,1.7,0.09,-1.09,0.35,2.05,3,0.625
tom kim,-2.84,0.53,-1.27,1.54,-1.3,4,0.5
lee hodges,1.12,0.51,-0.59,-1.36,-0.24,1,0.625
lee hodges,-2.44,0.33,1.98,4.14,1.69,2,0.7143
lee hodges,1.03,-1.44,0.03,1.02,2.05,3,0.3333
lee hodges,0.85,0.61,0.43,0.86,1.7,4,0.8182
webb simpson,3.95,-0.1,0,-0.19,3.76,1,0.6667
webb simpson,-0.91,-0.35,-0.43,-1.39,-2.31,2,0.625
webb simpson,-0.1,0.71,1.38,1.15,1.05,3,0.5714
webb simpson,-0.12,0.97,0.07,2.82,2.7,4,0.5714
brandt snedeker,5.09,-0.04,-0.24,1.67,6.76,1,1.0
brandt snedeker,-1.47,2.21,-1.45,1.16,-0.31,2,0.4444
brandt snedeker,4.98,1.3,-0.35,-0.93,4.05,3,1.0
brandt snedeker,-2.61,0.6,0.18,-2.69,-5.3,4,0.5
danny walker,-0.46,-0.04,-1.74,-1.78,-2.24,1,0.4444
danny walker,5.27,0.73,1.45,2.42,7.69,2,1.0
danny walker,2.05,-1.01,-0.15,-2.99,-0.95,3,0.2857
danny walker,-0.32,-0.4,-1.36,1.03,0.7,4,0.375
chandler blanchet,-0.67,-1,0.74,3.43,2.76,1,0.6667
chandler blanchet,4.68,0.22,0.91,1.02,5.69,2,0.8
chandler blanchet,0.2,0.21,-0.94,-2.14,-1.95,3,0.375
chandler blanchet,-0.87,1.05,0.79,-0.42,-1.3,4,0.75
denny mccarthy,-2.06,0.4,0.42,3.83,1.76,1,0.7143
denny mccarthy,1.06,-1.19,0.51,-1.37,-0.31,2,0.8182
denny mccarthy,1.55,-1.07,-0.77,-0.49,1.05,3,0.7778
denny mccarthy,1.48,1.1,-1.25,0.22,1.7,4,0.625
dylan wu,-1.2,-0.27,-0.24,0.96,-0.24,1,0.7143
dylan wu,-1.42,1.44,1.4,2.11,0.69,2,0.8571
dylan wu,0.65,0.59,0.73,2.41,3.05,3,1.0
dylan wu,1.69,0.89,-0.53,-0.99,0.7,4,0.625
rico hoey,-0.37,0.4,1.52,1.13,0.76,1,0.5
rico hoey,1.23,1.78,-0.29,2.46,3.69,2,0.8889
rico hoey,-0.49,1.32,0.76,1.55,1.05,3,0.6667
rico hoey,-2.13,-0.69,1.04,0.83,-1.3,4,0.4286
adrien dumont de chassart,0.1,3.81,-0.57,2.66,2.76,1,0.7273
adrien dumont de chassart,0.04,0.46,0.15,0.65,0.69,2,0.75
adrien dumont de chassart,1.64,3.47,0.47,2.42,4.05,3,1.0
adrien dumont de chassart,-2.1,1.02,-2.09,-1.2,-3.3,4,0.5714
justin thomas,0.95,-0.55,0.22,-1.19,-0.24,1,0.5556
justin thomas,0.88,1.23,2.03,1.81,2.69,2,0.8571
justin thomas,-2.62,0.66,0.03,0.68,-1.95,3,0.5556
justin thomas,2.57,-0.62,0.39,0.13,2.7,4,1.0
kevin yu,-3.01,1.54,-0.62,1.77,-1.24,1,0.7143
kevin yu,2.65,1.65,-1.03,1.05,3.69,2,0.7143
kevin yu,1.59,0.93,0.37,1.46,3.05,3,0.5714
kevin yu,-0.11,-1.57,0.09,-2.19,-2.3,4,0.5
michael kim,-0.62,0.96,0.7,-1.62,-2.24,1,0.8
michael kim,2.58,0.82,0.31,0.12,2.69,2,0.75
michael kim,0.41,0.57,0.07,0.65,1.05,3,0.625
michael kim,0.71,0.8,-1.11,0.99,1.7,4,0.75
seamus power,0.02,1.5,0.18,-0.26,-0.24,1,0.6
seamus power,1.08,2.82,-0.45,2.62,3.69,2,1.0
seamus power,1.04,-0.17,0.8,0.02,1.05,3,0.7143
seamus power,-1.56,-0.44,-0.07,0.26,-1.3,4,0.75
christiaan bezuidenhout,0.61,0.01,-0.7,1.15,1.76,1,0.7143
christiaan bezuidenhout,0.09,-0.46,-0.58,-1.4,-1.31,2,0.5
christiaan bezuidenhout,1.25,0.24,1.02,-0.2,1.05,3,0.6364
christiaan bezuidenhout,-0.16,1.82,-0.79,1.86,1.7,4,0.6667
andrew putnam,4.37,1.35,-0.3,0.39,4.76,1,0.7
andrew putnam,0.86,-0.49,0.08,-2.16,-1.31,2,0.6667
andrew putnam,-1.74,0.56,0.21,0.79,-0.95,3,1.0
andrew putnam,-0.44,-0.15,0.36,1.14,0.7,4,0.8
ryo hisatsune,1.55,-0.18,0.94,-0.79,0.76,1,0.6
ryo hisatsune,0.61,0.23,0.15,0.08,0.69,2,0.8333
ryo hisatsune,0.43,0.67,1.1,1.63,2.05,3,0.7143
ryo hisatsune,-2.54,0.26,0.71,2.25,-0.3,4,0.5
david skinns,1.32,3.45,0.2,1.45,2.76,1,0.8182
david skinns,0.9,-0.53,-0.12,0.79,1.69,2,0.6667
david skinns,1.6,-1.25,0.05,-1.55,0.05,3,0.5
david skinns,1.15,-0.48,0.2,-2.45,-1.3,4,0.6667
alejandro tosti,0.59,0.77,0.97,0.17,0.76,1,1.0
alejandro tosti,2.56,-1.43,1.9,1.14,3.69,2,0.75
alejandro tosti,-1.66,-0.46,0.91,-1.29,-2.95,3,0.5
alejandro tosti,-1.65,0.45,0.39,3.35,1.7,4,0.75
jimmy stanger,-0.73,0.12,0.59,1.5,0.76,1,0.5714
jimmy stanger,-0.59,1.34,0.96,1.28,0.69,2,0.8
jimmy stanger,3.28,0.03,-0.7,-2.23,1.05,3,0.8889
jimmy stanger,-0.81,-0.51,1.85,1.51,0.7,4,0.6667
patrick rodgers,1.55,-0.12,-0.48,-0.79,0.76,1,0.625
patrick rodgers,0.8,-2.02,-0.76,-1.11,-0.31,2,0.625
patrick rodgers,1.31,-0.41,-0.09,1.74,3.05,3,0.8
patrick rodgers,-0.53,-0.21,-0.34,-0.77,-1.3,4,0.75
matti schmid,0.36,-1.3,0,-1.6,-1.24,1,0.5556
matti schmid,-1.14,1.17,-0.43,2.84,1.69,2,1.0
matti schmid,-1.74,0.81,0.96,0.79,-0.95,3,0.4256
matti schmid,2.52,-0.12,-1.66,0.18,2.7,4,0.875
doug ghim,0.86,2,0.06,2.9,3.76,1,0.8333
doug ghim,1.97,0.79,0.35,2.73,4.69,2,0.6667
doug ghim,-2.65,-0.76,0.9,-1.29,-3.95,3,0.6
doug ghim,-1.13,1.57,-0.91,-1.17,-2.3,4,0.7273
matt wallace,-3.63,-0.21,1.5,2.39,-1.24,1,0.8333
matt wallace,0.93,0.25,0.44,2.77,3.69,2,1.0
matt wallace,2.52,-1.08,0.64,-1.47,1.05,3,0.625
matt wallace,-0.78,-0.61,-0.67,-0.52,-1.3,4,0.7143
davis chatfield,0.73,1.41,0.83,2.04,2.76,1,0.875
davis chatfield,1.04,-1.31,-0.52,-3.35,-2.31,2,0.6
davis chatfield,-1.48,1.8,-0.18,4.53,3.05,3,1.0
davis chatfield,-1.24,-0.16,0.49,-0.06,-1.3,4,0.6667
blades brown,2.24,-0.55,-0.2,0.52,2.76,1,0.1429
blades brown,-0.7,-0.83,0.98,1.4,0.69,2,0.75
blades brown,-0.17,-0.58,-0.09,-1.77,-1.95,3,0.0
blades brown,-0.85,-0.69,-0.46,1.56,0.7,4,0.0
davis thompson,4.59,-0.73,0.55,1.17,5.76,1,0.8571
davis thompson,-2.74,-0.95,-0.15,-2.56,-5.31,2,0.4
davis thompson,-0.56,-1.21,0.85,-1.38,-1.95,3,0.7143
davis thompson,2.35,-0.01,-1.2,0.35,2.7,4,0.7143
alex smalley,1.21,0.66,1.2,2.55,3.76,1,0.6
alex smalley,0.34,0.29,0.2,2.35,2.69,2,0.6667
alex smalley,-2.54,-0.6,-2.09,-0.41,-2.95,3,0.5
alex smalley,-1.53,2.62,0.46,-0.77,-2.3,4,0.5455
isaiah salinda,-2.34,-0.84,0.79,0.1,-2.24,1,0.5
isaiah salinda,1.23,0.2,0.33,2.46,3.69,2,0.6
isaiah salinda,-1.08,1.67,-0.66,3.13,2.05,3,0.625
isaiah salinda,-0.65,-1.33,0.55,-1.65,-2.3,4,0.4
patrick fishburn,1.77,1.21,-0.05,1.99,3.76,1,0.875
patrick fishburn,1.5,-0.03,0.39,-0.81,0.69,2,0.75
patrick fishburn,-2.02,0.4,0.73,1.08,-0.95,3,0.8571
patrick fishburn,-2.43,-0.06,-0.42,0.13,-2.3,4,0.6
ricky castillo,1.87,0.74,-0.63,1.89,3.76,1,0.6667
ricky castillo,0.67,-1.5,-0.5,-1.97,-1.31,2,0.5556
ricky castillo,-0.93,1.23,0.31,-0.02,-0.95,3,0.6
ricky castillo,0.09,0.81,-0.19,-0.39,-0.3,4,0.625
takumi kanaya,-0.6,1.93,-0.71,-0.64,-1.24,1,0.5833
takumi kanaya,2.42,0.07,0.12,1.27,3.69,2,0.7143
takumi kanaya,-0.64,2.13,0.18,0.7,0.05,3,0.8
takumi kanaya,-1.39,1.29,0.13,0.09,-1.3,4,0.875
kensei hirata,2.21,1.27,-1.7,-1.45,0.76,1,0.8
kensei hirata,3.57,-1.42,0.7,-0.88,2.69,2,0.83333
kensei hirata,-0.14,1.3,-0.4,-2.81,-2.95,3,0.75
kensei hirata,1.21,-0.63,1.14,-0.51,0.7,4,0.875
david ford,-1.98,1,1.75,4.74,2.76,1,0.7143
david ford,2.25,0.09,0.33,-0.55,1.69,2,1.0
david ford,-1.94,-1.25,-1.09,-5,-6.95,3,0.4615
david ford,2.3,1.43,1.47,1.4,3.7,4,0.8889
john vanderlaan,2.22,-0.36,0.11,0.54,2.76,1,0.7143
john vanderlaan,-1.34,0.25,-1.52,-0.97,-2.31,2,0.5
john vanderlaan,1.89,-0.41,-2.52,-0.84,1.05,3,0.5714
john vanderlaan,-2.76,0.45,2.17,2.46,-0.3,4,0.0
andrew novak,-3.04,0.59,0.32,1.8,-1.24,1,0.6667
andrew novak,-1.41,1.55,1.84,3.11,1.69,2,0.8571
andrew novak,-1.73,-0.4,1.7,1.78,0.05,3,0.8333
andrew novak,-0.97,-0.83,0.44,0.67,-0.3,4,0.6667
keegan bradley,-0.54,-0.48,0.85,-0.7,-1.24,1,0.375
keegan bradley,0.78,0.64,0.6,1.92,2.69,2,0.7778
keegan bradley,-0.32,-1.39,1.01,-0.63,-0.95,3,0.5
keegan bradley,0.06,-0.1,-0.07,-0.35,-0.3,4,0.5556
mackenzie hughes,0.77,-1.64,0.97,-1.01,-0.24,1,0.625
mackenzie hughes,-1.35,1,0.88,2.05,0.69,2,1.0
mackenzie hughes,0.73,-0.83,-0.36,0.32,1.05,3,0.5714
mackenzie hughes,2.09,-1.31,-0.7,-3.39,-1.3,4,0.6667
nicolai hojgaard,2.17,0.02,-0.88,0.6,2.76,1,0.7143
nicolai hojgaard,1.43,0.68,-1.22,0.27,1.69,2,0.8571
nicolai hojgaard,-3.32,-1.43,0.41,0.37,-2.95,3,0.2
nicolai hojgaard,0.94,-0.37,0.53,-2.24,-1.3,4,0.6364
justin lower,-0.31,1.45,0.74,1.07,0.76,1,0.75
justin lower,1.53,-1.03,1.17,-0.84,0.69,2,0.8889
justin lower,-0.51,1.63,0.74,1.56,1.05,3,0.5714
justin lower,0.34,-2.43,0.52,-2.63,-2.3,4,0.375
chandler phillips,0.24,1.34,-0.93,0.53,0.76,1,0.625
chandler phillips,1.64,-0.77,1.33,1.05,2.69,2,0.5714
chandler phillips,1.88,0.76,-1.17,-2.82,-0.95,3,0.7
chandler phillips,-2.72,-1.21,1.27,0.42,-2.3,4,0.5
pierceson coody,1.33,-0.49,0.17,3.43,4.76,1,0.75
pierceson coody,-0.17,-1.3,0.99,-1.13,-1.31,2,0.6
pierceson coody,1.14,-1.66,-1.76,-4.09,-2.95,3,0.4444
pierceson coody,0.93,-0.3,0.45,-1.23,-0.3,4,0.8
rasmus neergaard-petersen,0.85,-0.41,1.4,2.91,3.76,1,0.2857
rasmus neergaard-petersen,0.39,-0.63,0.5,-1.7,-1.31,2,0.6667
rasmus neergaard-petersen,-1.74,-1.1,0.84,2.8,1.05,3,0.6667
rasmus neergaard-petersen,-0.95,-0.16,-1.11,-2.35,-3.3,4,0.375
john parry,-1.19,2.23,-0.12,0.95,-0.24,1,0.6364
john parry,-0.15,-0.78,0.85,0.85,0.69,2,0.5714
john parry,-0.26,0.12,0.13,2.31,2.05,3,0.8571
john parry,0.44,-1.75,0.17,-2.74,-2.3,4,0.7273
sam ryder,1.38,-1.88,0.58,-1.62,-0.24,1,0.2857
sam ryder,0.91,0.21,0.23,1.79,2.69,2,0.8
sam ryder,-1.43,-1.27,0.38,0.48,-0.95,3,0.2
sam ryder,-1.13,-0.84,0.96,-1.17,-2.3,4,0.5
joel dahmen,0.35,-1.5,1.24,-0.59,-0.24,1,0.625
joel dahmen,0.11,-0.12,-0.03,1.59,1.69,2,0.75
joel dahmen,-2.36,-0.2,-1.18,2.42,0.05,3,0.625
joel dahmen,0.4,-1.33,0.56,-2.7,-2.3,4,0.625
chad ramey,-0.6,0.46,1.1,1.36,0.76,1,0.6667
chad ramey,0.78,2.02,-0.55,0.92,1.69,2,0.5
chad ramey,0.55,0.13,-0.38,-1.5,-0.95,3,0.7778
chad ramey,-0.12,-0.86,-0.44,-2.18,-2.3,4,0.5
karl vilips,2.38,-0.8,-0.6,0.38,2.76,1,0.8333
karl vilips,-1.09,-0.95,-0.7,0.78,-0.31,2,0.375
karl vilips,2.15,0.39,-1.19,-3.09,-0.95,3,0.7
karl vilips,0.93,-1.61,-2.16,-3.23,-2.3,4,0.375
billy horschel,3.22,1.18,-1.2,1.54,4.76,1,0.6667
billy horschel,-0.39,-0.74,-2.09,0.08,-0.31,2,0.3333
billy horschel,-2.05,-0.14,-0.88,-1.89,-3.95,3,0.5455
billy horschel,0.46,-2.24,0.25,-2.75,-2.3,4,0.4444
kevin streelman,-1.76,-0.52,-1.27,-0.48,-2.24,1,0.4444
kevin streelman,1.65,0.89,0.78,1.04,2.69,2,0.8889
kevin streelman,-1.39,1.06,-0.18,0.44,-0.95,3,0.5714
kevin streelman,2.76,-0.33,-1.2,-4.05,-1.3,4,0.4444
vince whaley,2.65,-0.37,-0.57,0.11,2.76,1,0.75
vince whaley,0.59,0.09,-1.02,-2.9,-2.31,2,0.5556
vince whaley,-1.27,-1.42,-0.89,-2.68,-3.95,3,0.5556
vince whaley,4.65,0.02,-1.19,-2.95,1.7,4,0.7778
henrik norlander,1.33,0.47,-1.68,-2.57,-1.24,1,0.6667
henrik norlander,0.31,1.66,-0.75,3.38,3.69,2,0.6667
henrik norlander,-1.48,-0.31,0.39,-0.47,-1.95,3,0.5
henrik norlander,0.23,-1.5,-0.3,-2.53,-2.3,4,0.2857
rasmus hojgaard,2.98,-1.13,-0.39,-2.21,0.76,1,0.6667
rasmus hojgaard,2.44,-1.22,-0.89,-1.75,0.69,2,0.4286
rasmus hojgaard,1.24,-2.42,-0.44,-4.18,-2.95,3,0.4286
rasmus hojgaard,-1.84,1.15,-0.05,1.55,-0.3,4,0.7143
kevin roy,-0.71,0.78,1.38,0.47,-0.24,1,0.6
kevin roy,1.14,0.5,0.65,1.55,2.69,2,0.8333
kevin roy,-0.69,-1.31,-1.08,-1.25,-1.95,3,0.25
kevin roy,0.32,0.32,-0.26,-3.62,-3.3,4,0.5455
bud cauley,1.78,0.04,-0.03,0.98,2.76,1,0.6667
bud cauley,-1.39,-0.89,0.58,-0.92,-2.31,2,0.5
bud cauley,-1.55,0.18,-0.38,-1.39,-2.95,3,0.6
bud cauley,-0.51,-0.46,-2.64,-2.78,-3.3,4,0.6
wyndham clark,0.74,-1.44,1.64,1.02,1.76,1,0.6667
wyndham clark,-2.16,0.15,-1.54,-0.14,-2.31,2,0.4286
wyndham clark,0,0,0,0,0,3,0.0
wyndham clark,0,0,0,0,0,4,0.0
eric cole,-0.98,0.93,-0.92,0.74,-0.24,1,0.4286
eric cole,-1.12,1.23,-0.22,0.81,-0.31,2,0.5556
eric cole,0,0,0,0,0,3,0.0
eric cole,0,0,0,0,0,4,0.0
thorbjorn olesen,0.04,-1.4,0.8,-1.28,-1.24,1,0.5
thorbjorn olesen,-0.57,1.33,1.29,1.27,0.69,2,0.625
thorbjorn olesen,0,0,0,0,0,3,0.0
thorbjorn olesen,0,0,0,0,0,4,0.0
zecheng dou,-1.7,2.07,-1.2,0.46,-1.24,1,0.8
zecheng dou,1.64,-0.91,0.97,-0.95,0.69,2,0.6667
zecheng dou,0,0,0,0,0,3,0.0
zecheng dou,0,0,0,0,0,4,0.0
steven fisk,-0.38,-1.84,0.25,-1.86,-2.24,1,0.375
steven fisk,-1.17,1.14,0.29,2.87,1.69,2,0.5
steven fisk,0,0,0,0,0,3,0.0
steven fisk,0,0,0,0,0,4,0.0
kris ventura,-0.33,0.4,0.9,1.09,0.76,1,0.7143
kris ventura,-0.32,-0.53,0.36,-0.99,-1.31,2,0.8
kris ventura,0,0,0,0,0,3,0.0
kris ventura,0,0,0,0,0,4,0.0
adrien saddier,-0.2,-0.54,1.43,0.96,0.76,1,0.375
adrien saddier,-2.43,-1.83,1.78,1.13,-1.31,2,0.6
adrien saddier,0,0,0,0,0,3,0.0
adrien saddier,0,0,0,0,0,4,0.0
neal shipley,-0.2,0.48,1.07,-0.04,-0.24,1,0.4286
neal shipley,0.16,0.17,1.66,-0.46,-0.31,2,0.625
neal shipley,0,0,0,0,0,3,0.0
neal shipley,0,0,0,0,0,4,0.0
kristoffer reitan,-0.54,-1.39,0.95,-1.7,-2.24,1,0.7
kristoffer reitan,-1.18,0.89,0.96,2.88,1.69,2,0.5714
kristoffer reitan,0,0,0,0,0,3,0.0
kristoffer reitan,0,0,0,0,0,4,0.0
aaron rai,0.99,0.58,0.89,2.77,3.76,1,0.7143
aaron rai,-1.08,-0.65,-2.37,-4.22,-5.31,2,0.3333
aaron rai,0,0,0,0,0,3,0.0
aaron rai,0,0,0,0,0,4,0.0
viktor hovland,-0.48,0.37,1.07,2.24,1.76,1,0.5
viktor hovland,-1.91,-1.36,1.09,-1.39,-3.31,2,0.4444
viktor hovland,0,0,0,0,0,3,0.0
viktor hovland,0,0,0,0,0,4,0.0
jesper svensson,-1.05,2.65,0.37,3.81,2.76,1,0.8
jesper svensson,-3.61,-1.11,2.1,-0.69,-4.31,2,0.5
jesper svensson,0,0,0,0,0,3,0.0
jesper svensson,0,0,0,0,0,4,0.0
paul peterson,0.95,2.3,-1.78,0.81,1.76,1,0.7778
paul peterson,-2,-0.28,0.46,-1.31,-3.31,2,0.5455
paul peterson,0,0,0,0,0,3,0.0
paul peterson,0,0,0,0,0,4,0.0
paul waring,-0.29,1.2,-0.45,-2.94,-3.24,1,0.5833
paul waring,0.09,-0.91,0.77,1.61,1.69,2,0.3333
paul waring,0,0,0,0,0,3,0.0
paul waring,0,0,0,0,0,4,0.0
pontus nyholm,-1.99,-0.41,0.92,-0.25,-2.24,1,0.6667
pontus nyholm,-0.63,0.01,0.43,1.32,0.69,2,0.7143
pontus nyholm,0,0,0,0,0,3,0.0
pontus nyholm,0,0,0,0,0,4,0.0
zachary bauchou,1.73,0.34,-0.4,1.03,2.76,1,0.5714
zachary bauchou,-2.43,0.3,-2.91,-1.88,-4.31,2,0.4615
zachary bauchou,0,0,0,0,0,3,0.0
zachary bauchou,0,0,0,0,0,4,0.0
michael brennan,0.31,-3.26,1.7,-3.54,-3.24,1,0.3333
michael brennan,-0.52,1.39,1.02,2.22,1.69,2,0.75
michael brennan,0,0,0,0,0,3,0.0
michael brennan,0,0,0,0,0,4,0.0
marcelo rozo,0.67,-0.1,-1.47,-1.9,-1.24,1,0.7778
marcelo rozo,-0.08,-1.47,-1.02,-0.23,-0.31,2,0.5
marcelo rozo,0,0,0,0,0,3,0.0
marcelo rozo,0,0,0,0,0,4,0.0
nick taylor,-0.34,0.66,-2.12,0.1,-0.24,1,0.5556
nick taylor,-1.06,1.21,-1.97,-1.25,-2.31,2,0.5
nick taylor,0,0,0,0,0,3,0.0
nick taylor,0,0,0,0,0,4,0.0
nick dunlap,0.63,-1.64,-3.05,-2.86,-2.24,1,0.5
nick dunlap,1.53,-0.05,-1.34,-1.83,-0.31,2,0.6667
nick dunlap,0,0,0,0,0,3,0.0
nick dunlap,0,0,0,0,0,4,0.0
austin eckroat,-1.48,-3.82,-0.3,-4.75,-6.24,1,0.5
austin eckroat,0.1,0.6,-0.08,3.59,3.69,2,0.667
austin eckroat,0,0,0,0,0,3,0.0
austin eckroat,0,0,0,0,0,4,0.0
peter malnati,-1.86,-0.01,0.36,-0.37,-2.24,1,0.5
peter malnati,1.56,-1.53,-0.89,-1.86,-0.31,2,0.5
peter malnati,0,0,0,0,0,3,0.0
peter malnati,0,0,0,0,0,4,0.0
max mcgreevy,-2.22,-0.21,0.67,1.98,-0.24,1,0.6667
max mcgreevy,-0.83,-1.09,0.54,-1.47,-2.31,2,0.3636
max mcgreevy,0,0,0,0,0,3,0.0
max mcgreevy,0,0,0,0,0,4,0.0
luke guthrie,-1.09,2.1,0.26,2.85,1.76,1,0.9
luke guthrie,0.12,0.25,-3.2,-4.42,-4.31,2,0.5
luke guthrie,0,0,0,0,0,3,0.0
luke guthrie,0,0,0,0,0,4,0.0
jackson suber,-0.8,1.91,-1.84,-1.44,-2.24,1,0.6667
jackson suber,-0.82,-0.35,-0.14,0.51,-0.31,2,0.5714
jackson suber,0,0,0,0,0,3,0.0
jackson suber,0,0,0,0,0,4,0.0
dan brown,-2.8,-2.27,-0.38,-0.44,-3.24,1,1.0
dan brown,-0.69,1.27,0.48,1.39,0.69,2,0.75
dan brown,0,0,0,0,0,3,0.0
dan brown,0,0,0,0,0,4,0.0
danny willett,0.55,1.29,0,-1.79,-1.24,1,0.75
danny willett,-1.1,-0.1,-0.14,-1.2,-2.31,2,0.6
danny willett,0,0,0,0,0,3,0.0
danny willett,0,0,0,0,0,4,0.0
lucas glover,-1.93,0.52,-0.53,0.69,-1.24,1,0.7
lucas glover,-2.06,0.41,-0.77,-0.25,-2.31,2,0.5556
lucas glover,0,0,0,0,0,3,0.0
lucas glover,0,0,0,0,0,4,0.0
joe highsmith,-2.59,-1.66,-0.75,-1.65,-4.24,1,0.375
joe highsmith,-2.44,0.81,1.36,3.13,0.69,2,0.75
joe highsmith,0,0,0,0,0,3,0.0
joe highsmith,0,0,0,0,0,4,0.0
patton kizzire,-1.16,-0.64,0.13,-1.07,-2.24,1,0.625
patton kizzire,0.62,-0.12,-1.91,-1.93,-1.31,2,0.5
patton kizzire,0,0,0,0,0,3,0.0
patton kizzire,0,0,0,0,0,4,0.0
zac blair,-0.28,0.65,-1.21,1.04,0.76,1,0.5
zac blair,-0.26,-3.74,-0.14,-4.05,-4.31,2,0.5
zac blair,0,0,0,0,0,3,0.0
zac blair,0,0,0,0,0,4,0.0
j.j. spaun,-4.05,-0.53,-2.5,-1.18,-5.24,1,0.25
j.j. spaun,-1.12,-0.04,1.12,1.81,0.69,2,0.8
j.j. spaun,0,0,0,0,0,3,0.0
j.j. spaun,0,0,0,0,0,4,0.0
davis riley,-0.43,-0.72,-1.24,-3.81,-4.24,1,0.4615
davis riley,-1.89,-1.55,0.62,1.58,-0.31,2,0.1429
davis riley,0,0,0,0,0,3,0.0
davis riley,0,0,0,0,0,4,0.0
mark hubbard,-2.03,1.32,-0.36,0.79,-1.24,1,0.5556
mark hubbard,-1.34,-1.62,-1.46,-1.97,-3.31,2,0.4444
mark hubbard,0,0,0,0,0,3,0.0
mark hubbard,0,0,0,0,0,4,0.0
adam svensson,-1.28,0.02,-0.07,-1.96,-3.24,1,0.25
adam svensson,-1.92,0.48,0.99,0.61,-1.31,2,0.75
adam svensson,0,0,0,0,0,3,0.0
adam svensson,0,0,0,0,0,4,0.0
beau hossler,2.19,-1.12,0.84,-2.43,-0.24,1,0.5555
beau hossler,-2.72,2.15,-1.72,-1.59,-4.31,2,0.5714
beau hossler,0,0,0,0,0,3,0.0
beau hossler,0,0,0,0,0,4,0.0
brice garnett,-0.61,-0.16,-0.94,-2.63,-3.24,1,0.5385
brice garnett,0.36,0.9,-0.28,-1.67,-1.31,2,0.7
brice garnett,0,0,0,0,0,3,0.0
brice garnett,0,0,0,0,0,4,0.0
mac meissner,-0.77,-0.61,0.77,-1.47,-2.24,1,0.6
mac meissner,1.29,-2.49,-0.37,-3.59,-2.31,2,0.5714
mac meissner,0,0,0,0,0,3,0.0
mac meissner,0,0,0,0,0,4,0.0
gordon sargent,-1.16,0.21,-1.52,-2.08,-3.24,1,0.2857
gordon sargent,-1.82,-0.8,1.82,0.51,-1.31,2,0.4444
gordon sargent,0,0,0,0,0,3,0.0
gordon sargent,0,0,0,0,0,4,0.0
taylor pendrith,-3.13,-0.72,1.72,-1.11,-4.24,1,0.4286
taylor pendrith,-3.17,0.21,-0.3,1.87,-1.31,2,0.6
taylor pendrith,0,0,0,0,0,3,0.0
taylor pendrith,0,0,0,0,0,4,0.0
erik van rooyen,-2.17,-0.17,0.59,0.93,-1.24,1,0.5714
erik van rooyen,-0.85,0.85,-2.37,-3.46,-4.31,2,0.4
erik van rooyen,0,0,0,0,0,3,0.0
erik van rooyen,0,0,0,0,0,4,0.0
sahith theegala,-2.99,-2.42,0.86,-2.25,-5.24,1,0.4444
sahith theegala,1.01,0.21,1.2,-1.32,-0.31,2,0.6667
sahith theegala,0,0,0,0,0,3,0.0
sahith theegala,0,0,0,0,0,4,0.0
adam hadwin,-1.06,-0.4,0.25,-3.18,-4.24,1,0.4444
adam hadwin,-1.7,1.09,0.16,0.4,-1.31,2,0.4286
adam hadwin,0,0,0,0,0,3,0.0
adam hadwin,0,0,0,0,0,4,0.0
adam schenk,-2.64,0.14,1.4,1.4,-1.24,1,0.5
adam schenk,-1.85,0.51,0.34,-2.45,-4.31,2,0.3
adam schenk,0,0,0,0,0,3,0.0
adam schenk,0,0,0,0,0,4,0.0
greg koch,-0.17,-2.3,-1.38,-4.07,-4.24,1,0.375
greg koch,1.99,-0.82,-0.59,-3.29,-1.31,2,0.6667
greg koch,0,0,0,0,0,3,0.0
greg koch,0,0,0,0,0,4,0.0
jeremy paul,1.93,-1.11,-0.39,-6.17,-4.24,1,0.5
jeremy paul,-0.83,1.52,-1.33,-0.47,-1.31,2,0.625
jeremy paul,0,0,0,0,0,3,0.0
jeremy paul,0,0,0,0,0,4,0.0
taylor moore,-0.82,-1.51,1.51,-0.42,-1.24,1,0.5
taylor moore,-0.51,-1.84,0.79,-4.79,-5.31,2,0.5
taylor moore,0,0,0,0,0,3,0.0
taylor moore,0,0,0,0,0,4,0.0
matt kuchar,0.5,-0.26,-0.86,-1.74,-1.24,1,0.7778
matt kuchar,0.07,-0.58,-0.32,-5.37,-5.31,2,0.4615
matt kuchar,0,0,0,0,0,3,0.0
matt kuchar,0,0,0,0,0,4,0.0
garrick higgo,-1.57,-3.2,-1.19,-3.66,-5.24,1,0.1429
garrick higgo,2.24,-1.12,-1.82,-3.54,-1.31,2,0.4444
garrick higgo,0,0,0,0,0,3,0.0
garrick higgo,0,0,0,0,0,4,0.0
austin smotherman,0.65,-1.69,-0.01,0.11,0.76,1,0.6667
austin smotherman,-3.57,-1.42,0,-3.74,-7.31,2,0.0
austin smotherman,0,0,0,0,0,3,0.0
austin smotherman,0,0,0,0,0,4,0.0
rafael campos,1.08,-2.3,0.52,-2.32,-1.24,1,0.4444
rafael campos,-0.34,-0.93,-2.22,-4.96,-5.31,2,0.4444
rafael campos,0,0,0,0,0,3,0.0
rafael campos,0,0,0,0,0,4,0.0
tyler wilkes,-0.52,-1.06,-0.01,-1.72,-2.24,1,0.5
tyler wilkes,-1.97,-0.23,-0.06,-2.33,-4.31,2,0.3333
tyler wilkes,0,0,0,0,0,3,0.0
tyler wilkes,0,0,0,0,0,4,0.0
charley hoffman,0.56,-2.08,-2.23,-6.8,-6.24,1,0.5385
charley hoffman,2.32,-2.56,-1.09,-3.62,-1.31,2,0.75
charley hoffman,0,0,0,0,0,3,0.0
charley hoffman,0,0,0,0,0,4,0.0
matthew mccarty,-1.83,-0.3,-0.93,-0.41,-2.24,1,0.5
matthew mccarty,-2.96,0.72,-0.87,-2.34,-5.31,2,0.4
matthew mccarty,0,0,0,0,0,3,0.0
matthew mccarty,0,0,0,0,0,4,0.0
cam davis,-0.96,-0.47,-1.38,-3.27,-4.24,1,0.6154
cam davis,0.94,-1.26,-1.49,-5.25,-4.31,2,0.3636
cam davis,0,0,0,0,0,3,0.0
cam davis,0,0,0,0,0,4,0.0
max homa,-2.49,-1.9,-2.4,-3.75,-6.24,1,0.2222
max homa,-2.34,-0.35,-0.55,0.03,-2.31,2,0.7
max homa,0,0,0,0,0,3,0.0
max homa,0,0,0,0,0,4,0.0
luke clanton,-4.08,-0.97,1.35,-2.15,-6.24,1,0.4
luke clanton,-1.01,-1.51,-0.2,-2.3,-3.31,2,0.2857
luke clanton,0,0,0,0,0,3,0.0
luke clanton,0,0,0,0,0,4,0.0
jeffrey kang,-0.94,-1.2,-0.37,-3.29,-4.24,1,0.4
jeffrey kang,-0.96,-0.75,-1.49,-4.34,-5.31,2,0.3
jeffrey kang,0,0,0,0,0,3,0.0
jeffrey kang,0,0,0,0,0,4,0.0
john keefer,-1.03,-3.17,0.06,-6.21,-7.24,1,0.4
john keefer,-1.99,-1.88,0.87,-3.31,-5.31,2,0.4286
john keefer,0,0,0,0,0,3,0.0
john keefer,0,0,0,0,0,4,0.0
brian campbell,-0.69,1.72,0.49,-0.55,-1.24,1,0.0
brian campbell,0,0,0,0,0,2,0.0
brian campbell,0,0,0,0,0,3,0.0
brian campbell,0,0,0,0,0,4,0.0
