Name,Name + ID,Roster Position,Salary,Game Info,TeamAbbrev,AvgPointsPerGame,Position
Christian McCaffrey,Christian McCaffrey (40058244),RB/FLEX,8200,ARI@SF 09/21/2025 04:25PM ET,SF,22.95,RB
Ja'Marr Chase,Ja'Marr Chase (40058534),WR/FLEX,8100,CIN@MIN 09/21/2025 01:00PM ET,CIN,22.05,WR
CeeDee Lamb,CeeDee Lamb (40058536),WR/FLEX,8000,DAL@CHI 09/21/2025 04:25PM ET,DAL,22.1,WR
Bijan Robinson,Bijan Robinson (40058246),RB/FLEX,7900,ATL@CAR 09/21/2025 01:00PM ET,ATL,25.1,RB
Saquon Barkley,Saquon Barkley (40058248),RB/FLEX,7800,LAR@PHI 09/21/2025 01:00PM ET,PHI,17.9,RB
Puka Nacua,Puka Nacua (40058538),WR/FLEX,7700,LAR@PHI 09/21/2025 01:00PM ET,LAR,26.85,WR
Justin Jefferson,Justin Jefferson (40058540),WR/FLEX,7500,CIN@MIN 09/21/2025 01:00PM ET,MIN,12.95,WR
Nico Collins,Nico Collins (40058542),WR/FLEX,7300,HOU@JAX 09/21/2025 01:00PM ET,HOU,9.85,WR
Jonathan Taylor,Jonathan Taylor (40058250),RB/FLEX,7200,IND@TEN 09/21/2025 01:00PM ET,IND,22.65,RB
Bucky Irving,Bucky Irving (40058252),RB/FLEX,7100,NYJ@TB 09/21/2025 01:00PM ET,TB,16.3,RB
Josh Jacobs,Josh Jacobs (40058254),RB/FLEX,7000,GB@CLE 09/21/2025 01:00PM ET,GB,14.2,RB
Jayden Daniels,Jayden Daniels (40058154),QB,7000,LV@WAS 09/21/2025 01:00PM ET,WAS,19.91,QB
Chase Brown,Chase Brown (40058256),RB/FLEX,6900,CIN@MIN 09/21/2025 01:00PM ET,CIN,10.8,RB
Jalen Hurts,Jalen Hurts (40058155),QB,6800,LAR@PHI 09/21/2025 01:00PM ET,PHI,17.91,QB
Ladd McConkey,Ladd McConkey (40058544),WR/FLEX,6800,DEN@LAC 09/21/2025 04:05PM ET,LAC,11.6,WR
Ashton Jeanty,Ashton Jeanty (40058258),RB/FLEX,6700,LV@WAS 09/21/2025 01:00PM ET,LV,9.7,RB
Baker Mayfield,Baker Mayfield (40058156),QB,6600,NYJ@TB 09/21/2025 01:00PM ET,TB,21.24,QB
Mike Evans,Mike Evans (40058546),WR/FLEX,6600,NYJ@TB 09/21/2025 01:00PM ET,TB,10.35,WR
Joe Burrow,Joe Burrow (40058157),QB,6500,CIN@MIN 09/21/2025 01:00PM ET,CIN,7.93,QB
Jaxon Smith-Njigba,Jaxon Smith-Njigba (40058548),WR/FLEX,6500,NO@SEA 09/21/2025 04:05PM ET,SEA,22.35,WR
James Conner,James Conner (40058260),RB/FLEX,6500,ARI@SF 09/21/2025 04:25PM ET,ARI,13.3,RB
Brian Thomas Jr.,Brian Thomas Jr. (40058550),WR/FLEX,6400,HOU@JAX 09/21/2025 01:00PM ET,JAX,8.95,WR
Kyren Williams,Kyren Williams (40058262),RB/FLEX,6400,LAR@PHI 09/21/2025 01:00PM ET,LAR,11.95,RB
Jordan Love,Jordan Love (40058158),QB,6300,GB@CLE 09/21/2025 01:00PM ET,GB,18.4,QB
A.J. Brown,A.J. Brown (40058552),WR/FLEX,6300,LAR@PHI 09/21/2025 01:00PM ET,PHI,4.75,WR
Emeka Egbuka,Emeka Egbuka (40058554),WR/FLEX,6300,NYJ@TB 09/21/2025 01:00PM ET,TB,18.25,WR
Alvin Kamara,Alvin Kamara (40058264),RB/FLEX,6300,NO@SEA 09/21/2025 04:05PM ET,NO,15.35,RB
Chuba Hubbard,Chuba Hubbard (40058266),RB/FLEX,6200,ATL@CAR 09/21/2025 01:00PM ET,CAR,18.3,RB
Davante Adams,Davante Adams (40058556),WR/FLEX,6200,LAR@PHI 09/21/2025 01:00PM ET,LAR,17.35,WR
Garrett Wilson,Garrett Wilson (40058558),WR/FLEX,6200,NYJ@TB 09/21/2025 01:00PM ET,NYJ,15.75,WR
Justin Herbert,Justin Herbert (40058159),QB,6200,DEN@LAC 09/21/2025 04:05PM ET,LAC,25.35,QB
Tee Higgins,Tee Higgins (40058566),WR/FLEX,6100,CIN@MIN 09/21/2025 01:00PM ET,CIN,10.45,WR
Deebo Samuel Sr.,Deebo Samuel Sr. (40058560),WR/FLEX,6100,LV@WAS 09/21/2025 01:00PM ET,WAS,20,WR
Javonte Williams,Javonte Williams (40058268),RB/FLEX,6100,DAL@CHI 09/21/2025 04:25PM ET,DAL,22.7,RB
Kyler Murray,Kyler Murray (40058160),QB,6100,ARI@SF 09/21/2025 04:25PM ET,ARI,16.66,QB
Drake London,Drake London (40058564),WR/FLEX,6000,ATL@CAR 09/21/2025 01:00PM ET,ATL,10.2,WR
Breece Hall,Breece Hall (40058270),RB/FLEX,6000,NYJ@TB 09/21/2025 01:00PM ET,NYJ,12.65,RB
Brock Bowers,Brock Bowers (40059020),TE/FLEX,6000,LV@WAS 09/21/2025 01:00PM ET,LV,13.55,TE
Courtland Sutton,Courtland Sutton (40058562),WR/FLEX,6000,DEN@LAC 09/21/2025 04:05PM ET,DEN,9.85,WR
Brock Purdy,Brock Purdy (40058161),QB,6000,ARI@SF 09/21/2025 04:25PM ET,SF,18.78,QB
Tetairoa McMillan,Tetairoa McMillan (40058570),WR/FLEX,5900,ATL@CAR 09/21/2025 01:00PM ET,CAR,15.4,WR
Travis Etienne Jr.,Travis Etienne Jr. (40058272),RB/FLEX,5900,HOU@JAX 09/21/2025 01:00PM ET,JAX,19.25,RB
Dak Prescott,Dak Prescott (40058162),QB,5900,DAL@CHI 09/21/2025 04:25PM ET,DAL,16.98,QB
George Pickens,George Pickens (40058568),WR/FLEX,5900,DAL@CHI 09/21/2025 04:25PM ET,DAL,11.9,WR
Terry McLaurin,Terry McLaurin (40058572),WR/FLEX,5800,LV@WAS 09/21/2025 01:00PM ET,WAS,7.25,WR
Bo Nix,Bo Nix (40058163),QB,5800,DEN@LAC 09/21/2025 04:05PM ET,DEN,15.54,QB
Kenneth Walker III,Kenneth Walker III (40058274),RB/FLEX,5800,NO@SEA 09/21/2025 04:05PM ET,SEA,13.6,RB
DK Metcalf,DK Metcalf (40058574),WR/FLEX,5700,PIT@NE 09/21/2025 01:00PM ET,PIT,11.65,WR
Matthew Stafford,Matthew Stafford (40058164),QB,5700,LAR@PHI 09/21/2025 01:00PM ET,LAR,15.96,QB
Tony Pollard,Tony Pollard (40058278),RB/FLEX,5700,IND@TEN 09/21/2025 01:00PM ET,TEN,9.05,RB
J.K. Dobbins,J.K. Dobbins (40058276),RB/FLEX,5700,DEN@LAC 09/21/2025 04:05PM ET,DEN,15.15,RB
Trey McBride,Trey McBride (40059022),TE/FLEX,5700,ARI@SF 09/21/2025 04:25PM ET,ARI,12.95,TE
Michael Penix Jr.,Michael Penix Jr. (40058166),QB,5600,ATL@CAR 09/21/2025 01:00PM ET,ATL,14.66,QB
Jakobi Meyers,Jakobi Meyers (40058578),WR/FLEX,5600,LV@WAS 09/21/2025 01:00PM ET,LV,15.25,WR
Omarion Hampton,Omarion Hampton (40058280),RB/FLEX,5600,DEN@LAC 09/21/2025 04:05PM ET,LAC,5.8,RB
Caleb Williams,Caleb Williams (40058165),QB,5600,DAL@CHI 09/21/2025 04:25PM ET,CHI,21.09,QB
D'Andre Swift,D'Andre Swift (40058282),RB/FLEX,5600,DAL@CHI 09/21/2025 04:25PM ET,CHI,12.2,RB
Marvin Harrison Jr.,Marvin Harrison Jr. (40058576),WR/FLEX,5600,ARI@SF 09/21/2025 04:25PM ET,ARI,11.4,WR
C.J. Stroud,C.J. Stroud (40058168),QB,5500,HOU@JAX 09/21/2025 01:00PM ET,HOU,12.35,QB
Jake Browning,Jake Browning (40058167),QB,5500,CIN@MIN 09/21/2025 01:00PM ET,CIN,20.74,QB
Jaylen Warren,Jaylen Warren (40058284),RB/FLEX,5500,PIT@NE 09/21/2025 01:00PM ET,PIT,15.65,RB
Chris Godwin Jr.,Chris Godwin Jr. (40058580),WR/FLEX,5500,NYJ@TB 09/21/2025 01:00PM ET,TB,0,WR
Jacory Croskey-Merritt,Jacory Croskey-Merritt (40058286),RB/FLEX,5500,LV@WAS 09/21/2025 01:00PM ET,WAS,7.95,RB
Ricky Pearsall,Ricky Pearsall (40058582),WR/FLEX,5500,ARI@SF 09/21/2025 04:25PM ET,SF,13.5,WR
Trevor Lawrence,Trevor Lawrence (40058170),QB,5400,HOU@JAX 09/21/2025 01:00PM ET,JAX,16.28,QB
Jordan Mason,Jordan Mason (40058288),RB/FLEX,5400,CIN@MIN 09/21/2025 01:00PM ET,MIN,7.15,RB
TreVeyon Henderson,TreVeyon Henderson (40058290),RB/FLEX,5400,PIT@NE 09/21/2025 01:00PM ET,NE,8.55,RB
Daniel Jones,Daniel Jones (40058169),QB,5400,IND@TEN 09/21/2025 01:00PM ET,IND,27.66,QB
Quentin Johnston,Quentin Johnston (40058584),WR/FLEX,5400,DEN@LAC 09/21/2025 04:05PM ET,LAC,20.4,WR
DJ Moore,DJ Moore (40058586),WR/FLEX,5400,DAL@CHI 09/21/2025 04:25PM ET,CHI,9.6,WR
Aaron Jones Sr.,Aaron Jones Sr. (40058292),RB/FLEX,5300,CIN@MIN 09/21/2025 01:00PM ET,MIN,9,RB
Drake Maye,Drake Maye (40058171),QB,5300,PIT@NE 09/21/2025 01:00PM ET,NE,21.54,QB
Rhamondre Stevenson,Rhamondre Stevenson (40058294),RB/FLEX,5300,PIT@NE 09/21/2025 01:00PM ET,NE,12.95,RB
DeVonta Smith,DeVonta Smith (40058590),WR/FLEX,5300,LAR@PHI 09/21/2025 01:00PM ET,PHI,6.95,WR
Justin Fields,Justin Fields (40058172),QB,5300,NYJ@TB 09/21/2025 01:00PM ET,NYJ,17.25,QB
Rome Odunze,Rome Odunze (40058588),WR/FLEX,5300,DAL@CHI 09/21/2025 04:25PM ET,CHI,25.25,WR
Dylan Sampson,Dylan Sampson (40058298),RB/FLEX,5200,GB@CLE 09/21/2025 01:00PM ET,CLE,14.1,RB
Jerry Jeudy,Jerry Jeudy (40058592),WR/FLEX,5200,GB@CLE 09/21/2025 01:00PM ET,CLE,10.35,WR
Nick Chubb,Nick Chubb (40058296),RB/FLEX,5200,HOU@JAX 09/21/2025 01:00PM ET,HOU,10.6,RB
Aaron Rodgers,Aaron Rodgers (40058173),QB,5200,PIT@NE 09/21/2025 01:00PM ET,PIT,19.04,QB
Geno Smith,Geno Smith (40058174),QB,5200,LV@WAS 09/21/2025 01:00PM ET,LV,13.84,QB
Chris Olave,Chris Olave (40058594),WR/FLEX,5200,NO@SEA 09/21/2025 04:05PM ET,NO,11.9,WR
Matthew Golden,Matthew Golden (40058598),WR/FLEX,5100,GB@CLE 09/21/2025 01:00PM ET,GB,2.55,WR
J.J. McCarthy,J.J. McCarthy (40058175),QB,5100,CIN@MIN 09/21/2025 01:00PM ET,MIN,14.52,QB
Rachaad White,Rachaad White (40058302),RB/FLEX,5100,NYJ@TB 09/21/2025 01:00PM ET,TB,8.6,RB
Calvin Ridley,Calvin Ridley (40058596),WR/FLEX,5100,IND@TEN 09/21/2025 01:00PM ET,TEN,7.7,WR
Najee Harris,Najee Harris (40058300),RB/FLEX,5100,DEN@LAC 09/21/2025 04:05PM ET,LAC,4.4,RB
Sam Darnold,Sam Darnold (40058176),QB,5100,NO@SEA 09/21/2025 04:05PM ET,SEA,12.1,QB
Bryce Young,Bryce Young (40058178),QB,5000,ATL@CAR 09/21/2025 01:00PM ET,CAR,18.74,QB
Quinshon Judkins,Quinshon Judkins (40058304),RB/FLEX,5000,GB@CLE 09/21/2025 01:00PM ET,CLE,10.1,RB
Braelon Allen,Braelon Allen (40058306),RB/FLEX,5000,NYJ@TB 09/21/2025 01:00PM ET,NYJ,4,RB
Cooper Kupp,Cooper Kupp (40058602),WR/FLEX,5000,NO@SEA 09/21/2025 04:05PM ET,SEA,9.75,WR
Mac Jones,Mac Jones (40058177),QB,5000,ARI@SF 09/21/2025 04:25PM ET,SF,22.76,QB
Jauan Jennings,Jauan Jennings (40058600),WR/FLEX,5000,ARI@SF 09/21/2025 04:25PM ET,SF,11.75,WR
Bhayshul Tuten,Bhayshul Tuten (40058310),RB/FLEX,4900,HOU@JAX 09/21/2025 01:00PM ET,JAX,8.25,RB
Travis Hunter,Travis Hunter (40058604),WR/FLEX,4900,HOU@JAX 09/21/2025 01:00PM ET,JAX,7.25,WR
Cam Ward,Cam Ward (40058180),QB,4900,IND@TEN 09/21/2025 01:00PM ET,TEN,7.14,QB
Michael Pittman Jr.,Michael Pittman Jr. (40058606),WR/FLEX,4900,IND@TEN 09/21/2025 01:00PM ET,IND,14,WR
Raheem Mostert,Raheem Mostert (40058308),RB/FLEX,4900,LV@WAS 09/21/2025 01:00PM ET,LV,0,RB
Spencer Rattler,Spencer Rattler (40058179),QB,4900,NO@SEA 09/21/2025 04:05PM ET,NO,16.57,QB
Joe Flacco,Joe Flacco (40058182),QB,4800,GB@CLE 09/21/2025 01:00PM ET,CLE,12.48,QB
Romeo Doubs,Romeo Doubs (40058610),WR/FLEX,4800,GB@CLE 09/21/2025 01:00PM ET,GB,10.3,WR
Stefon Diggs,Stefon Diggs (40058608),WR/FLEX,4800,PIT@NE 09/21/2025 01:00PM ET,NE,9.45,WR
Tyrod Taylor,Tyrod Taylor (40058181),QB,4800,NYJ@TB 09/21/2025 01:00PM ET,NYJ,8.34,QB
Zach Charbonnet,Zach Charbonnet (40058312),RB/FLEX,4800,NO@SEA 09/21/2025 04:05PM ET,SEA,5.85,RB
Brian Robinson Jr.,Brian Robinson Jr. (40058314),RB/FLEX,4800,ARI@SF 09/21/2025 04:25PM ET,SF,3.8,RB
Rico Dowdle,Rico Dowdle (40058318),RB/FLEX,4700,ATL@CAR 09/21/2025 01:00PM ET,CAR,3.25,RB
Tyler Allgeier,Tyler Allgeier (40058320),RB/FLEX,4700,ATL@CAR 09/21/2025 01:00PM ET,ATL,8.7,RB
Tucker Kraft,Tucker Kraft (40059024),TE/FLEX,4700,GB@CLE 09/21/2025 01:00PM ET,GB,18.65,TE
Christian Kirk,Christian Kirk (40058614),WR/FLEX,4700,HOU@JAX 09/21/2025 01:00PM ET,HOU,0,WR
Kenny Pickett,Kenny Pickett (40058183),QB,4700,LV@WAS 09/21/2025 01:00PM ET,LV,0,QB
Trey Lance,Trey Lance (40058184),QB,4700,DEN@LAC 09/21/2025 04:05PM ET,LAC,0,QB
RJ Harvey,RJ Harvey (40058316),RB/FLEX,4700,DEN@LAC 09/21/2025 04:05PM ET,DEN,5.65,RB
Keenan Allen,Keenan Allen (40058612),WR/FLEX,4700,DEN@LAC 09/21/2025 04:05PM ET,LAC,18.45,WR
Kirk Cousins,Kirk Cousins (40058185),QB,4600,ATL@CAR 09/21/2025 01:00PM ET,ATL,0,QB
Jerome Ford,Jerome Ford (40058324),RB/FLEX,4600,GB@CLE 09/21/2025 01:00PM ET,CLE,5.95,RB
Dameon Pierce,Dameon Pierce (40058326),RB/FLEX,4600,HOU@JAX 09/21/2025 01:00PM ET,HOU,0.5,RB
Antonio Gibson,Antonio Gibson (40058322),RB/FLEX,4600,PIT@NE 09/21/2025 01:00PM ET,NE,5.05,RB
Kayshon Boutte,Kayshon Boutte (40058618),WR/FLEX,4600,PIT@NE 09/21/2025 01:00PM ET,NE,13.95,WR
Teddy Bridgewater,Teddy Bridgewater (40058186),QB,4600,NYJ@TB 09/21/2025 01:00PM ET,TB,0,QB
Rashid Shaheed,Rashid Shaheed (40058616),WR/FLEX,4600,NO@SEA 09/21/2025 04:05PM ET,NO,12.25,WR
Andy Dalton,Andy Dalton (40058193),QB,4500,ATL@CAR 09/21/2025 01:00PM ET,CAR,0,QB
Darnell Mooney,Darnell Mooney (40058620),WR/FLEX,4500,ATL@CAR 09/21/2025 01:00PM ET,ATL,4,WR
Cedric Tillman,Cedric Tillman (40058622),WR/FLEX,4500,GB@CLE 09/21/2025 01:00PM ET,CLE,13.2,WR
Davis Mills,Davis Mills (40058187),QB,4500,HOU@JAX 09/21/2025 01:00PM ET,HOU,0,QB
Kenneth Gainwell,Kenneth Gainwell (40058328),RB/FLEX,4500,PIT@NE 09/21/2025 01:00PM ET,PIT,5.95,RB
Miles Sanders,Miles Sanders (40058332),RB/FLEX,4500,DAL@CHI 09/21/2025 04:25PM ET,DAL,7.45,RB
Trey Benson,Trey Benson (40058330),RB/FLEX,4500,ARI@SF 09/21/2025 04:25PM ET,ARI,8.45,RB
Woody Marks,Woody Marks (40058334),RB/FLEX,4400,HOU@JAX 09/21/2025 01:00PM ET,HOU,3.2,RB
Dyami Brown,Dyami Brown (40058626),WR/FLEX,4400,HOU@JAX 09/21/2025 01:00PM ET,JAX,13.2,WR
Kaleb Johnson,Kaleb Johnson (40058338),RB/FLEX,4400,PIT@NE 09/21/2025 01:00PM ET,PIT,-0.05,RB
Anthony Richardson Sr.,Anthony Richardson Sr. (40058189),QB,4400,IND@TEN 09/21/2025 01:00PM ET,IND,0,QB
Josh Downs,Josh Downs (40058624),WR/FLEX,4400,IND@TEN 09/21/2025 01:00PM ET,IND,7.15,WR
Tyler Warren,Tyler Warren (40059026),TE/FLEX,4400,IND@TEN 09/21/2025 01:00PM ET,IND,13.4,TE
Jeremy McNichols,Jeremy McNichols (40058336),RB/FLEX,4400,LV@WAS 09/21/2025 01:00PM ET,WAS,1.25,RB
Tyler Shough,Tyler Shough (40058188),QB,4400,NO@SEA 09/21/2025 04:05PM ET,NO,0,QB
Shedeur Sanders,Shedeur Sanders (40058190),QB,4300,GB@CLE 09/21/2025 01:00PM ET,CLE,0,QB
Dillon Gabriel,Dillon Gabriel (40058191),QB,4300,GB@CLE 09/21/2025 01:00PM ET,CLE,4.76,QB
Adam Thielen,Adam Thielen (40058628),WR/FLEX,4300,CIN@MIN 09/21/2025 01:00PM ET,MIN,3.3,WR
Will Shipley,Will Shipley (40058342),RB/FLEX,4300,LAR@PHI 09/21/2025 01:00PM ET,PHI,2.6,RB
Tank Bigsby,Tank Bigsby (40058344),RB/FLEX,4300,LAR@PHI 09/21/2025 01:00PM ET,PHI,0.6,RB
Alec Pierce,Alec Pierce (40058630),WR/FLEX,4300,IND@TEN 09/21/2025 01:00PM ET,IND,7.7,WR
Jaydon Blue,Jaydon Blue (40058340),RB/FLEX,4300,DAL@CHI 09/21/2025 04:25PM ET,DAL,0,RB
Jayden Higgins,Jayden Higgins (40058634),WR/FLEX,4200,HOU@JAX 09/21/2025 01:00PM ET,HOU,4.5,WR
Jimmy Garoppolo,Jimmy Garoppolo (40058192),QB,4200,LAR@PHI 09/21/2025 01:00PM ET,LAR,0,QB
Blake Corum,Blake Corum (40058350),RB/FLEX,4200,LAR@PHI 09/21/2025 01:00PM ET,LAR,6.5,RB
DJ Giddens,DJ Giddens (40058348),RB/FLEX,4200,IND@TEN 09/21/2025 01:00PM ET,IND,2.05,RB
Zamir White,Zamir White (40058346),RB/FLEX,4200,LV@WAS 09/21/2025 01:00PM ET,LV,2.05,RB
Zach Ertz,Zach Ertz (40059028),TE/FLEX,4200,LV@WAS 09/21/2025 01:00PM ET,WAS,15,TE
Luther Burden III,Luther Burden III (40058632),WR/FLEX,4200,DAL@CHI 09/21/2025 04:25PM ET,CHI,1.1,WR
David Njoku,David Njoku (40059030),TE/FLEX,4100,GB@CLE 09/21/2025 01:00PM ET,CLE,7.35,TE
DeMario Douglas,DeMario Douglas (40058636),WR/FLEX,4100,PIT@NE 09/21/2025 01:00PM ET,NE,5,WR
Chris Rodriguez Jr.,Chris Rodriguez Jr. (40058352),RB/FLEX,4100,LV@WAS 09/21/2025 01:00PM ET,WAS,0,RB
Dont'e Thornton Jr.,Dont'e Thornton Jr. (40058638),WR/FLEX,4100,LV@WAS 09/21/2025 01:00PM ET,LV,4.75,WR
Kyle Monangai,Kyle Monangai (40058354),RB/FLEX,4100,DAL@CHI 09/21/2025 04:25PM ET,CHI,3.35,RB
Hendon Hooker,Hendon Hooker (40058241),QB,4000,ATL@CAR 09/21/2025 01:00PM ET,CAR,0,QB
Emory Jones,Emory Jones (40058242),QB,4000,ATL@CAR 09/21/2025 01:00PM ET,ATL,0,QB
Easton Stick,Easton Stick (40058243),QB,4000,ATL@CAR 09/21/2025 01:00PM ET,ATL,0,QB
Trevor Etienne,Trevor Etienne (40058516),RB/FLEX,4000,ATL@CAR 09/21/2025 01:00PM ET,CAR,0.8,RB
Jonathon Brooks,Jonathon Brooks (40058518),RB/FLEX,4000,ATL@CAR 09/21/2025 01:00PM ET,CAR,0,RB
DeeJay Dallas,DeeJay Dallas (40058520),RB/FLEX,4000,ATL@CAR 09/21/2025 01:00PM ET,CAR,0,RB
Nathan Carter,Nathan Carter (40058522),RB/FLEX,4000,ATL@CAR 09/21/2025 01:00PM ET,ATL,0,RB
Carlos Washington Jr.,Carlos Washington Jr. (40058524),RB/FLEX,4000,ATL@CAR 09/21/2025 01:00PM ET,ATL,0,RB
Malik Willis,Malik Willis (40058237),QB,4000,GB@CLE 09/21/2025 01:00PM ET,GB,0,QB
Clayton Tune,Clayton Tune (40058238),QB,4000,GB@CLE 09/21/2025 01:00PM ET,GB,0,QB
Deshaun Watson,Deshaun Watson (40058239),QB,4000,GB@CLE 09/21/2025 01:00PM ET,CLE,0,QB
Bailey Zappe,Bailey Zappe (40058240),QB,4000,GB@CLE 09/21/2025 01:00PM ET,CLE,0,QB
Raheim Sanders,Raheim Sanders (40058360),RB/FLEX,4000,GB@CLE 09/21/2025 01:00PM ET,CLE,6.3,RB
Chris Brooks,Chris Brooks (40058508),RB/FLEX,4000,GB@CLE 09/21/2025 01:00PM ET,GB,3.5,RB
MarShawn Lloyd,MarShawn Lloyd (40058510),RB/FLEX,4000,GB@CLE 09/21/2025 01:00PM ET,GB,0,RB
Pierre Strong Jr.,Pierre Strong Jr. (40058512),RB/FLEX,4000,GB@CLE 09/21/2025 01:00PM ET,GB,0,RB
Ahmani Marshall,Ahmani Marshall (40058514),RB/FLEX,4000,GB@CLE 09/21/2025 01:00PM ET,CLE,0,RB
Emanuel Wilson,Emanuel Wilson (40058530),RB/FLEX,4000,GB@CLE 09/21/2025 01:00PM ET,GB,0.2,RB
Nick Mullens,Nick Mullens (40058234),QB,4000,HOU@JAX 09/21/2025 01:00PM ET,JAX,0,QB
Seth Henigan,Seth Henigan (40058235),QB,4000,HOU@JAX 09/21/2025 01:00PM ET,JAX,0,QB
Graham Mertz,Graham Mertz (40058236),QB,4000,HOU@JAX 09/21/2025 01:00PM ET,HOU,0,QB
LeQuint Allen Jr.,LeQuint Allen Jr. (40058494),RB/FLEX,4000,HOU@JAX 09/21/2025 01:00PM ET,JAX,1.7,RB
Cody Schrader,Cody Schrader (40058496),RB/FLEX,4000,HOU@JAX 09/21/2025 01:00PM ET,JAX,0,RB
Ja'Quinden Jackson,Ja'Quinden Jackson (40058498),RB/FLEX,4000,HOU@JAX 09/21/2025 01:00PM ET,JAX,0,RB
Dare Ogunbowale,Dare Ogunbowale (40058500),RB/FLEX,4000,HOU@JAX 09/21/2025 01:00PM ET,HOU,1.8,RB
British Brooks,British Brooks (40058502),RB/FLEX,4000,HOU@JAX 09/21/2025 01:00PM ET,HOU,0,RB
Joe Mixon,Joe Mixon (40058504),RB/FLEX,4000,HOU@JAX 09/21/2025 01:00PM ET,HOU,0,RB
Jawhar Jordan,Jawhar Jordan (40058506),RB/FLEX,4000,HOU@JAX 09/21/2025 01:00PM ET,HOU,0,RB
Carson Wentz,Carson Wentz (40058194),QB,4000,CIN@MIN 09/21/2025 01:00PM ET,MIN,0,QB
Max Brosmer,Max Brosmer (40058232),QB,4000,CIN@MIN 09/21/2025 01:00PM ET,MIN,0,QB
Brett Rypien,Brett Rypien (40058233),QB,4000,CIN@MIN 09/21/2025 01:00PM ET,CIN,0,QB
Zavier Scott,Zavier Scott (40058478),RB/FLEX,4000,CIN@MIN 09/21/2025 01:00PM ET,MIN,0,RB
Ty Chandler,Ty Chandler (40058480),RB/FLEX,4000,CIN@MIN 09/21/2025 01:00PM ET,MIN,0,RB
Xazavian Valladay,Xazavian Valladay (40058482),RB/FLEX,4000,CIN@MIN 09/21/2025 01:00PM ET,MIN,0,RB
C.J. Ham,C.J. Ham (40058484),RB/FLEX,4000,CIN@MIN 09/21/2025 01:00PM ET,MIN,0,RB
Samaje Perine,Samaje Perine (40058486),RB/FLEX,4000,CIN@MIN 09/21/2025 01:00PM ET,CIN,1.3,RB
Tahj Brooks,Tahj Brooks (40058488),RB/FLEX,4000,CIN@MIN 09/21/2025 01:00PM ET,CIN,0,RB
Kendall Milton,Kendall Milton (40058490),RB/FLEX,4000,CIN@MIN 09/21/2025 01:00PM ET,CIN,0,RB
Gary Brightwell,Gary Brightwell (40058492),RB/FLEX,4000,CIN@MIN 09/21/2025 01:00PM ET,CIN,0,RB
Mason Rudolph,Mason Rudolph (40058226),QB,4000,PIT@NE 09/21/2025 01:00PM ET,PIT,0.48,QB
Will Howard,Will Howard (40058227),QB,4000,PIT@NE 09/21/2025 01:00PM ET,PIT,0,QB
Skylar Thompson,Skylar Thompson (40058228),QB,4000,PIT@NE 09/21/2025 01:00PM ET,PIT,0,QB
Logan Woodside,Logan Woodside (40058229),QB,4000,PIT@NE 09/21/2025 01:00PM ET,PIT,0,QB
Joshua Dobbs,Joshua Dobbs (40058230),QB,4000,PIT@NE 09/21/2025 01:00PM ET,NE,0,QB
Tommy DeVito,Tommy DeVito (40058231),QB,4000,PIT@NE 09/21/2025 01:00PM ET,NE,0,QB
Trey Sermon,Trey Sermon (40058464),RB/FLEX,4000,PIT@NE 09/21/2025 01:00PM ET,PIT,0,RB
Lew Nichols,Lew Nichols (40058466),RB/FLEX,4000,PIT@NE 09/21/2025 01:00PM ET,PIT,0,RB
Lan Larison,Lan Larison (40058468),RB/FLEX,4000,PIT@NE 09/21/2025 01:00PM ET,NE,0,RB
Deneric Prince,Deneric Prince (40058470),RB/FLEX,4000,PIT@NE 09/21/2025 01:00PM ET,NE,0,RB
Terrell Jennings,Terrell Jennings (40058472),RB/FLEX,4000,PIT@NE 09/21/2025 01:00PM ET,NE,0,RB
Brock Lampe,Brock Lampe (40058474),RB/FLEX,4000,PIT@NE 09/21/2025 01:00PM ET,NE,0,RB
Jack Westover,Jack Westover (40058476),RB/FLEX,4000,PIT@NE 09/21/2025 01:00PM ET,NE,0,RB
Calvin Austin III,Calvin Austin III (40058640),WR/FLEX,4000,PIT@NE 09/21/2025 01:00PM ET,PIT,10.1,WR
Tanner McKee,Tanner McKee (40058196),QB,4000,LAR@PHI 09/21/2025 01:00PM ET,PHI,0,QB
Sam Howell,Sam Howell (40058223),QB,4000,LAR@PHI 09/21/2025 01:00PM ET,PHI,0,QB
Kyle McCord,Kyle McCord (40058224),QB,4000,LAR@PHI 09/21/2025 01:00PM ET,PHI,0,QB
Stetson Bennett IV,Stetson Bennett IV (40058225),QB,4000,LAR@PHI 09/21/2025 01:00PM ET,LAR,0,QB
Audric Estime,Audric Estime (40058456),RB/FLEX,4000,LAR@PHI 09/21/2025 01:00PM ET,PHI,0,RB
Ben VanSumeren,Ben VanSumeren (40058458),RB/FLEX,4000,LAR@PHI 09/21/2025 01:00PM ET,PHI,0,RB
Jarquez Hunter,Jarquez Hunter (40058460),RB/FLEX,4000,LAR@PHI 09/21/2025 01:00PM ET,LAR,0,RB
Ronnie Rivers,Ronnie Rivers (40058462),RB/FLEX,4000,LAR@PHI 09/21/2025 01:00PM ET,LAR,0,RB
A.J. Dillon,A.J. Dillon (40058528),RB/FLEX,4000,LAR@PHI 09/21/2025 01:00PM ET,PHI,1.45,RB
Connor Bazelak,Connor Bazelak (40058221),QB,4000,NYJ@TB 09/21/2025 01:00PM ET,TB,0,QB
Brady Cook,Brady Cook (40058222),QB,4000,NYJ@TB 09/21/2025 01:00PM ET,NYJ,0,QB
Sean Tucker,Sean Tucker (40058444),RB/FLEX,4000,NYJ@TB 09/21/2025 01:00PM ET,TB,0.1,RB
Josh Williams,Josh Williams (40058446),RB/FLEX,4000,NYJ@TB 09/21/2025 01:00PM ET,TB,0,RB
Isaiah Davis,Isaiah Davis (40058448),RB/FLEX,4000,NYJ@TB 09/21/2025 01:00PM ET,NYJ,1.7,RB
Kene Nwangwu,Kene Nwangwu (40058450),RB/FLEX,4000,NYJ@TB 09/21/2025 01:00PM ET,NYJ,0,RB
Keilan Robinson,Keilan Robinson (40058452),RB/FLEX,4000,NYJ@TB 09/21/2025 01:00PM ET,NYJ,0,RB
Andrew Beck,Andrew Beck (40058454),RB/FLEX,4000,NYJ@TB 09/21/2025 01:00PM ET,NYJ,0,RB
Riley Leonard,Riley Leonard (40058217),QB,4000,IND@TEN 09/21/2025 01:00PM ET,IND,0,QB
Brandon Allen,Brandon Allen (40058218),QB,4000,IND@TEN 09/21/2025 01:00PM ET,TEN,0,QB
Will Levis,Will Levis (40058219),QB,4000,IND@TEN 09/21/2025 01:00PM ET,TEN,0,QB
Trevor Siemian,Trevor Siemian (40058220),QB,4000,IND@TEN 09/21/2025 01:00PM ET,TEN,0,QB
Tyler Goodson,Tyler Goodson (40058428),RB/FLEX,4000,IND@TEN 09/21/2025 01:00PM ET,IND,0,RB
Ulysses Bentley IV,Ulysses Bentley IV (40058430),RB/FLEX,4000,IND@TEN 09/21/2025 01:00PM ET,IND,0,RB
Salvon Ahmed,Salvon Ahmed (40058432),RB/FLEX,4000,IND@TEN 09/21/2025 01:00PM ET,IND,0,RB
Ameer Abdullah,Ameer Abdullah (40058434),RB/FLEX,4000,IND@TEN 09/21/2025 01:00PM ET,IND,0,RB
Julius Chestnut,Julius Chestnut (40058436),RB/FLEX,4000,IND@TEN 09/21/2025 01:00PM ET,TEN,0.1,RB
Kalel Mullings,Kalel Mullings (40058438),RB/FLEX,4000,IND@TEN 09/21/2025 01:00PM ET,TEN,0,RB
Jordan Mims,Jordan Mims (40058440),RB/FLEX,4000,IND@TEN 09/21/2025 01:00PM ET,TEN,0,RB
Tyjae Spears,Tyjae Spears (40058442),RB/FLEX,4000,IND@TEN 09/21/2025 01:00PM ET,TEN,0,RB
Marcus Mariota,Marcus Mariota (40058211),QB,4000,LV@WAS 09/21/2025 01:00PM ET,WAS,0,QB
Josh Johnson,Josh Johnson (40058212),QB,4000,LV@WAS 09/21/2025 01:00PM ET,WAS,0,QB
Sam Hartman,Sam Hartman (40058213),QB,4000,LV@WAS 09/21/2025 01:00PM ET,WAS,0,QB
Aidan O'Connell,Aidan O'Connell (40058214),QB,4000,LV@WAS 09/21/2025 01:00PM ET,LV,0,QB
Jeff Driskel,Jeff Driskel (40058215),QB,4000,LV@WAS 09/21/2025 01:00PM ET,LV,0,QB
Cam Miller,Cam Miller (40058216),QB,4000,LV@WAS 09/21/2025 01:00PM ET,LV,0,QB
Austin Ekeler,Austin Ekeler (40058356),RB/FLEX,4000,LV@WAS 09/21/2025 01:00PM ET,WAS,6.55,RB
Donovan Edwards,Donovan Edwards (40058422),RB/FLEX,4000,LV@WAS 09/21/2025 01:00PM ET,WAS,0,RB
Dylan Laube,Dylan Laube (40058424),RB/FLEX,4000,LV@WAS 09/21/2025 01:00PM ET,LV,1.85,RB
Chris Collier,Chris Collier (40058426),RB/FLEX,4000,LV@WAS 09/21/2025 01:00PM ET,LV,0,RB
DJ Uiagalelei,DJ Uiagalelei (40058208),QB,4000,DEN@LAC 09/21/2025 04:05PM ET,LAC,0,QB
Jarrett Stidham,Jarrett Stidham (40058209),QB,4000,DEN@LAC 09/21/2025 04:05PM ET,DEN,0,QB
Sam Ehlinger,Sam Ehlinger (40058210),QB,4000,DEN@LAC 09/21/2025 04:05PM ET,DEN,0,QB
Jaleel McLaughlin,Jaleel McLaughlin (40058358),RB/FLEX,4000,DEN@LAC 09/21/2025 04:05PM ET,DEN,0,RB
Hassan Haskins,Hassan Haskins (40058408),RB/FLEX,4000,DEN@LAC 09/21/2025 04:05PM ET,LAC,0,RB
Amar Johnson,Amar Johnson (40058410),RB/FLEX,4000,DEN@LAC 09/21/2025 04:05PM ET,LAC,0,RB
Scott Matlock,Scott Matlock (40058412),RB/FLEX,4000,DEN@LAC 09/21/2025 04:05PM ET,LAC,0,RB
Kimani Vidal,Kimani Vidal (40058414),RB/FLEX,4000,DEN@LAC 09/21/2025 04:05PM ET,LAC,0,RB
Adam Prentice,Adam Prentice (40058416),RB/FLEX,4000,DEN@LAC 09/21/2025 04:05PM ET,DEN,0.7,RB
Deuce Vaughn,Deuce Vaughn (40058418),RB/FLEX,4000,DEN@LAC 09/21/2025 04:05PM ET,DEN,0,RB
Michael Burton,Michael Burton (40058420),RB/FLEX,4000,DEN@LAC 09/21/2025 04:05PM ET,DEN,0,RB
Tyler Badie,Tyler Badie (40058526),RB/FLEX,4000,DEN@LAC 09/21/2025 04:05PM ET,DEN,3.9,RB
Troy Franklin,Troy Franklin (40058642),WR/FLEX,4000,DEN@LAC 09/21/2025 04:05PM ET,DEN,16.2,WR
Jake Haener,Jake Haener (40058195),QB,4000,NO@SEA 09/21/2025 04:05PM ET,NO,0,QB
Drew Lock,Drew Lock (40058205),QB,4000,NO@SEA 09/21/2025 04:05PM ET,SEA,0,QB
Jalen Milroe,Jalen Milroe (40058206),QB,4000,NO@SEA 09/21/2025 04:05PM ET,SEA,0.1,QB
Hunter Dekkers,Hunter Dekkers (40058207),QB,4000,NO@SEA 09/21/2025 04:05PM ET,NO,0,QB
George Holani,George Holani (40058392),RB/FLEX,4000,NO@SEA 09/21/2025 04:05PM ET,SEA,0,RB
Kenny McIntosh,Kenny McIntosh (40058394),RB/FLEX,4000,NO@SEA 09/21/2025 04:05PM ET,SEA,0,RB
Damien Martinez,Damien Martinez (40058396),RB/FLEX,4000,NO@SEA 09/21/2025 04:05PM ET,SEA,0,RB
Robbie Ouzts,Robbie Ouzts (40058398),RB/FLEX,4000,NO@SEA 09/21/2025 04:05PM ET,SEA,0,RB
Jacardia Wright,Jacardia Wright (40058400),RB/FLEX,4000,NO@SEA 09/21/2025 04:05PM ET,SEA,0,RB
Brady Russell,Brady Russell (40058402),RB/FLEX,4000,NO@SEA 09/21/2025 04:05PM ET,SEA,0,RB
Devin Neal,Devin Neal (40058404),RB/FLEX,4000,NO@SEA 09/21/2025 04:05PM ET,NO,0.9,RB
Velus Jones Jr.,Velus Jones Jr. (40058406),RB/FLEX,4000,NO@SEA 09/21/2025 04:05PM ET,NO,0,RB
Kendre Miller,Kendre Miller (40058532),RB/FLEX,4000,NO@SEA 09/21/2025 04:05PM ET,NO,2.2,RB
Tyson Bagent,Tyson Bagent (40058197),QB,4000,DAL@CHI 09/21/2025 04:25PM ET,CHI,1.78,QB
Joe Milton III,Joe Milton III (40058202),QB,4000,DAL@CHI 09/21/2025 04:25PM ET,DAL,0,QB
Will Grier,Will Grier (40058203),QB,4000,DAL@CHI 09/21/2025 04:25PM ET,DAL,0,QB
Case Keenum,Case Keenum (40058204),QB,4000,DAL@CHI 09/21/2025 04:25PM ET,CHI,0,QB
Roschon Johnson,Roschon Johnson (40058362),RB/FLEX,4000,DAL@CHI 09/21/2025 04:25PM ET,CHI,0,RB
Phil Mafah,Phil Mafah (40058380),RB/FLEX,4000,DAL@CHI 09/21/2025 04:25PM ET,DAL,0,RB
Hunter Luepke,Hunter Luepke (40058382),RB/FLEX,4000,DAL@CHI 09/21/2025 04:25PM ET,DAL,0,RB
Malik Davis,Malik Davis (40058384),RB/FLEX,4000,DAL@CHI 09/21/2025 04:25PM ET,DAL,0,RB
Travis Homer,Travis Homer (40058386),RB/FLEX,4000,DAL@CHI 09/21/2025 04:25PM ET,CHI,0,RB
Deion Hankins,Deion Hankins (40058388),RB/FLEX,4000,DAL@CHI 09/21/2025 04:25PM ET,CHI,0,RB
Brittain Brown,Brittain Brown (40058390),RB/FLEX,4000,DAL@CHI 09/21/2025 04:25PM ET,CHI,0,RB
Jake Ferguson,Jake Ferguson (40059032),TE/FLEX,4000,DAL@CHI 09/21/2025 04:25PM ET,DAL,12.05,TE
Adrian Martinez,Adrian Martinez (40058198),QB,4000,ARI@SF 09/21/2025 04:25PM ET,SF,0,QB
Kurtis Rourke,Kurtis Rourke (40058199),QB,4000,ARI@SF 09/21/2025 04:25PM ET,SF,0,QB
Jacoby Brissett,Jacoby Brissett (40058200),QB,4000,ARI@SF 09/21/2025 04:25PM ET,ARI,0.2,QB
Kedon Slovis,Kedon Slovis (40058201),QB,4000,ARI@SF 09/21/2025 04:25PM ET,ARI,0,QB
Isaac Guerendo,Isaac Guerendo (40058364),RB/FLEX,4000,ARI@SF 09/21/2025 04:25PM ET,SF,0,RB
Jordan James,Jordan James (40058366),RB/FLEX,4000,ARI@SF 09/21/2025 04:25PM ET,SF,0,RB
Patrick Taylor Jr.,Patrick Taylor Jr. (40058368),RB/FLEX,4000,ARI@SF 09/21/2025 04:25PM ET,SF,0,RB
Sincere McCormick,Sincere McCormick (40058370),RB/FLEX,4000,ARI@SF 09/21/2025 04:25PM ET,SF,0,RB
Kyle Juszczyk,Kyle Juszczyk (40058372),RB/FLEX,4000,ARI@SF 09/21/2025 04:25PM ET,SF,3.35,RB
Emari Demercado,Emari Demercado (40058374),RB/FLEX,4000,ARI@SF 09/21/2025 04:25PM ET,ARI,0,RB
Zonovan Knight,Zonovan Knight (40058376),RB/FLEX,4000,ARI@SF 09/21/2025 04:25PM ET,ARI,0,RB
Michael Carter,Michael Carter (40058378),RB/FLEX,4000,ARI@SF 09/21/2025 04:25PM ET,ARI,0,RB
Ray-Ray McCloud III,Ray-Ray McCloud III (40058646),WR/FLEX,3900,ATL@CAR 09/21/2025 01:00PM ET,ATL,4.05,WR
Kyle Pitts Sr.,Kyle Pitts Sr. (40059036),TE/FLEX,3900,ATL@CAR 09/21/2025 01:00PM ET,ATL,10.3,TE
Jack Bech,Jack Bech (40058648),WR/FLEX,3900,LV@WAS 09/21/2025 01:00PM ET,LV,1.65,WR
Juwan Johnson,Juwan Johnson (40059034),TE/FLEX,3900,NO@SEA 09/21/2025 04:05PM ET,NO,15.75,TE
KaVontae Turpin,KaVontae Turpin (40058644),WR/FLEX,3900,DAL@CHI 09/21/2025 04:25PM ET,DAL,10,WR
Jalen Nailor,Jalen Nailor (40058652),WR/FLEX,3800,CIN@MIN 09/21/2025 01:00PM ET,MIN,4.95,WR
T.J. Hockenson,T.J. Hockenson (40059038),TE/FLEX,3800,CIN@MIN 09/21/2025 01:00PM ET,MIN,3.35,TE
Hunter Henry,Hunter Henry (40059040),TE/FLEX,3800,PIT@NE 09/21/2025 01:00PM ET,NE,6.25,TE
Marvin Mims Jr.,Marvin Mims Jr. (40058650),WR/FLEX,3800,DEN@LAC 09/21/2025 04:05PM ET,DEN,6.8,WR
Brandin Cooks,Brandin Cooks (40058654),WR/FLEX,3800,NO@SEA 09/21/2025 04:05PM ET,NO,5.1,WR
Hunter Renfrow,Hunter Renfrow (40058656),WR/FLEX,3700,ATL@CAR 09/21/2025 01:00PM ET,CAR,13.45,WR
Dontayvion Wicks,Dontayvion Wicks (40058658),WR/FLEX,3700,GB@CLE 09/21/2025 01:00PM ET,GB,6.7,WR
Packers ,Packers  (40059306),DST,3700,GB@CLE 09/21/2025 01:00PM ET,GB,7.5,DST
Dallas Goedert,Dallas Goedert (40059042),TE/FLEX,3700,LAR@PHI 09/21/2025 01:00PM ET,PHI,11.4,TE
Elic Ayomanor,Elic Ayomanor (40058660),WR/FLEX,3700,IND@TEN 09/21/2025 01:00PM ET,TEN,9.45,WR
Evan Engram,Evan Engram (40059044),TE/FLEX,3700,DEN@LAC 09/21/2025 04:05PM ET,DEN,3.65,TE
Xavier Legette,Xavier Legette (40058664),WR/FLEX,3600,ATL@CAR 09/21/2025 01:00PM ET,CAR,2.4,WR
Harold Fannin Jr.,Harold Fannin Jr. (40059048),TE/FLEX,3600,GB@CLE 09/21/2025 01:00PM ET,CLE,11.7,TE
Jonnu Smith,Jonnu Smith (40059046),TE/FLEX,3600,PIT@NE 09/21/2025 01:00PM ET,PIT,9.6,TE
Sterling Shepard,Sterling Shepard (40058666),WR/FLEX,3600,NYJ@TB 09/21/2025 01:00PM ET,TB,7.15,WR
Tyler Lockett,Tyler Lockett (40058662),WR/FLEX,3600,IND@TEN 09/21/2025 01:00PM ET,TEN,1.45,WR
Seahawks ,Seahawks  (40059307),DST,3600,NO@SEA 09/21/2025 04:05PM ET,SEA,11,DST
Parker Washington,Parker Washington (40058668),WR/FLEX,3500,HOU@JAX 09/21/2025 01:00PM ET,JAX,6.3,WR
Xavier Hutchinson,Xavier Hutchinson (40058674),WR/FLEX,3500,HOU@JAX 09/21/2025 01:00PM ET,HOU,5.2,WR
Brenton Strange,Brenton Strange (40059052),TE/FLEX,3500,HOU@JAX 09/21/2025 01:00PM ET,JAX,7.3,TE
Josh Reynolds,Josh Reynolds (40058672),WR/FLEX,3500,NYJ@TB 09/21/2025 01:00PM ET,NYJ,3.8,WR
Cade Otton,Cade Otton (40059050),TE/FLEX,3500,NYJ@TB 09/21/2025 01:00PM ET,TB,2.75,TE
Buccaneers ,Buccaneers  (40059308),DST,3500,NYJ@TB 09/21/2025 01:00PM ET,TB,3,DST
Kendrick Bourne,Kendrick Bourne (40058670),WR/FLEX,3500,ARI@SF 09/21/2025 04:25PM ET,SF,6.2,WR
Dalton Schultz,Dalton Schultz (40059056),TE/FLEX,3400,HOU@JAX 09/21/2025 01:00PM ET,HOU,5.85,TE
Vikings ,Vikings  (40059309),DST,3400,CIN@MIN 09/21/2025 01:00PM ET,MIN,5,DST
Tez Johnson,Tez Johnson (40058678),WR/FLEX,3400,NYJ@TB 09/21/2025 01:00PM ET,TB,0,WR
Chig Okonkwo,Chig Okonkwo (40059054),TE/FLEX,3400,IND@TEN 09/21/2025 01:00PM ET,TEN,6.2,TE
Tre Tucker,Tre Tucker (40058680),WR/FLEX,3400,LV@WAS 09/21/2025 01:00PM ET,LV,9.15,WR
Tory Horton,Tory Horton (40058682),WR/FLEX,3400,NO@SEA 09/21/2025 04:05PM ET,SEA,5.6,WR
Olamide Zaccheaus,Olamide Zaccheaus (40058684),WR/FLEX,3400,DAL@CHI 09/21/2025 04:25PM ET,CHI,6.15,WR
Michael Wilson,Michael Wilson (40058676),WR/FLEX,3400,ARI@SF 09/21/2025 04:25PM ET,ARI,4.8,WR
Ja'Tavion Sanders,Ja'Tavion Sanders (40059058),TE/FLEX,3300,ATL@CAR 09/21/2025 01:00PM ET,CAR,8.55,TE
Savion Williams,Savion Williams (40058688),WR/FLEX,3300,GB@CLE 09/21/2025 01:00PM ET,GB,1.75,WR
Andrei Iosivas,Andrei Iosivas (40058694),WR/FLEX,3300,CIN@MIN 09/21/2025 01:00PM ET,CIN,1.1,WR
Kyle Williams,Kyle Williams (40058686),WR/FLEX,3300,PIT@NE 09/21/2025 01:00PM ET,NE,1.1,WR
Jahan Dotson,Jahan Dotson (40058696),WR/FLEX,3300,LAR@PHI 09/21/2025 01:00PM ET,PHI,5.15,WR
Allen Lazard,Allen Lazard (40058690),WR/FLEX,3300,NYJ@TB 09/21/2025 01:00PM ET,NYJ,0,WR
Colts ,Colts  (40059310),DST,3300,IND@TEN 09/21/2025 01:00PM ET,IND,7,DST
Marquez Valdes-Scantling,Marquez Valdes-Scantling (40058692),WR/FLEX,3300,ARI@SF 09/21/2025 04:25PM ET,SF,0,WR
Luke Farrell,Luke Farrell (40059060),TE/FLEX,3300,ARI@SF 09/21/2025 04:25PM ET,SF,5.45,TE
Falcons ,Falcons  (40059311),DST,3200,ATL@CAR 09/21/2025 01:00PM ET,ATL,11,DST
Jaylin Noel,Jaylin Noel (40058704),WR/FLEX,3200,HOU@JAX 09/21/2025 01:00PM ET,HOU,0.85,WR
Mike Gesicki,Mike Gesicki (40059064),TE/FLEX,3200,CIN@MIN 09/21/2025 01:00PM ET,CIN,3.6,TE
Ben Skowronek,Ben Skowronek (40058702),WR/FLEX,3200,PIT@NE 09/21/2025 01:00PM ET,PIT,4.6,WR
Tutu Atwell,Tutu Atwell (40058708),WR/FLEX,3200,LAR@PHI 09/21/2025 01:00PM ET,LAR,0.7,WR
Adonai Mitchell,Adonai Mitchell (40058698),WR/FLEX,3200,IND@TEN 09/21/2025 01:00PM ET,IND,4.05,WR
Jaylin Lane,Jaylin Lane (40058700),WR/FLEX,3200,LV@WAS 09/21/2025 01:00PM ET,WAS,1.65,WR
Devaughn Vele,Devaughn Vele (40058706),WR/FLEX,3200,NO@SEA 09/21/2025 04:05PM ET,NO,4.8,WR
Jalen Tolbert,Jalen Tolbert (40058710),WR/FLEX,3200,DAL@CHI 09/21/2025 04:25PM ET,DAL,2.3,WR
Colston Loveland,Colston Loveland (40059062),TE/FLEX,3200,DAL@CHI 09/21/2025 04:25PM ET,CHI,1.6,TE
Casey Washington,Casey Washington (40058722),WR/FLEX,3100,ATL@CAR 09/21/2025 01:00PM ET,ATL,6.3,WR
Isaiah Bond,Isaiah Bond (40058712),WR/FLEX,3100,GB@CLE 09/21/2025 01:00PM ET,CLE,2,WR
Malik Heath,Malik Heath (40058716),WR/FLEX,3100,GB@CLE 09/21/2025 01:00PM ET,GB,2.35,WR
Mitchell Tinsley,Mitchell Tinsley (40058724),WR/FLEX,3100,CIN@MIN 09/21/2025 01:00PM ET,CIN,4.15,WR
Noah Fant,Noah Fant (40059068),TE/FLEX,3100,CIN@MIN 09/21/2025 01:00PM ET,CIN,9.2,TE
Mack Hollins,Mack Hollins (40058726),WR/FLEX,3100,PIT@NE 09/21/2025 01:00PM ET,NE,4.55,WR
Pat Freiermuth,Pat Freiermuth (40059066),TE/FLEX,3100,PIT@NE 09/21/2025 01:00PM ET,PIT,5.95,TE
Eagles ,Eagles  (40059312),DST,3100,LAR@PHI 09/21/2025 01:00PM ET,PHI,4,DST
Luke McCaffrey,Luke McCaffrey (40058718),WR/FLEX,3100,LV@WAS 09/21/2025 01:00PM ET,WAS,2.45,WR
Pat Bryant,Pat Bryant (40058720),WR/FLEX,3100,DEN@LAC 09/21/2025 04:05PM ET,DEN,1.9,WR
Greg Dortch,Greg Dortch (40058714),WR/FLEX,3100,ARI@SF 09/21/2025 04:25PM ET,ARI,1.45,WR
49ers ,49ers  (40059313),DST,3100,ARI@SF 09/21/2025 04:25PM ET,SF,7,DST
KhaDarel Hodge,KhaDarel Hodge (40058738),WR/FLEX,3000,ATL@CAR 09/21/2025 01:00PM ET,ATL,0,WR
Brycen Tremayne,Brycen Tremayne (40058994),WR/FLEX,3000,ATL@CAR 09/21/2025 01:00PM ET,CAR,3.9,WR
David Moore,David Moore (40058996),WR/FLEX,3000,ATL@CAR 09/21/2025 01:00PM ET,CAR,0,WR
Jimmy Horn Jr.,Jimmy Horn Jr. (40058998),WR/FLEX,3000,ATL@CAR 09/21/2025 01:00PM ET,CAR,0,WR
Dalevon Campbell,Dalevon Campbell (40059000),WR/FLEX,3000,ATL@CAR 09/21/2025 01:00PM ET,CAR,0,WR
Jalen Coker,Jalen Coker (40059002),WR/FLEX,3000,ATL@CAR 09/21/2025 01:00PM ET,CAR,0,WR
Ainias Smith,Ainias Smith (40059004),WR/FLEX,3000,ATL@CAR 09/21/2025 01:00PM ET,CAR,0,WR
Ja'seem Reed,Ja'seem Reed (40059006),WR/FLEX,3000,ATL@CAR 09/21/2025 01:00PM ET,CAR,0,WR
Jamal Agnew,Jamal Agnew (40059008),WR/FLEX,3000,ATL@CAR 09/21/2025 01:00PM ET,ATL,0,WR
David Sills V,David Sills V (40059010),WR/FLEX,3000,ATL@CAR 09/21/2025 01:00PM ET,ATL,0,WR
Dylan Drummond,Dylan Drummond (40059012),WR/FLEX,3000,ATL@CAR 09/21/2025 01:00PM ET,ATL,0,WR
Nick Nash,Nick Nash (40059014),WR/FLEX,3000,ATL@CAR 09/21/2025 01:00PM ET,ATL,0,WR
Chris Blair,Chris Blair (40059016),WR/FLEX,3000,ATL@CAR 09/21/2025 01:00PM ET,ATL,0,WR
Jayden Reed,Jayden Reed (40058734),WR/FLEX,3000,GB@CLE 09/21/2025 01:00PM ET,GB,6.75,WR
Jamari Thrash,Jamari Thrash (40058742),WR/FLEX,3000,GB@CLE 09/21/2025 01:00PM ET,CLE,1.55,WR
Christian Watson,Christian Watson (40058976),WR/FLEX,3000,GB@CLE 09/21/2025 01:00PM ET,GB,0,WR
Isaiah Neyor,Isaiah Neyor (40058978),WR/FLEX,3000,GB@CLE 09/21/2025 01:00PM ET,GB,0,WR
Will Sheppard,Will Sheppard (40058980),WR/FLEX,3000,GB@CLE 09/21/2025 01:00PM ET,GB,0,WR
Mecole Hardman,Mecole Hardman (40058982),WR/FLEX,3000,GB@CLE 09/21/2025 01:00PM ET,GB,0,WR
DeAndre Carter,DeAndre Carter (40058984),WR/FLEX,3000,GB@CLE 09/21/2025 01:00PM ET,CLE,0,WR
David Bell,David Bell (40058986),WR/FLEX,3000,GB@CLE 09/21/2025 01:00PM ET,CLE,0,WR
Cade McDonald,Cade McDonald (40058988),WR/FLEX,3000,GB@CLE 09/21/2025 01:00PM ET,CLE,0,WR
Kaden Davis,Kaden Davis (40058990),WR/FLEX,3000,GB@CLE 09/21/2025 01:00PM ET,CLE,0,WR
Malachi Corley,Malachi Corley (40058992),WR/FLEX,3000,GB@CLE 09/21/2025 01:00PM ET,CLE,0,WR
Justin Watson,Justin Watson (40058732),WR/FLEX,3000,HOU@JAX 09/21/2025 01:00PM ET,HOU,3,WR
Tim Patrick,Tim Patrick (40058956),WR/FLEX,3000,HOU@JAX 09/21/2025 01:00PM ET,JAX,0,WR
Joshua Cephus,Joshua Cephus (40058958),WR/FLEX,3000,HOU@JAX 09/21/2025 01:00PM ET,JAX,0,WR
Austin Trammell,Austin Trammell (40058960),WR/FLEX,3000,HOU@JAX 09/21/2025 01:00PM ET,JAX,0,WR
Erik Ezukanma,Erik Ezukanma (40058962),WR/FLEX,3000,HOU@JAX 09/21/2025 01:00PM ET,JAX,0,WR
Chandler Brayboy,Chandler Brayboy (40058964),WR/FLEX,3000,HOU@JAX 09/21/2025 01:00PM ET,JAX,0,WR
Braxton Berrios,Braxton Berrios (40058966),WR/FLEX,3000,HOU@JAX 09/21/2025 01:00PM ET,HOU,0,WR
Tank Dell,Tank Dell (40058968),WR/FLEX,3000,HOU@JAX 09/21/2025 01:00PM ET,HOU,0,WR
Josh Kelly,Josh Kelly (40058970),WR/FLEX,3000,HOU@JAX 09/21/2025 01:00PM ET,HOU,0,WR
Jared Wayne,Jared Wayne (40058972),WR/FLEX,3000,HOU@JAX 09/21/2025 01:00PM ET,HOU,0,WR
Silas Bolden,Silas Bolden (40058974),WR/FLEX,3000,HOU@JAX 09/21/2025 01:00PM ET,HOU,0,WR
Tai Felton,Tai Felton (40058730),WR/FLEX,3000,CIN@MIN 09/21/2025 01:00PM ET,MIN,0,WR
Myles Price,Myles Price (40058936),WR/FLEX,3000,CIN@MIN 09/21/2025 01:00PM ET,MIN,-0.5,WR
Tim Jones,Tim Jones (40058938),WR/FLEX,3000,CIN@MIN 09/21/2025 01:00PM ET,MIN,0,WR
Jordan Addison,Jordan Addison (40058940),WR/FLEX,3000,CIN@MIN 09/21/2025 01:00PM ET,MIN,0,WR
Rondale Moore,Rondale Moore (40058942),WR/FLEX,3000,CIN@MIN 09/21/2025 01:00PM ET,MIN,0,WR
Jeshaun Jones,Jeshaun Jones (40058944),WR/FLEX,3000,CIN@MIN 09/21/2025 01:00PM ET,MIN,0,WR
Lucky Jackson,Lucky Jackson (40058946),WR/FLEX,3000,CIN@MIN 09/21/2025 01:00PM ET,MIN,0,WR
Dontae Fleming,Dontae Fleming (40058948),WR/FLEX,3000,CIN@MIN 09/21/2025 01:00PM ET,MIN,0,WR
Charlie Jones,Charlie Jones (40058950),WR/FLEX,3000,CIN@MIN 09/21/2025 01:00PM ET,CIN,0,WR
Jermaine Burton,Jermaine Burton (40058952),WR/FLEX,3000,CIN@MIN 09/21/2025 01:00PM ET,CIN,0,WR
Jordan Moore,Jordan Moore (40058954),WR/FLEX,3000,CIN@MIN 09/21/2025 01:00PM ET,CIN,0,WR
Roman Wilson,Roman Wilson (40058920),WR/FLEX,3000,PIT@NE 09/21/2025 01:00PM ET,PIT,0.85,WR
Scotty Miller,Scotty Miller (40058922),WR/FLEX,3000,PIT@NE 09/21/2025 01:00PM ET,PIT,0,WR
Rakim Jarrett,Rakim Jarrett (40058924),WR/FLEX,3000,PIT@NE 09/21/2025 01:00PM ET,PIT,0,WR
Max Hurleman,Max Hurleman (40058926),WR/FLEX,3000,PIT@NE 09/21/2025 01:00PM ET,PIT,0,WR
Ke'Shawn Williams,Ke'Shawn Williams (40058928),WR/FLEX,3000,PIT@NE 09/21/2025 01:00PM ET,PIT,0,WR
Efton Chism III,Efton Chism III (40058930),WR/FLEX,3000,PIT@NE 09/21/2025 01:00PM ET,NE,0,WR
John Jiles,John Jiles (40058932),WR/FLEX,3000,PIT@NE 09/21/2025 01:00PM ET,NE,0,WR
Jeremiah Webb,Jeremiah Webb (40058934),WR/FLEX,3000,PIT@NE 09/21/2025 01:00PM ET,NE,0,WR
John Metchie III,John Metchie III (40058898),WR/FLEX,3000,LAR@PHI 09/21/2025 01:00PM ET,PHI,0.5,WR
Darius Cooper,Darius Cooper (40058900),WR/FLEX,3000,LAR@PHI 09/21/2025 01:00PM ET,PHI,0,WR
Johnny Wilson,Johnny Wilson (40058902),WR/FLEX,3000,LAR@PHI 09/21/2025 01:00PM ET,PHI,0,WR
Terrace Marshall,Terrace Marshall (40058904),WR/FLEX,3000,LAR@PHI 09/21/2025 01:00PM ET,PHI,0,WR
Britain Covey,Britain Covey (40058906),WR/FLEX,3000,LAR@PHI 09/21/2025 01:00PM ET,PHI,0,WR
Javon Baker,Javon Baker (40058908),WR/FLEX,3000,LAR@PHI 09/21/2025 01:00PM ET,PHI,0,WR
Jordan Whittington,Jordan Whittington (40058910),WR/FLEX,3000,LAR@PHI 09/21/2025 01:00PM ET,LAR,3.35,WR
Konata Mumpfield,Konata Mumpfield (40058912),WR/FLEX,3000,LAR@PHI 09/21/2025 01:00PM ET,LAR,0,WR
Xavier Smith,Xavier Smith (40058914),WR/FLEX,3000,LAR@PHI 09/21/2025 01:00PM ET,LAR,2.3,WR
Tru Edwards,Tru Edwards (40058916),WR/FLEX,3000,LAR@PHI 09/21/2025 01:00PM ET,LAR,0,WR
Brennan Presley,Brennan Presley (40058918),WR/FLEX,3000,LAR@PHI 09/21/2025 01:00PM ET,LAR,0,WR
Tyler Johnson,Tyler Johnson (40058736),WR/FLEX,3000,NYJ@TB 09/21/2025 01:00PM ET,NYJ,2.55,WR
Ryan Miller,Ryan Miller (40058874),WR/FLEX,3000,NYJ@TB 09/21/2025 01:00PM ET,TB,4.5,WR
Kameron Johnson,Kameron Johnson (40058876),WR/FLEX,3000,NYJ@TB 09/21/2025 01:00PM ET,TB,0,WR
Jalen McMillan,Jalen McMillan (40058878),WR/FLEX,3000,NYJ@TB 09/21/2025 01:00PM ET,TB,0,WR
Jaden Smith,Jaden Smith (40058880),WR/FLEX,3000,NYJ@TB 09/21/2025 01:00PM ET,TB,0,WR
Garrett Greene,Garrett Greene (40058882),WR/FLEX,3000,NYJ@TB 09/21/2025 01:00PM ET,TB,0,WR
Dennis Houston,Dennis Houston (40058884),WR/FLEX,3000,NYJ@TB 09/21/2025 01:00PM ET,TB,0,WR
Arian Smith,Arian Smith (40058886),WR/FLEX,3000,NYJ@TB 09/21/2025 01:00PM ET,NYJ,0.4,WR
Isaiah Williams,Isaiah Williams (40058888),WR/FLEX,3000,NYJ@TB 09/21/2025 01:00PM ET,NYJ,0,WR
Irvin Charles,Irvin Charles (40058890),WR/FLEX,3000,NYJ@TB 09/21/2025 01:00PM ET,NYJ,0,WR
Quentin Skinner,Quentin Skinner (40058892),WR/FLEX,3000,NYJ@TB 09/21/2025 01:00PM ET,NYJ,0,WR
Jamaal Pritchett,Jamaal Pritchett (40058894),WR/FLEX,3000,NYJ@TB 09/21/2025 01:00PM ET,NYJ,0,WR
Brandon Smith,Brandon Smith (40058896),WR/FLEX,3000,NYJ@TB 09/21/2025 01:00PM ET,NYJ,0,WR
Van Jefferson,Van Jefferson (40058728),WR/FLEX,3000,IND@TEN 09/21/2025 01:00PM ET,TEN,1.5,WR
Ashton Dulin,Ashton Dulin (40058850),WR/FLEX,3000,IND@TEN 09/21/2025 01:00PM ET,IND,0.75,WR
Anthony Gould,Anthony Gould (40058852),WR/FLEX,3000,IND@TEN 09/21/2025 01:00PM ET,IND,0,WR
D.J. Montgomery,D.J. Montgomery (40058854),WR/FLEX,3000,IND@TEN 09/21/2025 01:00PM ET,IND,0,WR
Coleman Owen,Coleman Owen (40058856),WR/FLEX,3000,IND@TEN 09/21/2025 01:00PM ET,IND,0,WR
Laquon Treadwell,Laquon Treadwell (40058858),WR/FLEX,3000,IND@TEN 09/21/2025 01:00PM ET,IND,0,WR
Tyler Scott,Tyler Scott (40058860),WR/FLEX,3000,IND@TEN 09/21/2025 01:00PM ET,IND,0,WR
Chimere Dike,Chimere Dike (40058862),WR/FLEX,3000,IND@TEN 09/21/2025 01:00PM ET,TEN,1.85,WR
Bryce Oliver,Bryce Oliver (40058864),WR/FLEX,3000,IND@TEN 09/21/2025 01:00PM ET,TEN,0.9,WR
Treylon Burks,Treylon Burks (40058866),WR/FLEX,3000,IND@TEN 09/21/2025 01:00PM ET,TEN,0,WR
Mason Kinsey,Mason Kinsey (40058868),WR/FLEX,3000,IND@TEN 09/21/2025 01:00PM ET,TEN,0,WR
James Proche II,James Proche II (40058870),WR/FLEX,3000,IND@TEN 09/21/2025 01:00PM ET,TEN,0,WR
Xavier Restrepo,Xavier Restrepo (40058872),WR/FLEX,3000,IND@TEN 09/21/2025 01:00PM ET,TEN,0,WR
Noah Brown,Noah Brown (40058740),WR/FLEX,3000,LV@WAS 09/21/2025 01:00PM ET,WAS,3.3,WR
Jacoby Jones,Jacoby Jones (40058838),WR/FLEX,3000,LV@WAS 09/21/2025 01:00PM ET,WAS,0,WR
Ja'Corey Brooks,Ja'Corey Brooks (40058840),WR/FLEX,3000,LV@WAS 09/21/2025 01:00PM ET,WAS,0,WR
Chris Moore,Chris Moore (40058842),WR/FLEX,3000,LV@WAS 09/21/2025 01:00PM ET,WAS,4.4,WR
Phillip Dorsett II,Phillip Dorsett II (40058844),WR/FLEX,3000,LV@WAS 09/21/2025 01:00PM ET,LV,0,WR
Shedrick Jackson,Shedrick Jackson (40058846),WR/FLEX,3000,LV@WAS 09/21/2025 01:00PM ET,LV,0,WR
Alex Bachman,Alex Bachman (40058848),WR/FLEX,3000,LV@WAS 09/21/2025 01:00PM ET,LV,0,WR
Justin Shorter,Justin Shorter (40059018),WR/FLEX,3000,LV@WAS 09/21/2025 01:00PM ET,LV,0,WR
Michael Mayer,Michael Mayer (40059072),TE/FLEX,3000,LV@WAS 09/21/2025 01:00PM ET,LV,5.35,TE
Commanders ,Commanders  (40059314),DST,3000,LV@WAS 09/21/2025 01:00PM ET,WAS,5.5,DST
Tre' Harris,Tre' Harris (40058820),WR/FLEX,3000,DEN@LAC 09/21/2025 04:05PM ET,LAC,3.75,WR
KeAndre Lambert-Smith,KeAndre Lambert-Smith (40058822),WR/FLEX,3000,DEN@LAC 09/21/2025 04:05PM ET,LAC,0,WR
Derius Davis,Derius Davis (40058824),WR/FLEX,3000,DEN@LAC 09/21/2025 04:05PM ET,LAC,0.15,WR
Luke Grimm,Luke Grimm (40058826),WR/FLEX,3000,DEN@LAC 09/21/2025 04:05PM ET,LAC,0,WR
JaQuae Jackson,JaQuae Jackson (40058828),WR/FLEX,3000,DEN@LAC 09/21/2025 04:05PM ET,LAC,0,WR
Trent Sherfield Sr.,Trent Sherfield Sr. (40058830),WR/FLEX,3000,DEN@LAC 09/21/2025 04:05PM ET,DEN,1.3,WR
Thayer Thomas,Thayer Thomas (40058832),WR/FLEX,3000,DEN@LAC 09/21/2025 04:05PM ET,DEN,0,WR
Michael Bandy,Michael Bandy (40058834),WR/FLEX,3000,DEN@LAC 09/21/2025 04:05PM ET,DEN,0,WR
A.T. Perry,A.T. Perry (40058836),WR/FLEX,3000,DEN@LAC 09/21/2025 04:05PM ET,DEN,0,WR
Broncos ,Broncos  (40059315),DST,3000,DEN@LAC 09/21/2025 04:05PM ET,DEN,7,DST
Jake Bobo,Jake Bobo (40058794),WR/FLEX,3000,NO@SEA 09/21/2025 04:05PM ET,SEA,0,WR
Dareke Young,Dareke Young (40058796),WR/FLEX,3000,NO@SEA 09/21/2025 04:05PM ET,SEA,0,WR
Courtney Jackson,Courtney Jackson (40058798),WR/FLEX,3000,NO@SEA 09/21/2025 04:05PM ET,SEA,0,WR
Cody White,Cody White (40058800),WR/FLEX,3000,NO@SEA 09/21/2025 04:05PM ET,SEA,0,WR
Ricky White III,Ricky White III (40058802),WR/FLEX,3000,NO@SEA 09/21/2025 04:05PM ET,SEA,0,WR
Tyrone Broden,Tyrone Broden (40058804),WR/FLEX,3000,NO@SEA 09/21/2025 04:05PM ET,SEA,0,WR
Mason Tipton,Mason Tipton (40058806),WR/FLEX,3000,NO@SEA 09/21/2025 04:05PM ET,NO,0,WR
Trey Palmer,Trey Palmer (40058808),WR/FLEX,3000,NO@SEA 09/21/2025 04:05PM ET,NO,0,WR
Ja'Lynn Polk,Ja'Lynn Polk (40058810),WR/FLEX,3000,NO@SEA 09/21/2025 04:05PM ET,NO,0,WR
Bub Means,Bub Means (40058812),WR/FLEX,3000,NO@SEA 09/21/2025 04:05PM ET,NO,0,WR
Kevin Austin Jr.,Kevin Austin Jr. (40058814),WR/FLEX,3000,NO@SEA 09/21/2025 04:05PM ET,NO,0,WR
Tommy Mellott,Tommy Mellott (40058816),WR/FLEX,3000,NO@SEA 09/21/2025 04:05PM ET,NO,0,WR
Cedrick Wilson Jr.,Cedrick Wilson Jr. (40058818),WR/FLEX,3000,NO@SEA 09/21/2025 04:05PM ET,NO,0,WR
AJ Barner,AJ Barner (40059070),TE/FLEX,3000,NO@SEA 09/21/2025 04:05PM ET,SEA,6,TE
Ryan Flournoy,Ryan Flournoy (40058774),WR/FLEX,3000,DAL@CHI 09/21/2025 04:25PM ET,DAL,0,WR
Jonathan Mingo,Jonathan Mingo (40058776),WR/FLEX,3000,DAL@CHI 09/21/2025 04:25PM ET,DAL,0,WR
Jalen Brooks,Jalen Brooks (40058778),WR/FLEX,3000,DAL@CHI 09/21/2025 04:25PM ET,DAL,0,WR
Traeshon Holden,Traeshon Holden (40058780),WR/FLEX,3000,DAL@CHI 09/21/2025 04:25PM ET,DAL,0,WR
Jalen Cropper,Jalen Cropper (40058782),WR/FLEX,3000,DAL@CHI 09/21/2025 04:25PM ET,DAL,0,WR
Devin Duvernay,Devin Duvernay (40058784),WR/FLEX,3000,DAL@CHI 09/21/2025 04:25PM ET,CHI,0,WR
Jahdae Walker,Jahdae Walker (40058786),WR/FLEX,3000,DAL@CHI 09/21/2025 04:25PM ET,CHI,0,WR
JP Richardson,JP Richardson (40058788),WR/FLEX,3000,DAL@CHI 09/21/2025 04:25PM ET,CHI,0,WR
Maurice Alexander,Maurice Alexander (40058790),WR/FLEX,3000,DAL@CHI 09/21/2025 04:25PM ET,CHI,0,WR
Miles Boykin,Miles Boykin (40058792),WR/FLEX,3000,DAL@CHI 09/21/2025 04:25PM ET,CHI,0,WR
Cole Kmet,Cole Kmet (40059074),TE/FLEX,3000,DAL@CHI 09/21/2025 04:25PM ET,CHI,4.5,TE
Jordan Watkins,Jordan Watkins (40058744),WR/FLEX,3000,ARI@SF 09/21/2025 04:25PM ET,SF,0,WR
Skyy Moore,Skyy Moore (40058746),WR/FLEX,3000,ARI@SF 09/21/2025 04:25PM ET,SF,0,WR
Demarcus Robinson,Demarcus Robinson (40058748),WR/FLEX,3000,ARI@SF 09/21/2025 04:25PM ET,SF,0,WR
Brandon Aiyuk,Brandon Aiyuk (40058750),WR/FLEX,3000,ARI@SF 09/21/2025 04:25PM ET,SF,0,WR
Jacob Cowing,Jacob Cowing (40058752),WR/FLEX,3000,ARI@SF 09/21/2025 04:25PM ET,SF,0,WR
Malik Turner,Malik Turner (40058754),WR/FLEX,3000,ARI@SF 09/21/2025 04:25PM ET,SF,0,WR
Russell Gage Jr.,Russell Gage Jr. (40058756),WR/FLEX,3000,ARI@SF 09/21/2025 04:25PM ET,SF,0,WR
Trent Taylor,Trent Taylor (40058758),WR/FLEX,3000,ARI@SF 09/21/2025 04:25PM ET,SF,0,WR
Junior Bergen,Junior Bergen (40058760),WR/FLEX,3000,ARI@SF 09/21/2025 04:25PM ET,SF,0,WR
Zay Jones,Zay Jones (40058762),WR/FLEX,3000,ARI@SF 09/21/2025 04:25PM ET,ARI,0.7,WR
Xavier Weaver,Xavier Weaver (40058764),WR/FLEX,3000,ARI@SF 09/21/2025 04:25PM ET,ARI,0,WR
Simi Fehoko,Simi Fehoko (40058766),WR/FLEX,3000,ARI@SF 09/21/2025 04:25PM ET,ARI,0,WR
Trishton Jackson,Trishton Jackson (40058768),WR/FLEX,3000,ARI@SF 09/21/2025 04:25PM ET,ARI,0,WR
Andre Baccellia,Andre Baccellia (40058770),WR/FLEX,3000,ARI@SF 09/21/2025 04:25PM ET,ARI,0,WR
Tejhaun Palmer,Tejhaun Palmer (40058772),WR/FLEX,3000,ARI@SF 09/21/2025 04:25PM ET,ARI,0,WR
Tyler Higbee,Tyler Higbee (40059078),TE/FLEX,2900,LAR@PHI 09/21/2025 01:00PM ET,LAR,3.85,TE
Will Dissly,Will Dissly (40059080),TE/FLEX,2900,DEN@LAC 09/21/2025 04:05PM ET,LAC,2.25,TE
Chargers ,Chargers  (40059316),DST,2900,DEN@LAC 09/21/2025 04:05PM ET,LAC,7.5,DST
Jake Tonges,Jake Tonges (40059076),TE/FLEX,2900,ARI@SF 09/21/2025 04:25PM ET,SF,8.8,TE
Cardinals ,Cardinals  (40059317),DST,2900,ARI@SF 09/21/2025 04:25PM ET,ARI,9,DST
Jaguars ,Jaguars  (40059318),DST,2800,HOU@JAX 09/21/2025 01:00PM ET,JAX,9.5,DST
Austin Hooper,Austin Hooper (40059084),TE/FLEX,2800,PIT@NE 09/21/2025 01:00PM ET,NE,4.4,TE
Steelers ,Steelers  (40059319),DST,2800,PIT@NE 09/21/2025 01:00PM ET,PIT,3.5,DST
Payne Durham,Payne Durham (40059086),TE/FLEX,2800,NYJ@TB 09/21/2025 01:00PM ET,TB,0,TE
Tyler Conklin,Tyler Conklin (40059082),TE/FLEX,2800,DEN@LAC 09/21/2025 04:05PM ET,LAC,3.6,TE
Luke Musgrave,Luke Musgrave (40059090),TE/FLEX,2700,GB@CLE 09/21/2025 01:00PM ET,GB,3.3,TE
Texans ,Texans  (40059321),DST,2700,HOU@JAX 09/21/2025 01:00PM ET,HOU,6.5,DST
Grant Calcaterra,Grant Calcaterra (40059088),TE/FLEX,2700,LAR@PHI 09/21/2025 01:00PM ET,PHI,0.8,TE
Adam Trautman,Adam Trautman (40059092),TE/FLEX,2700,DEN@LAC 09/21/2025 04:05PM ET,DEN,5.75,TE
Cowboys ,Cowboys  (40059320),DST,2700,DAL@CHI 09/21/2025 04:25PM ET,DAL,1,DST
Patriots ,Patriots  (40059323),DST,2600,PIT@NE 09/21/2025 01:00PM ET,NE,10,DST
Davis Allen,Davis Allen (40059096),TE/FLEX,2600,LAR@PHI 09/21/2025 01:00PM ET,LAR,8.05,TE
Mason Taylor,Mason Taylor (40059098),TE/FLEX,2600,NYJ@TB 09/21/2025 01:00PM ET,NYJ,2.25,TE
Gunnar Helm,Gunnar Helm (40059094),TE/FLEX,2600,IND@TEN 09/21/2025 01:00PM ET,TEN,2.75,TE
Bears ,Bears  (40059322),DST,2600,DAL@CHI 09/21/2025 04:25PM ET,CHI,3.5,DST
Brenden Bates,Brenden Bates (40059284),TE/FLEX,2500,HOU@JAX 09/21/2025 01:00PM ET,HOU,0,TE
Tommy Tremble,Tommy Tremble (40059288),TE/FLEX,2500,ATL@CAR 09/21/2025 01:00PM ET,CAR,3.1,TE
Mitchell Evans,Mitchell Evans (40059290),TE/FLEX,2500,ATL@CAR 09/21/2025 01:00PM ET,CAR,0.95,TE
James Mitchell,James Mitchell (40059292),TE/FLEX,2500,ATL@CAR 09/21/2025 01:00PM ET,CAR,0,TE
Bryce Pierre,Bryce Pierre (40059294),TE/FLEX,2500,ATL@CAR 09/21/2025 01:00PM ET,CAR,0,TE
Charlie Woerner,Charlie Woerner (40059296),TE/FLEX,2500,ATL@CAR 09/21/2025 01:00PM ET,ATL,0,TE
Teagan Quitoriano,Teagan Quitoriano (40059298),TE/FLEX,2500,ATL@CAR 09/21/2025 01:00PM ET,ATL,0,TE
Feleipe Franks,Feleipe Franks (40059300),TE/FLEX,2500,ATL@CAR 09/21/2025 01:00PM ET,ATL,0,TE
Joshua Simon,Joshua Simon (40059302),TE/FLEX,2500,ATL@CAR 09/21/2025 01:00PM ET,ATL,0,TE
Panthers ,Panthers  (40059325),DST,2500,ATL@CAR 09/21/2025 01:00PM ET,CAR,2.5,DST
John FitzPatrick,John FitzPatrick (40059276),TE/FLEX,2500,GB@CLE 09/21/2025 01:00PM ET,GB,0.6,TE
Ben Sims,Ben Sims (40059278),TE/FLEX,2500,GB@CLE 09/21/2025 01:00PM ET,GB,0,TE
Josh Whyle,Josh Whyle (40059280),TE/FLEX,2500,GB@CLE 09/21/2025 01:00PM ET,GB,0,TE
Blake Whiteheart,Blake Whiteheart (40059282),TE/FLEX,2500,GB@CLE 09/21/2025 01:00PM ET,CLE,0,TE
Sal Cannella,Sal Cannella (40059286),TE/FLEX,2500,GB@CLE 09/21/2025 01:00PM ET,CLE,0,TE
Cade Stover,Cade Stover (40059102),TE/FLEX,2500,HOU@JAX 09/21/2025 01:00PM ET,HOU,6.2,TE
Johnny Mundt,Johnny Mundt (40059260),TE/FLEX,2500,HOU@JAX 09/21/2025 01:00PM ET,JAX,0,TE
Quintin Morris,Quintin Morris (40059262),TE/FLEX,2500,HOU@JAX 09/21/2025 01:00PM ET,JAX,0,TE
Patrick Herbert,Patrick Herbert (40059264),TE/FLEX,2500,HOU@JAX 09/21/2025 01:00PM ET,JAX,0,TE
Harrison Bryant,Harrison Bryant (40059266),TE/FLEX,2500,HOU@JAX 09/21/2025 01:00PM ET,HOU,0,TE
Brevin Jordan,Brevin Jordan (40059268),TE/FLEX,2500,HOU@JAX 09/21/2025 01:00PM ET,HOU,0,TE
Irv Smith Jr.,Irv Smith Jr. (40059270),TE/FLEX,2500,HOU@JAX 09/21/2025 01:00PM ET,HOU,0,TE
Luke Lachey,Luke Lachey (40059272),TE/FLEX,2500,HOU@JAX 09/21/2025 01:00PM ET,HOU,0,TE
Jakob Johnson,Jakob Johnson (40059274),TE/FLEX,2500,HOU@JAX 09/21/2025 01:00PM ET,HOU,0,TE
Hunter Long,Hunter Long (40059304),TE/FLEX,2500,HOU@JAX 09/21/2025 01:00PM ET,JAX,3.8,TE
Josh Oliver,Josh Oliver (40059238),TE/FLEX,2500,CIN@MIN 09/21/2025 01:00PM ET,MIN,0.75,TE
Ben Yurosek,Ben Yurosek (40059240),TE/FLEX,2500,CIN@MIN 09/21/2025 01:00PM ET,MIN,0,TE
Nick Vannett,Nick Vannett (40059242),TE/FLEX,2500,CIN@MIN 09/21/2025 01:00PM ET,MIN,0,TE
Gavin Bartholomew,Gavin Bartholomew (40059244),TE/FLEX,2500,CIN@MIN 09/21/2025 01:00PM ET,MIN,0,TE
Bryson Nesbit,Bryson Nesbit (40059246),TE/FLEX,2500,CIN@MIN 09/21/2025 01:00PM ET,MIN,0,TE
Andrew DePaola,Andrew DePaola (40059248),TE/FLEX,2500,CIN@MIN 09/21/2025 01:00PM ET,MIN,0,TE
Drew Sample,Drew Sample (40059250),TE/FLEX,2500,CIN@MIN 09/21/2025 01:00PM ET,CIN,0.85,TE
Tanner Hudson,Tanner Hudson (40059252),TE/FLEX,2500,CIN@MIN 09/21/2025 01:00PM ET,CIN,0,TE
Cam Grandy,Cam Grandy (40059254),TE/FLEX,2500,CIN@MIN 09/21/2025 01:00PM ET,CIN,0,TE
Erick All Jr.,Erick All Jr. (40059256),TE/FLEX,2500,CIN@MIN 09/21/2025 01:00PM ET,CIN,0,TE
William Wagner,William Wagner (40059258),TE/FLEX,2500,CIN@MIN 09/21/2025 01:00PM ET,CIN,0,TE
Darnell Washington,Darnell Washington (40059228),TE/FLEX,2500,PIT@NE 09/21/2025 01:00PM ET,PIT,1,TE
Donald Parham Jr.,Donald Parham Jr. (40059230),TE/FLEX,2500,PIT@NE 09/21/2025 01:00PM ET,PIT,0,TE
Connor Heyward,Connor Heyward (40059232),TE/FLEX,2500,PIT@NE 09/21/2025 01:00PM ET,PIT,0.8,TE
JJ Galbreath,JJ Galbreath (40059234),TE/FLEX,2500,PIT@NE 09/21/2025 01:00PM ET,PIT,0,TE
CJ Dippre,CJ Dippre (40059236),TE/FLEX,2500,PIT@NE 09/21/2025 01:00PM ET,NE,0,TE
Terrance Ferguson,Terrance Ferguson (40059104),TE/FLEX,2500,LAR@PHI 09/21/2025 01:00PM ET,LAR,0,TE
Kylen Granson,Kylen Granson (40059218),TE/FLEX,2500,LAR@PHI 09/21/2025 01:00PM ET,PHI,1.3,TE
Cameron Latu,Cameron Latu (40059220),TE/FLEX,2500,LAR@PHI 09/21/2025 01:00PM ET,PHI,0,TE
E.J. Jenkins,E.J. Jenkins (40059222),TE/FLEX,2500,LAR@PHI 09/21/2025 01:00PM ET,PHI,0,TE
Colby Parkinson,Colby Parkinson (40059224),TE/FLEX,2500,LAR@PHI 09/21/2025 01:00PM ET,LAR,0.4,TE
Mark Redman,Mark Redman (40059226),TE/FLEX,2500,LAR@PHI 09/21/2025 01:00PM ET,LAR,0,TE
Ko Kieft,Ko Kieft (40059204),TE/FLEX,2500,NYJ@TB 09/21/2025 01:00PM ET,TB,0,TE
Devin Culp,Devin Culp (40059206),TE/FLEX,2500,NYJ@TB 09/21/2025 01:00PM ET,TB,0,TE
Tanner Taula,Tanner Taula (40059208),TE/FLEX,2500,NYJ@TB 09/21/2025 01:00PM ET,TB,0,TE
Evan Deckers,Evan Deckers (40059210),TE/FLEX,2500,NYJ@TB 09/21/2025 01:00PM ET,TB,0,TE
Jeremy Ruckert,Jeremy Ruckert (40059212),TE/FLEX,2500,NYJ@TB 09/21/2025 01:00PM ET,NYJ,5.55,TE
Stone Smartt,Stone Smartt (40059214),TE/FLEX,2500,NYJ@TB 09/21/2025 01:00PM ET,NYJ,0,TE
Jelani Woods,Jelani Woods (40059216),TE/FLEX,2500,NYJ@TB 09/21/2025 01:00PM ET,NYJ,0,TE
Mo Alie-Cox,Mo Alie-Cox (40059188),TE/FLEX,2500,IND@TEN 09/21/2025 01:00PM ET,IND,2.4,TE
Drew Ogletree,Drew Ogletree (40059190),TE/FLEX,2500,IND@TEN 09/21/2025 01:00PM ET,IND,0,TE
Will Mallory,Will Mallory (40059192),TE/FLEX,2500,IND@TEN 09/21/2025 01:00PM ET,IND,0,TE
Maximilian Mang,Maximilian Mang (40059194),TE/FLEX,2500,IND@TEN 09/21/2025 01:00PM ET,IND,0,TE
Sean McKeon,Sean McKeon (40059196),TE/FLEX,2500,IND@TEN 09/21/2025 01:00PM ET,IND,0,TE
David Martin-Robinson,David Martin-Robinson (40059198),TE/FLEX,2500,IND@TEN 09/21/2025 01:00PM ET,TEN,0,TE
Drake Dabney,Drake Dabney (40059200),TE/FLEX,2500,IND@TEN 09/21/2025 01:00PM ET,TEN,0,TE
Thomas Odukoya,Thomas Odukoya (40059202),TE/FLEX,2500,IND@TEN 09/21/2025 01:00PM ET,TEN,0,TE
Titans ,Titans  (40059324),DST,2500,IND@TEN 09/21/2025 01:00PM ET,TEN,7,DST
John Bates,John Bates (40059170),TE/FLEX,2500,LV@WAS 09/21/2025 01:00PM ET,WAS,0,TE
Ben Sinnott,Ben Sinnott (40059172),TE/FLEX,2500,LV@WAS 09/21/2025 01:00PM ET,WAS,0.85,TE
Colson Yankoff,Colson Yankoff (40059174),TE/FLEX,2500,LV@WAS 09/21/2025 01:00PM ET,WAS,0,TE
Tyree Jackson,Tyree Jackson (40059176),TE/FLEX,2500,LV@WAS 09/21/2025 01:00PM ET,WAS,0,TE
Tyler Ott,Tyler Ott (40059178),TE/FLEX,2500,LV@WAS 09/21/2025 01:00PM ET,WAS,0,TE
Lawrence Cager,Lawrence Cager (40059180),TE/FLEX,2500,LV@WAS 09/21/2025 01:00PM ET,WAS,0,TE
Ian Thomas,Ian Thomas (40059182),TE/FLEX,2500,LV@WAS 09/21/2025 01:00PM ET,LV,0,TE
Carter Runyon,Carter Runyon (40059184),TE/FLEX,2500,LV@WAS 09/21/2025 01:00PM ET,LV,0,TE
Albert Okwuegbunam Jr.,Albert Okwuegbunam Jr. (40059186),TE/FLEX,2500,LV@WAS 09/21/2025 01:00PM ET,LV,0,TE
Oronde Gadsden II,Oronde Gadsden II (40059154),TE/FLEX,2500,DEN@LAC 09/21/2025 04:05PM ET,LAC,0,TE
Tucker Fisk,Tucker Fisk (40059156),TE/FLEX,2500,DEN@LAC 09/21/2025 04:05PM ET,LAC,0,TE
Thomas Yassmin,Thomas Yassmin (40059158),TE/FLEX,2500,DEN@LAC 09/21/2025 04:05PM ET,LAC,0,TE
Nate Adkins,Nate Adkins (40059160),TE/FLEX,2500,DEN@LAC 09/21/2025 04:05PM ET,DEN,0,TE
Lucas Krull,Lucas Krull (40059162),TE/FLEX,2500,DEN@LAC 09/21/2025 04:05PM ET,DEN,0.8,TE
Mitchell Fraboni,Mitchell Fraboni (40059164),TE/FLEX,2500,DEN@LAC 09/21/2025 04:05PM ET,DEN,0,TE
Patrick Murtagh,Patrick Murtagh (40059166),TE/FLEX,2500,DEN@LAC 09/21/2025 04:05PM ET,DEN,0,TE
Caleb Lohner,Caleb Lohner (40059168),TE/FLEX,2500,DEN@LAC 09/21/2025 04:05PM ET,DEN,0,TE
Elijah Arroyo,Elijah Arroyo (40059100),TE/FLEX,2500,NO@SEA 09/21/2025 04:05PM ET,SEA,3.4,TE
Eric Saubert,Eric Saubert (40059136),TE/FLEX,2500,NO@SEA 09/21/2025 04:05PM ET,SEA,0,TE
Nick Kallerup,Nick Kallerup (40059138),TE/FLEX,2500,NO@SEA 09/21/2025 04:05PM ET,SEA,0,TE
Jack Stoll,Jack Stoll (40059140),TE/FLEX,2500,NO@SEA 09/21/2025 04:05PM ET,NO,0,TE
Moliki Matavao,Moliki Matavao (40059142),TE/FLEX,2500,NO@SEA 09/21/2025 04:05PM ET,NO,0,TE
Taysom Hill,Taysom Hill (40059144),TE/FLEX,2500,NO@SEA 09/21/2025 04:05PM ET,NO,0,TE
Foster Moreau,Foster Moreau (40059146),TE/FLEX,2500,NO@SEA 09/21/2025 04:05PM ET,NO,0,TE
Mason Pline,Mason Pline (40059148),TE/FLEX,2500,NO@SEA 09/21/2025 04:05PM ET,NO,0,TE
Zach Wood,Zach Wood (40059150),TE/FLEX,2500,NO@SEA 09/21/2025 04:05PM ET,NO,0,TE
Treyton Welch,Treyton Welch (40059152),TE/FLEX,2500,NO@SEA 09/21/2025 04:05PM ET,NO,0,TE
Luke Schoonmaker,Luke Schoonmaker (40059120),TE/FLEX,2500,DAL@CHI 09/21/2025 04:25PM ET,DAL,0,TE
Brevyn Spann-Ford,Brevyn Spann-Ford (40059122),TE/FLEX,2500,DAL@CHI 09/21/2025 04:25PM ET,DAL,0.65,TE
John Stephens Jr.,John Stephens Jr. (40059124),TE/FLEX,2500,DAL@CHI 09/21/2025 04:25PM ET,DAL,0,TE
Rivaldo Fairweather,Rivaldo Fairweather (40059126),TE/FLEX,2500,DAL@CHI 09/21/2025 04:25PM ET,DAL,0,TE
Princeton Fant,Princeton Fant (40059128),TE/FLEX,2500,DAL@CHI 09/21/2025 04:25PM ET,DAL,0,TE
Durham Smythe,Durham Smythe (40059130),TE/FLEX,2500,DAL@CHI 09/21/2025 04:25PM ET,CHI,0,TE
Stephen Carlson,Stephen Carlson (40059132),TE/FLEX,2500,DAL@CHI 09/21/2025 04:25PM ET,CHI,0,TE
Nikola Kalinic,Nikola Kalinic (40059134),TE/FLEX,2500,DAL@CHI 09/21/2025 04:25PM ET,CHI,0,TE
George Kittle,George Kittle (40059106),TE/FLEX,2500,ARI@SF 09/21/2025 04:25PM ET,SF,12.5,TE
Brayden Willis,Brayden Willis (40059108),TE/FLEX,2500,ARI@SF 09/21/2025 04:25PM ET,SF,0,TE
Messiah Swinson,Messiah Swinson (40059110),TE/FLEX,2500,ARI@SF 09/21/2025 04:25PM ET,SF,0,TE
Tip Reiman,Tip Reiman (40059112),TE/FLEX,2500,ARI@SF 09/21/2025 04:25PM ET,ARI,2,TE
Elijah Higgins,Elijah Higgins (40059114),TE/FLEX,2500,ARI@SF 09/21/2025 04:25PM ET,ARI,3.9,TE
Travis Vokolek,Travis Vokolek (40059116),TE/FLEX,2500,ARI@SF 09/21/2025 04:25PM ET,ARI,0,TE
Josiah Deguara,Josiah Deguara (40059118),TE/FLEX,2500,ARI@SF 09/21/2025 04:25PM ET,ARI,0,TE
Bengals ,Bengals  (40059327),DST,2400,CIN@MIN 09/21/2025 01:00PM ET,CIN,6,DST
Rams ,Rams  (40059326),DST,2400,LAR@PHI 09/21/2025 01:00PM ET,LAR,9.5,DST
Raiders ,Raiders  (40059328),DST,2300,LV@WAS 09/21/2025 01:00PM ET,LV,7.5,DST
Saints ,Saints  (40059329),DST,2300,NO@SEA 09/21/2025 04:05PM ET,NO,6.5,DST
Browns ,Browns  (40059331),DST,2200,GB@CLE 09/21/2025 01:00PM ET,CLE,1.5,DST
Jets ,Jets  (40059330),DST,2200,NYJ@TB 09/21/2025 01:00PM ET,NYJ,1.5,DST
